id	label	n_chars	sha256_text
s1433	SATIRIK	201	f8fab9a8f4aa8084bd7b298b2952b4f690f319ee5d3c2a36bc224649857d2eb4
a2090	GERCEK	199	93e258e565780a945517181059fbc41952a1b63cd26a09d8af64f48ab8fe528c
a0021	GERCEK	196	1e709e983eff5247faadef41e30886fac473ebc4770fffe1361db37eaa9e56d8
s1449	SATIRIK	201	20a2be4d92449438d809cc8d539f3dafb9f1d67604d096502a5adc139368aa1c
a2053	GERCEK	195	03f35e0a8193b95b4650f62b57f22fa97ca246eea0d636f373cdb6c49197d0e1
a0377	GERCEK	201	d9fc0e3906fce238e5f764cb2e7ad052966c5c19cfb62021b3f52dca29169789
s1132	SATIRIK	201	ce9208955639fb61b99bd83384a6e84b3be716b5f01a927d991dfdec4e175562
a1318	GERCEK	196	d101d6acf6e092bb52fbcfb046ec8c3f1dfc0be8893b83a4525024181e26f0b3
s1593	SATIRIK	199	a61da28fd6f605352ee6363227a072cbb7f35d2ef24f10dd23d309e483378878
s0864	SATIRIK	197	ccbdca53763ece3198a56826f029039b0b357dd6637114fad4b50fa1bf3cb5fe
a2716	GERCEK	195	9f84e1f44a3d2859931aa521b6e55b04105ea1ca44ee730e41a8130444594216
a2585	GERCEK	198	b880d5743f8c62dbeeb8e01ca6d437565564f760c064e72134d1df3777b420e3
s0957	SATIRIK	201	ca15e1d1b10b63f0a932b4da5d55641eb31c3b9ff8e81c32e1ebec95fb32ed1d
s1519	SATIRIK	195	53734677d0a25cb8f7dad5c71e2a83f29cbf738c315630ff9a0eb6c4b8c45d28
s1562	SATIRIK	197	e57efdb5a23a2d48a228e2a4d7ec0e51dff3bd34e02ad88df5d65c87f155864b
s0891	SATIRIK	197	f992dad5fcd44b1ce67e99bf412cc2938236684c773d2d52d1e7a6a424464f9a
s0527	SATIRIK	196	a2f60a185bfc862b8a7787e0f66f2094a20ac5f00cf3326115dd1a04e0b79703
s1129	SATIRIK	201	76730046658d1dac99dd6fdd3a97d46fe390efe31ac4bd61980a4c9da79305ae
s0597	SATIRIK	201	542311708dc75f45bb3437e6d5a66df237e06e664832c23dba1d4df25a306b84
a0735	GERCEK	198	1c8e5ea1faacf48ddd077197c8cea4da15fd2a4feaf088b94a62a2e8ba667272
a0910	GERCEK	198	40935900c802146ed8fff4e63353f7aa0eff1ae0f55e110bd09f74bc8dc63904
a0396	GERCEK	200	c588a0202da1dfca5fa48323de1c174a2ac6bb024c0d692bc4c94606888ff2d6
s0837	SATIRIK	199	a8619326eccf1a726159a8d2e22d2f8cb1d9418d8a8f2033925e20d82efe866e
a1516	GERCEK	199	2f743ad9fa3481008e36da60cc024a5e2012b280cb2493a5a0e67d7d29d3aa36
a3087	GERCEK	200	66118dd4d539a17e8fa96532432a1482132367ed6ed0e22d388ea2b3cbaccfd5
a2987	GERCEK	193	dd9acba103875fdb1b9cfb69a121e98c2de149590b30fd91dae305a95fde06bb
a2074	GERCEK	190	ea09eaa6df5565ede8aafe1997aa7ac2f5ebc6c447edcf325cc1cea0ce3bc4ba
a3173	GERCEK	200	0dab74e06f1dcb2e1d31f4df5dd655b61a2e246a40873271d0682664a163b9f2
a0818	GERCEK	201	2dd06a48abc96bc2f7566a0951698121d4e21baf58f884fb202570f3d3786b24
a4755	GERCEK	192	8d358154716e4eb4805c45c38724d4992eadb0799d05628e819663a6d66ec63e
a4326	GERCEK	200	0c0271be414f5e9389297ef6d0879c56fc583838fab5941b2a1a483d30e63c76
a3656	GERCEK	198	a4819eacb2915ad1bc0f7e1da22d10e9316236360c2aca20f8c6539a70eddb02
a0485	GERCEK	197	d45d002f8b35007a9e75fa8e83440aa9524234398ab18036da6b3cf910e6b3fd
a1374	GERCEK	198	e19162b150d4499f1282cd454f5d6115cd913e559a0eacf9ea6ebd763da68dc2
s1669	SATIRIK	201	05f2999e5befb5b35b958797d221c5a16a7ee008fd5d77c440ab542b92c332a1
a3030	GERCEK	199	d33ea4fe8f24f299eb4afcb0ea9d2b2014887f8aae04a134467a6eace3f57074
a3193	GERCEK	197	2207766ebe0d969975897a34da1e8fa8b440116cd90aadfc8d2cc9c9e377d421
s1385	SATIRIK	199	86bb8ee03d7c0a94793d70ee10bbe1a78bb9eafae662681e79ed33eb5b13fe7e
a4272	GERCEK	196	57b6420f1cc134d2ac8329998feec0800ee6b7391d33b4dd65961a587506f3f5
a1350	GERCEK	198	60147bafc8e4ee4f12d35b5cfecec314fe05d4a49aeb2608da410689da2929f4
s0357	SATIRIK	197	6feefa3e634453d09d27f77ed2e5531e785808384d892e898f56a5229cb6b61c
a2031	GERCEK	198	55814488fbb238d0d95633e07478707afcb7cad6d137076c47e0918b9340b669
a0340	GERCEK	199	ef5fa4a025bc20bba7b9175551f5f88bc3644370df4140628097fec025c06dfc
a4521	GERCEK	196	9a29f7c7a7e36530ff384bff5f81218eeabf1be01c1e37c7f7bf7aeb1c58e93d
s1618	SATIRIK	198	872b1705f2d50f14b1c7329db0d82647204d0234be5bc89d68bc5bb52dc9cfd1
s1359	SATIRIK	199	60361fa9f40d7f994786ae29fc3af2a891ac9d0991b33cfdbbda07614d125ab2
a0105	GERCEK	201	b7ded5fd4c1827564d06a9b971f855bbd360d40e8bece7e59caab5df95e7776f
s0108	SATIRIK	201	662d87ed74bce8098eae18b5ce31b69cf5a4f3fcb267dd4d5288947db2865cd7
a0048	GERCEK	190	2760d624e8b50e9fea702c300cdb5ae4abe35bdfadce7a2c0aa9189c6c1cbdb7
a1027	GERCEK	193	d710ccacea3003460e8b8d5cfdb3c2407831c4ac1f1c7fcdb8e9c341794898c3
s1209	SATIRIK	197	9f4eb2014e8368123e5f9099936660ba84f5316b5c86aa5ad5e4212d23457868
a1625	GERCEK	200	4f9c14d63bfc978a782aa8a9c4e2d41d247be10d7f42f4de18b56340d03947e9
a4650	GERCEK	189	ddc4d8ce7568fc523d5474efbfccd9ee439d27e55cd03c54a3eb9dcde623fb0b
a2264	GERCEK	198	62ad3d1d8149080c22a94200c443c7a61e2861d59658c419bec132cf08e452cc
s1169	SATIRIK	194	4e81d2f114b685330aef49536438ab30b87a1d9f90169963b0fb98675626e600
a0896	GERCEK	193	9566f49a1da7107b352d21d3cadd8bbdd5e1b91e23c5dd2c9d87b46ff737a0ec
a0810	GERCEK	200	6f18c99f6d13df86de02570333552cb5b52491a91bb6d5627181a87c53541e0c
a2988	GERCEK	192	2a8b8032241e5d05eb5bed2a814727f6a27ad99c8db3c1683b5b11250c1ba21f
a1167	GERCEK	190	18ff6d178b1a07a8a4a744572994d67d8282b674173551ab3202a9329f5b3575
a4231	GERCEK	200	9ab0dce6192784e5cf2fbd4ac00fff25402821c075822c7eeabf07330f9fbb1c
s1634	SATIRIK	198	548b656fbea8189ec19ceebac60da6d47f1843e14d77fe0faec9bb319e75a374
s0460	SATIRIK	194	42498ad439cdc955599cd32230edb40e3945f13dab8dd3b920d9075148d47e18
s0915	SATIRIK	201	6a54b8b01c7afb4153c114698650d939942f57d2cecb189b4ee7a76b591e444a
a0259	GERCEK	197	f9065447a6ad559676f1696778600b53df1725ff47a07fb7a4de922418fd0457
s0185	SATIRIK	197	201f9dcbbddfb21f37ab18e5791ed70970d1f46ea839b3617ba646291b520902
s0757	SATIRIK	200	56db7be1115b908a115b5528469b4f6cacfe5c6c2c70014d68283dcedfd0e617
s0509	SATIRIK	193	e9899b8c0fd64722ea62a3710e78ad2e18eff94f80c1e3982f65ea181d536d04
a4575	GERCEK	199	f5b1a8fd61ae737c81fa3455d6c3597a3288e0b921c4fc9855c546326f0ed769
s0047	SATIRIK	194	cefb1687e98224902ca1795c0057df9b2a18080f94376ce14c6fa7fdb7474658
a1554	GERCEK	195	955f94b8604a77d310de0f60dc3c750bd66a72281449bcd2d7d401cd8c6f00b7
a2312	GERCEK	201	1986b482a310a378064794efa4be210b64d3a55e963ff18caa1052f31fc108ed
a2555	GERCEK	197	ee8526926ff2b7556751777c68b8cc01aacd7c610c8cb19e6b7f8aee26385bf4
a3711	GERCEK	197	ba7e4c0cb8b08580455b76ded9238315d805081622ece9b97e0478595b7fa093
s1128	SATIRIK	196	28f5edf620666e2f490e9338484de6ae91af25b59c999f428e15299a489432ab
a4725	GERCEK	197	7564e3c94bc009d321e679a1fb12231a32385b782a7b3cfb890ce644229ed343
s1315	SATIRIK	194	0035f78a71d4d576f9ddd46e8c3610c8a57b58fa9d8c5d571f013d125a3137e0
a1709	GERCEK	199	7ab386fe01f93346f03b6fd3fecae59bd1b11d3903f099271785d5ead8a33eda
s0570	SATIRIK	195	329b6fee67312a481fa21ccd56f763fa0230f19c15a1b0ec4f1a0b0ad236a347
s0250	SATIRIK	193	fcf1adac6bb60ec674dc842b3da5cec3c043462b365318a4ed343c314a0efa7f
a0478	GERCEK	201	f8cbc6cb627bd77bfe2247b9b1595814fc8842aca5f189a659a0ed1916bfdc03
a2081	GERCEK	199	1e65c01b64108b2e43e89afbe6adc568669563852c2f4be2a850346ff73e49d5
s1232	SATIRIK	193	7ac252999ab3ece8dba73d7707f5bc983eb1c1d694f832f5bcb2b43133d1967f
s0465	SATIRIK	197	1ccdca4e7b5ebec4de28b23394839b83a9358657ab692be5cd6f6c47097010da
s1997	SATIRIK	201	f8c945a1cc9140cf3ebe930e742a8cb99e1ef69150bd28bb19e3aa4f2fbad8a3
s0833	SATIRIK	198	aa9c6274d6470993dac3790c335a793ef661ad38e65cb454b9e72d4a579e41b9
a4362	GERCEK	200	ef92f50b8e31c2d34665acd8b6efd30bb90d82e17fed4fe350a4baaf8f818f63
a1344	GERCEK	198	6835d70156cc5c2bb887c96ca483da0f601ea71ac26319cfce021d2d8e92613c
s1529	SATIRIK	194	df38f21cd5929d4d1bf8d2c49dbc396ae334cb6ab84193b15873d6a38fce949a
a0362	GERCEK	200	14e81ea62e5922206fce8014d70fba281486f668335e9a17b70d349554108611
s0797	SATIRIK	194	6723e80487d8f1ccb65ff76168a4c0d167ec340303fd856da35ea5bb32d0ce23
a0241	GERCEK	197	fe2dede9f95f60a0657c6c771d6e7b3cd89e76071530de457777633fe8af208e
s1742	SATIRIK	198	1d4d1a82db82ea490278a42365129d1420aabe3fe6c6467d93b6af3b00ca0b5d
a2299	GERCEK	192	54a675f0d370cbcc0fd6a251b6e7f03b4f3747efb4520e39a6b24f551245065f
s1131	SATIRIK	201	9d362420b4d8eb88760ff1cca0cc7c2282bf0d5de8c092c76e123a72097d0a4a
s1090	SATIRIK	197	dfec42696d939a76b64c6431465a47fc85ff8ae736f0d1cf0b0984cf4ab62fd1
s1937	SATIRIK	197	0134752b56a51116b6ba4cb966a7a7b3a9b0b037eb14f53dd9c933874c7c8426
s2011	SATIRIK	187	31c1a3a28e2353a97d1a4b6160b24f8e9c15f8e35c9fb629c4f89e01c9d4ec4c
a0708	GERCEK	196	6116a73f011d5fc3feeed029e9c2b407b511e5b240d6c0e9780a6ddbcabf25b6
a2032	GERCEK	199	c20d7d0892c78b7f93ec97ae1ea8fae95b1d23e7db2b17a2c1a0e54d8abd63d0
a0394	GERCEK	193	0f77a5478396f2f4b325b3f44d30c12508dc7fd65c1390249bdada238adba1e5
s1249	SATIRIK	200	7358697f55b88ab1bb17adaff0b6217e1f274fc7035d4633392263a9362ee22a
a1397	GERCEK	201	cee89f3aaa7b8b9db4b290dffca1f4954469e5d0c8e82d970668796f419874e1
s0101	SATIRIK	201	e21f68000fbd1d3e1a8ae12db53127c472232e79d6f412f8bf176eb1770f0a0d
s1284	SATIRIK	200	9534dbc4e6e23475f088b2caff7141e00636d60a3fe2a169f8c7c202f0b2ec8a
a0679	GERCEK	199	c84c3ddeacf13f978ac4c9d0e0ddd057ebcd6783d5ac46425953b66781f63e5b
s1469	SATIRIK	195	f4ca72a04e7c756ace1339f0ea297f471b636b68b4973809ea339e52b209d70a
s2174	SATIRIK	201	a17372479d04354d9f2ea461c5cd7084eaa3c79dd79512d7d03f21decf69ee4e
s1811	SATIRIK	195	8a21e268e9ec974cf327ed85a59af1d34f93973ccb77ba51dd4ffd87f811419b
a3435	GERCEK	199	7f8e59aa2bf5d6f61680d76ca689e82e02eb45dcba7f06165973d864d6038945
s1430	SATIRIK	198	4fd39e141f79eaac521d87d16927cc83b88aab87bb29a5e891c68a5024e7c6fe
a0393	GERCEK	197	8c7fdd0a0805fd2b1811afa3a3d03a62e62b9748744da5be13c39863d15dc632
a3730	GERCEK	198	d1d47da4db295e242704d8b47ae3ebafb8a3f37a0ee5fed6ca2c93b587c965d3
s0715	SATIRIK	192	ed8e6703ab283c4d3ff98ea178de59d255721107fd5f4c278d99fa38d58580a2
s1872	SATIRIK	201	13e588445f0b50cf2eeb627a0128afe7c288e27325a81b582ce7990d485b33cd
s1378	SATIRIK	200	237e69a90eff82a5e7cbafbe5cca763c46857dabad63d8ec8ac3bbb2721824e1
a1067	GERCEK	200	6e6028ca9e2183ea4a2475d0c938ac939192defffd54c160bae0cf73bc28155c
a2082	GERCEK	201	bf783c1941055abc19b505d2f6c6b6713a3c9feaebbf58c4c2cbdaf068779c38
s0190	SATIRIK	196	245202824c9e6d969f9cb7c09c1e19ad31c83bd05305d0a082709b0605e44032
s1507	SATIRIK	199	d772e336dcf499c82d8314c1a0aebbe56d8cbad96e8c6768dc452eb0d77fe862
s1695	SATIRIK	196	93bb817acd4dacd5f97c17056194fa3c8258be6c70f542f6ce3c0435179f9010
a4399	GERCEK	200	257530f15fa7ab8b730b0b77e2f29d66a6b67aedb2f96ee785c055df5d232263
s0471	SATIRIK	194	c0ff2073f95fbb878833f3da371651ca843567c18c8e89ee3d0bcd6195a03861
s0131	SATIRIK	200	39c3cda3452865398a0f86fbcb363ba085304c3e81aa948ef6e5f02f44b66041
s1841	SATIRIK	194	08d1b8beda5b48949c65460fb80cbf744d26c10fdd9276c49081c23b9ee088c7
s1575	SATIRIK	192	52da33be48e2f91e9f17ba0a1123ab3f78c4234a87407e212181a3e6e06738d7
a0300	GERCEK	191	4477f05509b2d78293a8e5e8c86d91a83589f6b8fbf9b7aba0962c6caed09412
a3898	GERCEK	197	295df976c7c5839fc6dff426e7c61e581f5a0a6969a7c57b95b1c23d3b497c8e
a2951	GERCEK	197	fa31ae03b570204fbeb5f7bef81a8546585cbd7af8dc34992b322dafefb5caf4
s1588	SATIRIK	199	ce9dda7680b0f9145663c1740f68bef736f1690e5bd23dfaaaa68f96f5f67c45
a4505	GERCEK	197	8a983bb6b04db83571ec5cfa7251cb1d659c63ca2a76bda6d22241b82814ecac
a1180	GERCEK	197	bd10b33500c8756452899e5f97c01260de8dbe8fc4acc12b67b071fe5edaf1dd
s1760	SATIRIK	187	e9ebc315dce6e865c5731291a0fb558263ffe2c10d89e631dd4a9cbe12866dd9
a2186	GERCEK	200	051ff8228e2f07ec923513f3383fd632180b48e7ba2fd68559550e7148e8be0c
s2085	SATIRIK	196	39724c3b50d16337ea9dfada10597223c01268f776cfc1304b957b86ef296768
a3473	GERCEK	199	679e22f9c4cb77c625701074a4f19a5974c9a0ec3370fb55d3ecce832825cc4c
s0808	SATIRIK	199	6ae80dea37f9931d9351ffbe7d21a700a860256201ad68bc3752afc4ed6c3777
s0200	SATIRIK	197	3df66fd5e1dccadbf3a4b27703d6e7c08515695878188fb2af66dfd76b32df79
s1198	SATIRIK	197	0c0d6ee95bcce0bb32fb6cdcc86659fb85b997a9f05fd83790043109e050f354
s1964	SATIRIK	193	7341fd97e3730ceb937d659683b0bba5e7faab2d79e15f5ede6c1eed69aae85a
a2930	GERCEK	201	4b47db0c72ece35b6d12da36f9cee7df4f4e7bf66c52e22be1f3264ce2fa25f4
s0453	SATIRIK	193	a3eb5389bfb11255798c808714925923605559589f2af768027693527914c626
a0913	GERCEK	198	db177720c731abc94a6a58c742360dd3906112667f6b9892425c559a9be0296d
s0435	SATIRIK	198	5747dc611d25053687e469363278eae6f9c87a6e1c7f59e33b3426c2a537f975
a2085	GERCEK	201	c3de8fb11c20775564d15305f7240ba4cb4be4855c5eda670980a45f79303dfe
s0481	SATIRIK	198	f1cba4240bc5e96b3b483e0db38e92c1677a7727376ec8df1732ff7886404954
a3958	GERCEK	199	7c51b5af9ec0ad15b7481831dfaf4ad3a2f6b45a4a778c5dc8b52941320af102
a2013	GERCEK	196	6ee6bb20b34670d966c1982c87f3a8e31eb62876b243dc9c70b88cbacb654459
a1851	GERCEK	193	40acc2f851d14703f4c224c65df219a27db41b28ef5483b84795477062dace19
a4280	GERCEK	201	b96a59024af74854b8c719b9f573568375abeb45e9698cfce508ccffe0c631ac
s0421	SATIRIK	195	d6fbbe684977cdfd67a127fb8abf244384187fbaaed4d79ae9e87b9cc33bf4cc
s2157	SATIRIK	198	f6fcd7b9f2757b940c6a6a4722a54b9b7e826af06e4a640717377af9676d7d79
s2146	SATIRIK	197	57b698294e42832c5d05daff7c7513e3b9b0c947bad82240f86f0efcd2687755
a2491	GERCEK	186	6310a5c398bce09a63e14bcb670c928eb2b8b43bd39eb5e71534cb6bf31d278d
a0651	GERCEK	190	e6a9547c2cd7b47c886f3a5cd0507ac4d4cc9bdb8ba393915bb3becf25643bfe
a2071	GERCEK	199	854088aca4d0f254719a3630621f1fe88561fe57e5e6c85bd2242f6b71694213
s1442	SATIRIK	196	3f08457bbc12f08f42b4d937ed29300a4f99755be6b3c88224213628a5d276e6
a1922	GERCEK	198	4901513c622cd1ea5cbd6d28e0dea714be5239cc6e311bb7a5220c588b889dae
s0300	SATIRIK	196	f3752b66abf8644c4e03aec7b9f012e009f6720832a5ff8b2a4ebc7f6a358183
a4321	GERCEK	197	a81b2e36e404e1da2837ae723ae9f2972eb4d4ac2258f7ffa23dc5d3c0ad3092
s1559	SATIRIK	195	aaeb6585d57e13dbca772e205a2a3c5814981dd0cb082aff60f1400081b18943
s1408	SATIRIK	201	e28b9a8927bae6b058c20b5fc1946f60a2e7922d8a6411b8b199f32beae0192f
a1455	GERCEK	199	c1c2d8aece96a8a224e27d7411776621f0249b7c7ba367fac09e9fbe7985d151
a4734	GERCEK	196	5091773b4a9f3c5131b847f9545a37fa27088d8a96214623f530f6e2a7820f5d
a0462	GERCEK	191	a75b3f2d3afbbaf1e888b1fbc2bd772a2c3f3f32a87e20e804832705575e0c5a
a1786	GERCEK	197	644de4db50cdb193225785b3ae013cbe0f33ec56e19d4271a14216ccb00408bd
a2232	GERCEK	192	0de7a8b1e8b669a6a8e2a9d65d787280b88b4ecf0cf6a7efe781d9f6c890b363
s1691	SATIRIK	200	88479563615c3955ca509539da7665c668faf012a3787bab5b9fe0f643c9e202
a4417	GERCEK	200	680651485d62b3f28664955e8fa74efd1e66aaabed097e2b1664a8b3295ce511
a1094	GERCEK	192	7e0dc97ba094e7fcc85326de6877dadf8b07a525d2962c372b5dcb5176180a28
s0201	SATIRIK	191	7968dc0779d8e10fec5bc4b9bf8d3faa3602cc1c880d258c386d964b3595393d
s1073	SATIRIK	198	f684cc65b115bb937dba59178790457356afa6cb783211338c43d7393fc2c185
s0826	SATIRIK	193	8f972699e1acf30e00360ad003cc804a4161ec4d6141b83eda48c99a6777ab9c
a1109	GERCEK	201	57d4cd2e11489b2d11a4da4738ea97abe21bf70c673761b556dde1131d482544
s0799	SATIRIK	201	243dd39d96066973782946b831e8b0e28a29cc1ee2f5e13a3a6c58646e557a3c
a4749	GERCEK	199	99f937d472fdb8ffd3549889fcaecddef3d2cec23bd9f24523d52f0a257e99e3
s0490	SATIRIK	201	31c7040fec04bf9805b2caac20a167e88eb49db655b6f4560a4493c0711281e8
s0789	SATIRIK	196	e59aff656e80a3749c99cefb29fe8635dd604a8a4d190c26708fc360485c30ea
a2701	GERCEK	200	5e646318bb4983b7eb8650356be3a1a2e27972e0919e85bcbf995605a932c1e8
s2101	SATIRIK	198	ecb93d01e3bec7a9a0089a4e00a0285ad15a3e1eb950cfa72b494bcfc95a816d
a0794	GERCEK	193	f60fee507680f2f991974d6dcb528634c1ba066f892cd5ad4cd5712f6654c7fd
a0864	GERCEK	196	ddf4c414c9d1b6f09e3641c2ea788891c26332b6bb9bd9079818fdfc90ce3856
s0458	SATIRIK	198	25ef0da213f4effbc17e36c3917dfc7fb293a6b1da04f0ef0c955441a64e5c7d
a2878	GERCEK	195	ee17ef06b9c9bdfd4b2a80414c20396b3bf93743500d908945ec945692b72c86
s0847	SATIRIK	200	6999948898856b8335310df4e33b91350af2a7e59f80cee8342d9f9d82992fa0
a1119	GERCEK	196	e56cb856ffab0c5cc8af47de41a10e7f381abd65d522dc8da42151638ab18666
s2015	SATIRIK	198	42f4c861b8a074277743aeab3ad1a779def3c595b644c8c4deb2e441667b541c
a1845	GERCEK	191	cdf7a9a4f29a40fd5989686898ae091ee3f1d90bd5c74fd1683cd0a074622f44
a3774	GERCEK	198	9f081e54a5c6309243e7f47353d9769cd3a4323af58e3f058f78c46719c43ee4
s2177	SATIRIK	198	aa8da44af5acf6dd7410d5030a95238eacf41d58e875da686d6aae453239bc32
s0369	SATIRIK	198	b47c174ef62855d8cb9d5ece3f12fac1a97f2ac102d839ae4f6c72f81c191a26
a2464	GERCEK	198	ea8b0f6e6c228823e0ca1586e5cbea283b01b469ae2ad77b833c716aa03dfd63
s1441	SATIRIK	196	f0ba4b239a094eaf24d63170f82f89dbad20fe0aff680699d6a362e4e9e52b25
s1501	SATIRIK	199	f993efbab3e78b4da3541bffeac68b5ef10dbf8e4a8a1eaee0449b0aaa1363a0
a3758	GERCEK	191	4536c189b2e82bc66741133a5c0e51d8b552c1ba7006cf8b117407d99710df7f
a0214	GERCEK	201	c2070b8b45ab0774e86d66900de28ae5a064733c4ab0499f241466973bc23631
a4055	GERCEK	197	dab04a7dad1d5b58a2a64ca10da4074d8c6a5bf13bb1cdb8a767700524e8be80
a2046	GERCEK	196	3b6369f9965760145149b62708d15665fa7f01d1b1f15d8744dda32a825fca6c
a0330	GERCEK	200	d33a31e59447c9d40f3828fb513cb3a455aa3d87933b6731150bf7524c9c43ed
s0717	SATIRIK	190	e9660fb714eade75af45ae762b1c55c3f26ce1c8229382d375863da3af74874c
s1604	SATIRIK	197	d88dec8dde50169132b4b65798b6ed43c939522b7cf43ef8c5a846680d23f4d8
a1076	GERCEK	200	5a2094f07d5da7f96d393df55f6f5795b3acfcdc4b7add4191f0a21200a47a7e
s0718	SATIRIK	192	1b75279a83d474a93d8396e513996cd71281e0b644c231fde42839f23add018b
a3911	GERCEK	192	3919340120fdc81ee9a72aa7ab45e67bd73ba9649ec5fdfec8e0bbf0e30190b7
a4467	GERCEK	193	581f220855c32c9fff62afdaa94eec92487758b6198c899bcfac6233b37b4acd
a1288	GERCEK	193	1aa243c86a4b17283b1c6df602f3d04c582262c2b6e1c5a2c17613ea2b70155a
s0626	SATIRIK	192	d873b0f5e9bf0de8d71c8ba104f1d310286b9e0e043ea6e4761cc95ceec90681
s0784	SATIRIK	198	75fe6103704271b9af0719e40e308c066cf68896f181fc44c9898c1516936cbe
a1798	GERCEK	196	d26b40458f47719dfe5fb12600e01e8bb6173271c635a0ae0151050ba8cfefa4
a1342	GERCEK	193	1709774c8e5b64fe80d7a7a813a402ee35174c09f4847935f6da588e2196e1cb
a1414	GERCEK	197	ffa4d6ce71c8684be3e19db6247bb1966c5a5a9807243f3cffe59fe7eac87595
s1419	SATIRIK	195	c1712bbd094b7ae97f4bd5409f71c639655cf2f8143bd04fa36d2352e7ecb661
s0545	SATIRIK	195	abcbb3815dd2e8d1e61ebc56537c23b6283c1da7e9f88c4f751fb2f66ed44521
a3455	GERCEK	199	955e0824b486232c0dffd7052ded6cb7e9ae961f2944d9cae920ae4cbd317421
a3590	GERCEK	197	84aadf5c908aa914c818539a659007e03a750b594394b56be8b6e0a32a83198e
a0226	GERCEK	197	eeb1a8e91cce7c179f41959d04794ad4a83a71c59e13c7eb33017313cecbf6c9
a1530	GERCEK	200	44ed1c406b0d203f58fef9f03d6c52c1cd17b292428313f0e73d4d39079a93db
a0550	GERCEK	189	c55d6134f4904d2a23a54b21b322e5f152faa1ec4e0845c9aa55d6db7f54ac78
a4103	GERCEK	201	ced8f3f1f6d610a37a5a894344c466d342447f059e4c9a70b7af6abe684c4da1
s0004	SATIRIK	191	2313a6ff904a354e30bb0adafe356880b20d4aa353ce89b620ff3db4a9fb359c
a0628	GERCEK	195	adb9cc7a3148ec8d3d8124d7fa844ad5fd0d7f665d56cc75549a406b21cf657e
s0649	SATIRIK	200	7f769f7cbeb582c5f4e8adeb996a41c231c6fbacc373095c48eb46d3965d86af
s0023	SATIRIK	188	bcaaee98753df5d3e4a01d518dc5cc2ecf22fd61fcf36c487984b7529aa6549f
a2014	GERCEK	193	b0fb32350d424cc6d304c658a3ca8ef11db713b689ee933af567fb0cb4dee120
s0899	SATIRIK	194	ac8275d0a6aab4d6cd92fdea3809bd5a62c8b34d9aa63a71482c38f9cdfec7e6
a4686	GERCEK	194	4fdfcf9bb1dee3554ce26921d0056626425e46058fb9d0894629945ccf052479
s1214	SATIRIK	199	10dafcddfae3454ee2258b810b9033fd681f68bd3723fb5cea8f36e4f0f33f32
s0748	SATIRIK	195	27850d7769940805cc34beda689f9925b57939b62b89de1edc453ef31ee5b269
a3004	GERCEK	198	7bbc5f8d982ff455c9057309d075bcc08f891adee2b15d76c8f88a44d183178e
a3213	GERCEK	200	5401d7209e9f3da11e7db2c80ce25ac40cfa58305050204ea65dcb3a98e55cf9
s0364	SATIRIK	199	3057a17a71559313562d10edae4db42f88b23c1a08d459594e4830c5fffaee05
s0661	SATIRIK	201	bc88b57aad663dff7e281c177b9db1b19dae71f0300909215316d8e44c213b61
s1263	SATIRIK	198	19df24be2aef8fa74ab7fc2c9399eb584615b0e6addd3ffc5e5cb7cd5448794a
s1666	SATIRIK	200	0f5ca145e2b9b5666e1ff238bc2c4c221234b2d3a1dd6d70b786a959e13ff400
a2583	GERCEK	200	db1940432306fd50fe51602de2aa7abe2bf158acdd808fdb31b69c94b1e629af
a1306	GERCEK	196	f9d4a8002cfd4c183659e6505bd5cdea3b01cd65f4cf13da5100b2f3caffd75e
s0604	SATIRIK	194	68000d533b4d85251eb7784057c5667dc136d14ca98349eceb42267752b965ba
s0306	SATIRIK	197	7bb3f3089926d7929689658cd1643cc10ed72aa0cccd03a09d6b6e8be62a7c44
s1916	SATIRIK	200	f7179c44205f796e31743d5a68041f16c6a1bc8520b45f5c5822989ecf800ff2
s0761	SATIRIK	196	0ca1cb1dd823e4997517106fd289ab5e00cd6652f042d7a4c7affe0c01552ecf
s1690	SATIRIK	199	57395d9d47ff62b6cea1758e74b24ca52e6a185c1234e86bd188311723f287de
s1693	SATIRIK	198	3dde9d1282bbd7760f1a2f1b57db1bcd407c60d5fd0abf583b62f96862c810d3
a1911	GERCEK	194	993a9c4afb20f82ac15ce1e5cc0f6340af2598a6b03fa926991ef5f98df57e1c
s1328	SATIRIK	199	b601798b4af35b32a703bbd4033655031e789dcb354f40ecfcffd4270beebf57
s0048	SATIRIK	197	f5ddaa36674db2c5ed6fdcfe081fdb2ddc81f36b8846c0a35366f5ebd4ddee5f
a2981	GERCEK	193	dca7b7f51badf2ac705cde52194e58f330d92918587d6672bdfc2f76b5998500
s0241	SATIRIK	201	0118778d662c9b81667cb26f7361059fdd75c40c2abe7ee9d219bd921c82cdd3
a2991	GERCEK	199	86af2815fde52f86348252bb5d7286f8645eb80663653788d5bef51ad1a631e0
s1812	SATIRIK	189	6d2afd6e55ba637bc10b57dae4d713a62da4b8cd59055a469900edb91dbd0147
a1893	GERCEK	201	ffaf7b95b52b9e290294d3cfb8111d21632c1c15c5cfb59a573dac585a1895c4
s0860	SATIRIK	196	a6abaee794127efbf11759bad2bc288cb24d810918cd4f46221408956aed4f2d
s1930	SATIRIK	191	1aa7f7883bad26a597758fc67b426d86f79ebc460761f586fbbbd33b2143b036
a4479	GERCEK	192	e8d7076e3c2b9cc9a66764f787fa2b66d8436e9fdba72b7622bd418fd8aebf89
a4365	GERCEK	196	33cd3f7826bfdfdd3eabbbe2e2ff7273222f10a5709965b895ee8ed95a8002d4
s0731	SATIRIK	191	4be9460f19d6e5515278f57df2ba9bb8134457c98262b463df4fd0f75e4ab7a0
a1919	GERCEK	200	5f4619026b843d3eaffc4d1e36735a752f5ad09b436fd362bdd48e7f9ca569da
s0998	SATIRIK	198	ffbd3efb74405e8ebd647571317e42a2f4e52fdf15f14833f7c3df645239bd74
a2395	GERCEK	195	f0a41b76ec5eee23862c6ae8073194bb6c92116645126f56a23815a32a05b17d
s1139	SATIRIK	199	b34af5b6a67203ae0094ce4e186a0af9ba4f25c52fbad1683da85eab363b9bd5
a1481	GERCEK	198	950c589f93e34e7abc778ebf409692bd799f9018ff84598d7e8dd38085988bdd
s0432	SATIRIK	200	d69f830058529a0443822fb0c6fe26306c0f88ef51009e63757048c5e0228277
a0468	GERCEK	197	3be19f618229ae5b4844df48dd7acd85e9c18f68c93298240ab39a02f6443455
a3311	GERCEK	191	69eafff1a290844f9ff44b4003a7000252035d5f9121c2b94e098ba172d72dfd
a1242	GERCEK	187	38858a4bb8caaff5c813fec81a791cd62abaa0872e0bd4e72eb00c6a608f6424
a0663	GERCEK	195	43ea3ad7f94f4f4cc40230b2de45e55cf4344068bb139d0d881512a4e8cba4ce
s1329	SATIRIK	196	5bc5a599cb445346d1960378ab7aae4b735786481d53f63bf56213e182b8ae98
a3980	GERCEK	199	7cb76479dd490e7f65cc438f584a5b8aa5eadc570ad2f7f6c9288e2cc1846908
a3701	GERCEK	200	9709e296790ec7f419d2f2a3d13a8f22eace0da614622e7f61410f7fef0df941
a3362	GERCEK	199	8c5dc4035036cf5701f3701053ebfbb1656916cd80e7827d20129f3fa2b8fe53
a0481	GERCEK	200	3ce56340ff9634d4a391113bdda09c1649286bd318cdfe386829eaf99f58770d
a2726	GERCEK	195	804c6b04da0c102fe542f01b9970bfc6bf45dfce0ca2788bc30bedb839870357
a2741	GERCEK	194	65b1107b038d3c262af55d6641ae6a14caff788a15b42d32c95c69c048f38aba
s0624	SATIRIK	199	ccbc9596173fa29147cf15d1942e0a6e3a8a39e69696f04eafc27b7dbb431116
s2169	SATIRIK	199	40de495fc3b3168c9ff7eddae9439cf18b69b44e0addc6ebcb79b312a65ac78d
s1698	SATIRIK	194	43e63ad729376370e317258c524f1304d065d0b1d3e5b5c07bb9af2b4107989d
a4768	GERCEK	199	37248972f90f4961d46cb3959a96d55d7352786c3ccb3fd596f900dc766b0dcd
a2319	GERCEK	201	5170bc7b7d4cceb9f97baee6e103202aaec8ea265552a4d7393b914ad5372c6c
a3596	GERCEK	199	126a979d50e08ae4d2e12c8673e38e75d57058df66557aef1f41929e8d6b0cb4
a0645	GERCEK	184	9b445fa47c81bfac6aa42c2c71e10a15ea151c821632bd036d76434977932560
a4608	GERCEK	199	1ddcff17dad9606fc8ad3089f1e849ceceb8e78e3ca382a715d12dbe7a3a4f70
a3562	GERCEK	194	8a2e3520c1dacf98e9d219e7b0d19e286fc31d97e738988e337429b551ca59a5
s1035	SATIRIK	198	e3469ccacca7a410ca35bf1a64487c9bc427be69dfd6cb364d6dd1ebdee3856a
s1166	SATIRIK	194	9e432467659890e39e67f165f7223f5a3b63711c34f79f80d6bb6b2434e02aa7
s1733	SATIRIK	192	52c7a11b60432b570f030f2804602fa6ba18e24d7b01a5b29cde181752d98aca
a0641	GERCEK	199	910f64a707c2161ab54559a087b12eb7644e9cc5c9a4ef7a318ec86216042bc2
s1332	SATIRIK	197	3a8a6b539cdedede57287e0c7c13989eaaabe3b28df01b36b1ccf35dc4312103
s1009	SATIRIK	199	4f5bce34e2c464ee5af7e3dff63fef5504ee76626ca64954d7d938862081bb21
s1012	SATIRIK	201	aa9a27bb9a464598611dfb97e91c8754e6252f6f163969586f2295e95e20409d
s2198	SATIRIK	199	89377ecc352963b4cba4d82f3f4c92244de5d7c88018bc4873a7e988a9836a98
s1934	SATIRIK	200	e733280968e768a45d21f5494fab43359c868b36171e6974842cd9ad606824c6
a3732	GERCEK	200	caa51f1ff78419b0b6b36f10019e29c02625a21fcaaaffa415de72ec1d5fa9e2
s1549	SATIRIK	199	d0fa38e389c1c5b20a636ceb09aea4897c476d5851c90957b982dcc5f711a1ba
s2076	SATIRIK	200	192ae4dfbd12bffa37c99e0eed6a5253e8d4f533ba5c6c0918718ff2f650172d
s1252	SATIRIK	200	6b8e3ccd578fc525845dedebf45e81e879de765bbabfe5b6561951e98952c40b
s0658	SATIRIK	201	25d8f1b2269694557f9be4eba44f18cab168a69981a5727a36dada61a56ee5b8
a1249	GERCEK	198	9e89911eaa1e245cc5c77bf062e786c3eff626dc62c69d45aa44a27e01460cd5
a4251	GERCEK	201	724204e1796b6713b32d3e98fec6b168de314a0bf449e51132ab6dd5cce63497
s0096	SATIRIK	199	df2e236983ad69c7f2b91a45e9eb93bd7f6a14b00864f86cce83a035d6736c62
s1413	SATIRIK	195	4c07972b9566168aa2b07a4bb7b0d51391ca0086bbbf49a509f961b2e3b26769
a1550	GERCEK	196	1362af160df3182a47306abedebb3f49a1184dc0db117997f3234ee53fc1e2ef
a0193	GERCEK	195	7f353b491d9da4f2ddf4db42a96c3f8dd586d2c5646baf8a77de2cce451fd350
s0773	SATIRIK	196	821495a018189e4ee075f8c82999346bbc0dec337cdccd07651e60cc1af20e8f
s0384	SATIRIK	201	95c4c073d389ac00850d1af5fb51c86f1a0f17e3054f2e6c53e16773ffdc8a5a
s0449	SATIRIK	188	071bb84d427016ce5b791e4d4f18800648139b8b7a40887759bb1c783910870a
a4776	GERCEK	201	ff2e510261cd49db3eb9b0567ac41b2f226efc2b4c763d98ecdeadcd1a7d2de9
a0082	GERCEK	197	91c33b4566abd4b7fa49f10caf0bc43405e86a5b87c7b8ce79371ae4da2d6475
s0518	SATIRIK	199	afb91c89b3bf8b9b740eef34612dde74cd07c2aefbe598924658289ee69000f9
s1344	SATIRIK	198	ade5d2a2a314acc9463ae15312b6d419195091e96becd181096b49cee5eae1d7
s2116	SATIRIK	196	c5bc2b733e5b49371b1fabb875179cb98b48f71fbf6ee77c5e06ddbd0eb353b3
a4328	GERCEK	197	bc61afb124c959d495e5e38ca8463d138e370334ce3934f6b7d71460746145ed
a3432	GERCEK	200	cd7e02041e5f49cdc3187fc19782f95aa0da14bdf000fb7764554b9ea334ace1
s1932	SATIRIK	193	749b292a38142db9acc6eb0d43ae968bf00e110c8bde39ff17d61bacc3d89aef
a3286	GERCEK	200	9398328909ea6e50c07fb5ec6a81e43508f8c1723d7214140fdc42b6266a5dc8
s0952	SATIRIK	197	f7591a41bc208dd957b173f076853863d2e021d4ecf099a6d2c3243a113c233a
a4287	GERCEK	200	a6c4c4347bfe9f8da00553a0f0c64234547e9f87a58072d4aece6e46c070194a
a4391	GERCEK	194	71eaa42da7f0399370c32731120ddba39b4a64c799feaba81a4a8ac7be5bedf1
a1208	GERCEK	197	4a142de2d0327fab460c78d3784cc2cd7d95c391b5aacce312fc5e7317037af2
s2053	SATIRIK	200	d1c53ae24a79fc23d5c2f2ee7186d9ee520cc1f205974d96eb70410f3ee2fa7c
s0843	SATIRIK	201	678bb828998a6dbeb05496fcf389361140d1461955b81a0cc832f2db6339f1d0
a1380	GERCEK	195	8a1d9b1b5cadcc9e90a7a3ce8f8811ea83ebf327fab3e3088e357bac2bbbad87
a3928	GERCEK	201	ea082c81109eea97d3bcc6e6fcb83eae74c1721ed2732985b70aa0a60161575f
s0491	SATIRIK	197	7eefef6ef6dcd4c2393174b2e6f87dcc83812ceb178956198412094af1c5b69e
a1370	GERCEK	196	e7adb59a31c6232dcc3bd0f5464f3ced6f873cace34d0ef930b99e7157faf8c0
a2110	GERCEK	200	505770eafca775b5cc0418f7a58f8e5bcec5ef4aec9eb8c31c5069d431fceb0f
a0726	GERCEK	196	6761d25ee62d07f1891c52c3784318d658e0a740d54a1373a3299f32f08e6da2
a2731	GERCEK	194	b1d0f7fa65269b844134eb2303e987159d7c843e99bbba59df4ff1ccd26f7e15
s1206	SATIRIK	193	64af23bd7ae5078e32215bcb4419d49e410c6f5774563ec0958e2e9f1755e924
a0598	GERCEK	201	725d2194300deabe19ddf21a946c20b1b5494f79a81ce11a2d58212c13afa929
s1431	SATIRIK	197	53192a77ae049102409cd059a522d31f39b48b3d8cef1051caa71d56aaee0ee0
a0333	GERCEK	199	e06e77f6c4da25a5170eb1330b918df4d9e0708034edfef6607f55d8cec3e724
a4026	GERCEK	197	9af65f27d068a0521222d253a915fb80a4c9b2a9e0509ba455afa142617d4950
s1745	SATIRIK	195	8e6476df0fa1b2f75c15a9d5b8e751ee7119e7f0e7baf32362a2db1de1b31a7a
a2289	GERCEK	197	e972f889bb108bf0d52c5515ebd6af081439b5d34a3d922d9c2f6e9168d9bf12
s0274	SATIRIK	191	454112b817f7127d88fa999e613c99ccbc3fb7e5fbf828b8ef61d95c52e05415
a3048	GERCEK	201	6086bb606b4848d616ebab9e590eb5433b8c805f56f6189ee85e27c685879c6c
a2925	GERCEK	200	61de3bca31f0f02a11b6a17dca277ceb14d38a168d576ec5f27ee6b2bf61e4b2
a1670	GERCEK	197	f965601963686d0ada7a42fe48bc04c44c9a1cf1c05badbbc57bdd5c8276ae32
a3053	GERCEK	195	de881df5bdd1b53381c061ba7d8e08c2a0d33562bf1ca3f9ab395a6fe75abe88
s1472	SATIRIK	197	cff3339d1367c4a81ea951d295ad396c4192e186aa59aa30bfb2cab54f0d193d
s1081	SATIRIK	200	7ac819e2a74941e671385619087890e112e892948ef0b81d3b95062b00fafea7
s0781	SATIRIK	201	984885c5ba79ea0d121faa76992e0d1ed9c04035502b0821bd7098ba3e17ceda
a2693	GERCEK	201	01807a0a257f80518494898f1385364054734166211c76575c9a25e00f993535
a1476	GERCEK	201	678344e8e54b04b714a1acec09f56cd9aecf7dbbdf5266579c4fafc7e2e67e11
s1767	SATIRIK	200	4b3263c3ba3875d46fc1080e9b4a53f98d01b4e6d4f1b21d4bc0eef746652a53
s1255	SATIRIK	196	87d8d25e83bc10198372360a65f5723da770ac16256cc5c3956b9a303c83d75b
s0093	SATIRIK	196	8ea16aed49f2bbfa9eedf79cc06a889bbf6baf9e4e9c80533c2b200b26da13f1
s1862	SATIRIK	195	8a14b1380a8b5a7a9256b50fd2b3ff8f486caa4b7dfb73348c413db670798064
a4338	GERCEK	190	bc91961a55ffe672564688557886465e4bf8a860dd0f9a1347bcd772669419ce
a4352	GERCEK	192	a7a45819b8b7edc6ab63bdf1bcc789e18f269aa7adfa6332886245bf8f8dd977
a3453	GERCEK	189	6e7238af599f2eea644ae0199590a69220a7312f18ec60f7b6a504bfe6a3a1ab
s2012	SATIRIK	198	570fe4c29e6341dba062da3a7ce6acad9563cf40a5efba226fe80725936513b4
s1777	SATIRIK	196	487fb65841aa23a1610603ed50ae3da76cc742aff234c9281414dfbe1124e358
s0646	SATIRIK	194	3af5afc029f2d1818c1a842c8ddeeb6a23f45ff860740835e0943719f08403af
a4471	GERCEK	196	8355bb04a77518199ce20b685c3f79379cd7f00c69bbe6bae84c889a1f9323d5
s0991	SATIRIK	195	abdd043cabe7a5827d0af169fd719a7e2d348055176b15ef3dbf658301062244
s1682	SATIRIK	199	c4244e2db19f0113b3c613271f643725d360e3176f6ebb8ed93eeea451634b5f
a2036	GERCEK	200	2cbf02e770f5d6f38d358a26c1c2535d648c60049f2ee90186f607341a4a92a9
s0576	SATIRIK	194	aef2136babe0c106497cbda007e7ae85fa5f7c35cfb1d4e0b59c748e78798c9d
s0954	SATIRIK	186	e1f69aa854098b0f62f205946b8cd48131331abdb9e7cd52deb4e52cc7cf0791
a1875	GERCEK	200	7cfd415a5abbd23a4f7fb956be5bcd8c5f3042b8e678cbaad23c3f77cf58defd
s1792	SATIRIK	194	aecddb8082c0cc43ecb70fce7625b6dd37873279ac0a337dd599b891cac69950
s1573	SATIRIK	199	36e516280a590a8ee4b2b8ad8a4463ce1aea1b8a8447ebceb7967b9be788da08
s1958	SATIRIK	197	5fd278ccef3754de68df670bd64035c32009e944c9ff2c98f8aacb289ef1a0cd
a0092	GERCEK	199	741242f4e8e33cc14116306f257c6034272263101ff5b3f06e35765bbf9d1618
s1326	SATIRIK	200	270d297732c9ef5abc1d18f13cf1250713a9353d03af3805da8e55d5cb1454da
s0829	SATIRIK	200	a6e069620c4da025a49e58291109eb3a202040e0ff85411a08e9434f4f871269
a4306	GERCEK	198	fa8755f6f14c931914d83232b4f33d8f3c7d1af1122a2129d2a2a451c8c4eb0a
a1586	GERCEK	198	5c6af99e36515ed6d9e9435a2ee701e0aad7f35d405a0a318aa0ed6911c953a3
s1130	SATIRIK	198	8ec801f7cbf355589e3caf08a2ab71fbcaee8676d0de6c55ba01d5a6f2718e77
s0557	SATIRIK	200	4599dad98725a72d36d1724d8d69ee4b43bbf36f6aa1289cc82792ce8ac45b3e
s0335	SATIRIK	197	04af0978cea3376e27e1170fe263a594103f17cca293fd8326ac6d97fe605a73
s0712	SATIRIK	199	d7436dc65e95709da2f32bbc72266e910664798ecf51cce217513606b1e5f47c
a3002	GERCEK	194	1017de9218596a25dd2a420e4bebdcdf3982f12a9c21af23b9537dc6ba07fa0e
s0588	SATIRIK	198	a9f3d1b8565243c5e7105db33dc5e461300d068d8ac5b28bfa473c3691350b7e
a2439	GERCEK	196	081770e8812678796fb9efcaae6706007961c17c9a82d22372ad3eb7bfbc4644
s0589	SATIRIK	194	c4374ade51887245af0e7e8ee7460eaa2c87c37a13d9b7179a0e60680632e6d8
s0343	SATIRIK	190	4ae3d1efbe98b28e7d479c752c528ad864ca34954854763ebc1ddde3736ab5fd
a1127	GERCEK	199	8c18655e44761325e449f63dde842e39c35464cffa11d5da879dc81cf4e84243
a2068	GERCEK	196	59c2320b858efb8490ff3be6a42dfabd2697ad6f03ca522bcf5ea680f25f7444
s1482	SATIRIK	198	a0b0052ca452659a4e572940f3eb6d0a1941a589d7d6a2ac35a35fdbcd3d6a60
s0689	SATIRIK	199	c5bff1832f34aadaad479b219542812e15d32060f456f9b54679f48e66d5a17f
s1379	SATIRIK	198	44a898af4785974dc8c8ec521a5704bc3225a86d9e52468c3b66fcb098249e6f
s0857	SATIRIK	196	b113be8162583820a2f42a6bfa04983645222a8475e3ca1fea2fc0c486af72e4
a0653	GERCEK	201	265e39b3bf9bc7c065244534d340f8813a07b5b1a9e467676dc05c4e96fbbf89
s1754	SATIRIK	200	a9e9fd914c809d2ad8c8e5ad84fbd40f918a6ce9d64fbdb1454b79b7193c2e4b
s0995	SATIRIK	199	dd78e4f2e6db2f93235871a08632ec88c52ed0f9843f4c00ea982ca8c2ca8b22
s0016	SATIRIK	198	8e0a82d7f7a5158edbcf0c90e8f6d81d023808e50a2c36eeb122d5d50ef09f72
a0147	GERCEK	187	eb24317eaff02dff30608e390925bb3e03c646c1439c563eb1d7807e1a5fece0
s0965	SATIRIK	193	15d724cc091687516960694d390d804a924c2f67bec02aab068b08b36a4286b0
a3835	GERCEK	200	79144960b23110fcbb0e8e170195fb4b3dff9146c68160b144c4c8c5c7519025
s1940	SATIRIK	196	b7edd820efa3c23007a5de11787bcf81a4a832e596f6846278bcfce989881d7d
a3663	GERCEK	186	2558d563a30ecf412565ffe6d075e94038a22dca3717083fa10dc3f9f19c120e
s0116	SATIRIK	196	83ff2d62c2563bd3bc28ebae8c2ab45176008025dea46000aea2a78d0510cd89
a1163	GERCEK	197	5830df087b127b111fa4e95421a593b7f8fc7e94eafea9df8045b2590eae0726
a1093	GERCEK	192	1f725d5fc760bd8abfddb80a46fbe2096d58e67d19a0d1eee78cca4515ada7bf
a1121	GERCEK	197	213284bda7a2cbc8ec0b616e23f80c1435c3076f8a4b748cb044f3c06eb13781
s1556	SATIRIK	198	a86e79a686e1f3aab3625ee18fa8f5178efdaf4a29b090dcf8b950832c9f998b
s1810	SATIRIK	201	7a8bc9e630991429beeab9167f52e06bc4ef3db1de1d4c9098c4c60242add243
a4123	GERCEK	201	203d01f9af30851336740e0d31b838a9c456da7c5c95230802de5456d44b0e54
a0339	GERCEK	200	9eec8e9bf259e0b606b0cb6730ad352150f43f48357199842fec4370d79c3fb4
a4185	GERCEK	201	349219d24cf48a574985a489577b7c64aeb3c71c65aee9b32013fc38201f7752
s1611	SATIRIK	201	af07a6263018b51cb7cd6bead56b7efdb748e976185f3e84b6790284cebc2815
a4013	GERCEK	197	abb90c0e399df0428e9e4e772444cd4b5391c9cedfc9b20d6e3a4e0537d1d18b
a4603	GERCEK	195	dadbc353d1acbc704f3179813ab1c86625b37a2dde5ca53b36a60be49a38143c
a4164	GERCEK	196	1539742812ce6d5eaf2ef22c17801686d052839e3b9dd042379191ed58963c77
a4053	GERCEK	200	6855dbcb679495d7335e384095cfcfaab02d3f184b949a5fefec23510c694cb9
a4319	GERCEK	200	d6fc8477f509254ea6c1ad73c04da7fb35f79a4e7755bec3b55fef71a8bbca16
s1397	SATIRIK	201	e507115c14bfcebca13fcaba2b48f082c77be84f4b35c215578cd8b6ddb3e55b
s1171	SATIRIK	197	1f46c497ca57efe59e8972e892fd534c46e3ccd1e7183c535301bbcba52ec228
s0067	SATIRIK	196	1862c47c23348aa23de9d2cd9b22fe6fae6d503dfa7a463c1d958985836ed9f8
a4318	GERCEK	189	e857122eec0c01a74ed5fd0b270887c9ad7e8b00c916f9d588c718f0ddd2ac2c
a4298	GERCEK	198	ca5ec8f216e3ad7a939915d810391c608d8a30ee2920c450ea75bf6023fdc0ca
s1387	SATIRIK	200	88c29e4bc923f94a33919103166e23b2b6869deb3713d380bf67bf16642e2260
a1351	GERCEK	197	f5cbe34ae2e9710429d079b3bcc27a07da7a978af6da5283d6dc843952b180dd
a2481	GERCEK	195	d89b871694cf328629c7db7b967fca1df03cfdd09e4d0749d8f9110dd802c633
s0296	SATIRIK	195	07a7aeb471f853389d762ffc651156831eab33627d5838b1b855f423f942cfac
s1119	SATIRIK	194	ffcbb8d108607d00f50e17fb956e98eec77c981d19fd93a5399f10a6b17256a2
a4063	GERCEK	188	32d24b4f2aed7f0838a17e6efee6d2cacdb33e8c47296d8102795e2c0b107cb2
s1228	SATIRIK	200	180b4c4f2ef9c25d1bae4a64d0fba2a833be6438875c4e04196fd280354ab1c0
s0092	SATIRIK	196	bda089ebd461af5b60e9f16f64dbfe8330d1cc6e9859aa45e90c361117726640
a0018	GERCEK	198	90b4378b1648c534f9ff906f9158250f560622d48df6a404dd857f78cde4d5af
a3315	GERCEK	191	d5267f6f5a6097618b5eda91e4c4afbdcd2cbe301bfce312e342e77f2c9e16b8
s0917	SATIRIK	196	8c3cc9fa2387529a009ed04c4f36432d907252c52956a5f4343a0917c2866e2f
s0549	SATIRIK	196	b6f69c6d11043a459fa8d00e625b8b2fa8f47abd69ed1c36b71bbd88a419e962
a2673	GERCEK	198	8f805f0a91696136dc2acfcc3853303cd57994583078a7eafe454f0313c199c5
s1013	SATIRIK	199	3c2269c379ec186e42450c540986364ee8604b90dea24dc9729d70d981a2cd56
s0859	SATIRIK	193	923f620dbb363f56507de5113a50b82dfa4944749d94eba36bc22b49b7b825aa
s0754	SATIRIK	195	64e721ffb1d99973d9d3b28a960d28f94ce76250e60dce9a3088e216c8528802
a1904	GERCEK	199	4aba36c2ab277e6dd5e91f6c4838f3d50e745b6e32a8cc027f10a27bb23b0c94
a4574	GERCEK	201	b38b39285f51584c92ed6b017b95631bc5f91bb004a7b95fac8f64d7c805cca1
s1514	SATIRIK	196	f251cc738c8892dbd478f2d614496324bed9c77f8c4d1fbb1c69b50b5eac4b94
a3672	GERCEK	198	8ce8fac87f7ab3f00f3ad1b85526abb5b34f3db7fc9193a138707176aeaa5417
s0895	SATIRIK	200	ff7b74a4aa80fe4f1563b5ee4f8214e2c14ab3bc1342f02a9973d63139a1b684
s1911	SATIRIK	200	a9964cfe3012fdb5dcba0dc292d14b025326d22e74da574fbbc7a2b1ac7da9a9
a0245	GERCEK	198	a6a25492d3afdbab2968f1a141dc3a5e82f0a3366afd218a4fb6c09fe523a707
s1471	SATIRIK	199	30acf52959ec4683dca62d4e904c80014ee70bed85ef9e3c575d3850d6cf0834
a4692	GERCEK	199	17ec0196ec40d4e144c407ba6b6cfce20bc15322531d80d6482723feeadd12b3
a2238	GERCEK	194	44b0d4661322c546223f22d81b8e932198722e06a1d7d97777777447f7e8dd17
a0152	GERCEK	193	097d21576f67f89f9f015e14325b4583dcc53dae7f80ad95b59c25fc8ad72df9
s2199	SATIRIK	200	b5e697645066496fd4f274b372544d2d8ffaf64f5e8861f777e4179f7c536c0c
a3147	GERCEK	196	f367df4b3700a9c3195fb84cfc7be10495135cdee29b54d5802a79aede075c5b
a4547	GERCEK	198	abc66b4f9dd35a3a0b162d5cc62f913bd5337cc01a6080ce6abc6f2e3f83a4c0
a3388	GERCEK	196	368f39a2737c8cb0b23f09057fd323311ad00ba52c8f650907bb9014c50797db
s1454	SATIRIK	201	28be5e269a3deee9e1f35ae2ff5ee5ad6db1edd96a81325b158a601d9b41d95a
s0880	SATIRIK	201	30cfcef1ec50830b8f6658033a13c014dd1beb9e8918b9a215be633d1bdfc680
s0720	SATIRIK	192	794dc6c84c2ab60903c322a033219d0f31f70531a6a277cd65ae4dd69fce86be
s0567	SATIRIK	197	11ddcd87626ab704cb2da6b4910b1a2c225a64f0fa2ee7d91a1351d53a56b374
s0053	SATIRIK	199	529b2151afd4b772b8e250c289760993b26ae56be477c243714bbd44df58d9ed
s1889	SATIRIK	201	bc4ed58d932c58df23d74262a64277a17a2627d336bc84e7daae66bd1b628337
a0103	GERCEK	193	3580f4c1c7b13f9f7c4c417e8939560ae0c6f3dd913b6d90e797298b47bc368a
a2860	GERCEK	194	316fef6b2e418d0385b682ff0935d26a4cba90c532a6f35dcdff11c99065e86a
a0202	GERCEK	198	a740e9d52d684bd9a37924fe396ef77ec40f0476bb7745a010ea0acf578bd59d
s0875	SATIRIK	199	d7ea33df9b9684f318298d60ba50a1cb41295e29fb8b0763885e56285f017acf
s2128	SATIRIK	198	91f69a2e8109d68c4d226c31fc306a78a56db9fc02abe454e6126ef85ace35f3
a1668	GERCEK	200	70354882feb347f06dae6b85530eecf3a4cac1a30167113299f7c7e9806d7b5d
a2094	GERCEK	194	d06752aee0634d8d34c437e5953542bbf22305f0b5b4e0f1fe508f81b8fcf496
a4043	GERCEK	196	dffd0b53c90740ee42ccf1f23b4dc643c60a742f71245f634274caab77765114
s0729	SATIRIK	198	ee046fdeff682775ae31b48be1e614ceef3941350ee5c404f351478be7407e4c
a3290	GERCEK	197	c895109567352e0100ac09a8d035e7d28181532d9962b5d330fc70f1923324c5
s0039	SATIRIK	192	7f43374e4ae6503c1b78e548a7a499dcc132c996fef4f9ed2c9cd8e97e237893
s0255	SATIRIK	196	641638f176ee1cc59477370227864eb8e070f457c65e57dcaa998014248d0c55
a0189	GERCEK	196	38377746fc0b8208466837a1047f31cc53b3c5cd9bf1e266d997e5091f833b58
s1866	SATIRIK	201	7fa33c7c16ca61834af05065242d3e31e25fc97c6bdd22435b0f13e6a0dccbc5
s1709	SATIRIK	199	781bcee9462a9372a422edf1befcd8f04dafedfec84c437c5f5938c2b8e6eb60
s1927	SATIRIK	201	69d6df46ad07dd89e7d3b5f1afbf0585947cdb64de30d815536e4f79d513997f
s2129	SATIRIK	198	e4cdc012c5ecd4a14ebe1304daa9423af0619879aa884f03b2f65143719beebb
a0344	GERCEK	196	c2a0ea60d57d4a2913acd79beea018c8c9527e5a4cfdded02bb5a5889bdb75f1
s1444	SATIRIK	200	e31ba91cdabb4971a90310bd17bba959298ee1687dc55182a4b5999074fc1b8e
a1384	GERCEK	201	0427e89a9fa2e8d0fa66d2f29bb416438382d19f64e53a6feeabed524f8b8174
s2026	SATIRIK	198	abe539644dc308223eb3253c145ccc75763ef864ec2fd7729ffdc61863bef1ac
s1517	SATIRIK	199	3c297b0b04cc4de0e7c54454420311511451cc6dd8990f8c266750b13892edf1
s0641	SATIRIK	195	bf624ad83d5dba1fc5276634ba5f1bb9474e1cf1ad5ef19d3e992f76efcbf199
s0950	SATIRIK	197	de004ceefc6882d8c4223c96d26e856c0c4a2d231312cef52776822ab3c4c2f9
a1392	GERCEK	201	32735ea3f7044755c321011999932762b9412abdd590acb815aa02ca1f888e5d
s1242	SATIRIK	193	80d0adfd900540ec5684e6b925ec2c51eb797aa2facb0eb2668262620d679009
s0975	SATIRIK	201	2747cc6105f161a4a181cd32e60f295196984e29c4471dbe716471ce80c03527
a0452	GERCEK	192	c5b2833aa8ee81cd80254ad23ff71d00a104bf5c3f385b9e55d5a7dc892669a9
a3541	GERCEK	201	0045e829c7c04fcb10a2b40bd757e5fac8a5bf4dab8e63aa978831e59dc10615
a3393	GERCEK	199	9696ed3a9e68243ebcc68f9889957eb5ad7e17e6358a5f061c0eec9fa81ec164
a4832	GERCEK	196	70210c8999e44bd9fcd2564c38c69be82bba50752a1ad43e20926f70a79bb20b
a0361	GERCEK	199	b7a0c7c4cd3ff228c460d6d65d76dff3acba0be313709667845b4f346680fa5e
s0621	SATIRIK	201	e8ba1d70286a72b0e28154de9b718a3e74ae616b4c199469547a21e96240de61
s0898	SATIRIK	199	e35bc6769ba5bcddeffa5e2339031137eae630919c1a902be3298e6180ee8c85
s1222	SATIRIK	195	60eaa51b3dad396b7cd52f3df95c9bef9664fe3486b6f528288998c08bfd00da
s1416	SATIRIK	197	6102ca7b249883103b8811810dae13840dd33a1a02990bbd94da9c80362b109f
s1320	SATIRIK	197	1da58d83088893446eb841ad8c9c712f48538d470a4a6a8ba035ac3dbd6836c9
s1581	SATIRIK	197	67884d6315626728b0b528fb9a6bc0e900b27c59c5bfcdc5eb9c9a4391bbf259
s1965	SATIRIK	199	1c02fd1d48499c89866d9ee592e055afe51e3eea172427127a8f639b7cb17e5d
s1528	SATIRIK	197	d90de8477c49d420adeefaaf9db1f7c57e50cfb8f9910920100d353b5079a4b4
a3754	GERCEK	196	8c5ea3ed05a4db8da72356d9f645c6cc5282922871e84d377624f3d522c903f9
s0921	SATIRIK	194	91f8f87dc9ec7762aa301820a71a51255e11737f1b2490beaa3ee2c03bef6f8b
a4160	GERCEK	197	3d4bc06d0c59dd0e551e86e875f2acc3a0d28c0a629d60150e8572aec8fe0322
s1301	SATIRIK	200	67a2bb4c2373a8836cba9cb109c6b930823f6885ba43ef84fbc59cecfa3563ce
s1089	SATIRIK	199	0638e56b8a300ce9e05cbe6ffd3288f5b224264d2be6200e78d7a96ca9a467b0
a0192	GERCEK	200	390af49d567763c2eebbbeadea2729c33672e3d672d9f6e8172200517604437e
s1277	SATIRIK	192	fc2139731504df34173b37d015752ecd46a0d296ee60942aa775a373dd4af5ea
s1571	SATIRIK	187	b46d200839b2ec800e3c20e24fc980b947539268cf818fa4876eb76b38e200be
s1900	SATIRIK	196	82fd5d190b869f183bed83ec3a3c5e0375e8d3016fb282bf5bf9a3d1a16ae75f
s0503	SATIRIK	191	41f79938541051fc96901d885213606095a2237978fb8e5e0b7e23c03500458b
s2107	SATIRIK	196	8097f19a9d847ace182e43c9441d77d3ddf1672f469d2d23ad226981f6080799
a3422	GERCEK	201	5baf0882a00ce9094685098cba21043fcd742d728230d4f562573f3bdc1406ea
s1616	SATIRIK	201	adb107a00a52420b4b19121682974c590a202b68867fc1a06594733052aaf011
a1632	GERCEK	199	49f16249e483f2b4a8b8fefd0af3c536f08ba78219b37a650dcc475dc5fcaf4c
s0923	SATIRIK	199	7d8dbbed6188520384aee60e9208b403d3b7d1c08a4e24583b144af8d3498df9
a1054	GERCEK	201	f8c62bc68fd4d140326737b29cce0d8502fdaffc726abe192d87b0657165e887
s0263	SATIRIK	198	4da8eb4561606fea28e01ab1cbdea206a14efe96d2f838dcae559b17791ddcd5
a2150	GERCEK	191	7aa9e43a5763b13cfc13ad55fc2bc0011d877ca6842d3e5a72e2d93bc03377d5
a0136	GERCEK	197	2b9e9451cf3d36fc19484da4bf049b6b7ff4408c4ef1ed0f6041ca778142e640
s0977	SATIRIK	193	010741abfd47320bddf18315f11f5ddfd7bbed9a49b6e3939ea44388dd165724
a2973	GERCEK	199	74b047ba7c7a2f59eda14951c2a406bfb25445eb2d3124999163f7bae28fbe0f
a0886	GERCEK	193	77a418bde36cb29b12af38ca621d48729c83ba2f7de5f92e09e7ef65b50e42af
a0697	GERCEK	197	1f5ac2df6c3460be6ed926d4c69400fec9f186afcf9b27cb8d2c01e226b5f850
s0141	SATIRIK	199	28a6e085e5c2ac171878c7a351bb99cc3cf54c477135b7359ba06f8e6e64a535
a2463	GERCEK	198	7fb0bd51f2dfc97b91596345c8fdd18fdad5878bb3dd8b6cc5ce5b657f590cff
a3949	GERCEK	192	66516c8342651b64fb68ca842d4d9b9426509306e84d6abfaf6241b38e12ef6f
s1977	SATIRIK	200	4d15a13d478ccd053d3c619f49bd7ed85659d156005cc20f158b4b77ada90f69
a1699	GERCEK	201	41d3ba940bdbc7e7f56276eeaabd48f263a256439a264aa3f15b4424502c4550
s0690	SATIRIK	199	0ae54b02f88568da7febcb2e18b8950c63b8679285d9e6b7b2830538b8708811
s1323	SATIRIK	197	72d5329cbc304c3f26b8278b33bf17908094ec9c0f37a9e0fb33267508191e9a
a0791	GERCEK	191	7f64a3f0b3342ac7f44dd7c53c6a5dd34ba777becf234cd981326ab2b6d61357
a1617	GERCEK	201	e0de4d734f1730257760a5026399b50edb68c875b1f21297a9bb890992fc2598
a1059	GERCEK	201	82b62fcd49781b0cbc04de29d933284b76e1975f998f6d5b286c464e65920e9b
s1085	SATIRIK	198	c793451759a22c1154419207c821c1a7fe8455effbd20cb1e9bbfff4854fb329
s0485	SATIRIK	196	c8cad46b73ecb24704ca8be75d80515d4a4cd9288a97acacbbf381ea3b4312fb
s0399	SATIRIK	195	dd60f0acf009216e4d6dd28211cc5d2118f5097ea2d67369990726b2e36aa07b
a3005	GERCEK	196	d5c65a08212e15b3c25d700005e5b84e5f76820c08ee402c676487642760a831
s0193	SATIRIK	201	238ff1273bebe6b72588facabe27dd5b449d31edbce91332a4fccc42cb9f01d1
a3668	GERCEK	198	5d58fa84ff54c2837110bd68cd4888d7ee7b969b3a25e5a40012f24ca4251d33
a3424	GERCEK	198	522ffeb0d8f1cab1adb5d90169ea865f03b85497396406d5d73f4f2ee4bf4758
s1674	SATIRIK	201	d166146902321c30e9b1f6484883dfc7eb90dcd3dda53ae77dac9f77ea824f39
a3962	GERCEK	195	cbde61051a6c08b5624602f69568d57d39bb64c8217b052b11535c41c9b733a9
a2732	GERCEK	192	e472b46fc897ef2ce92f6a4d124e6ef4f32da7a7f00579dc3e4e8556ffe04fbd
a1590	GERCEK	194	5bfcc8b8bf02a766d57ae880736a0a1149c0882da5d317d29d50b232e86c17c4
s1526	SATIRIK	195	1960bc76780c79c7d89e01bd3e894f38a63feeb0a2d2095e580769f6cbea4f93
a3677	GERCEK	190	53141b26beaa48f4f2bb2f745c46911e1d7c2532b6626f21aa5cfe3051c438db
a4818	GERCEK	196	15037f9a853213d7224277bde3b2c6ccb352e3f8815a8af153e6857a4b3936ee
s0245	SATIRIK	194	fe39529256c178385732125c08b48d10b9d37a13f97c20b6dad5fcfb70eb7136
a2935	GERCEK	192	848b267dc18b784839485fa81643bc6a021fa5b2bb13885ee7e821e5cc3c446c
s0786	SATIRIK	189	01891999853a3049ac1a2f20fcd0a4926428d13b140842e482090f45724dbfc7
s2036	SATIRIK	198	be4502b8249fbdc9aa98a9df870275c999b3fc9a1830cb5fcb57b9287afb6626
a3861	GERCEK	200	3c8dfc2c2fc9187df205a2cfb8aa29ab27d3cb5b72542d3223a5702e7c0ce7fe
s1592	SATIRIK	196	6ec9084ffba979917b78bf6ce21335b390cdb60020b87db33758e19b42efbe1e
a2759	GERCEK	189	36c077532fb64be1545c8dce69979b6488b08819dc1ffd568460d27840c2de49
a3095	GERCEK	195	16c6ce38f4f914cccba8df968b2161f82aed8ca4df20e4703f6bd5855e8a07a5
a3833	GERCEK	201	bb9adac8633b476456a17fceaf4f04fa5767ca726b84f0a4d94bdcdab9e6d452
a0141	GERCEK	196	6ddc9ffb6193180afbcf2b6e57c7ffb3a7573e47c476411c2d1c791e87e5e201
s0333	SATIRIK	198	5bacd2037fe3235222cd7b467c3aa363a1cd9fff8e3eedaf009a1c3194ffbdf6
a2193	GERCEK	196	3b5d8f72c0a7c8f9d25bfd93636f447938ecb0d1a98c018f622eec455d5dd21c
s2058	SATIRIK	196	871652c34a7bf5f69c1fcbc40aad68947bfbd37161d0caa8889dbd7189e350ec
a3560	GERCEK	200	daa73b573e1d55a7ebbfc2da4b7937fd5abe39a826f247bcb5fa23e6f7c82678
s0943	SATIRIK	201	7a92bbdfbfa84b529e8b7eb35891b350a1d45d1d477772741dd2ab757198d709
s1179	SATIRIK	197	4c82df42bfb6d70ae6cf4a18a4fca5213f0676abda4cd72820009bbe237eed3c
a3133	GERCEK	192	865437279592f1d87a97e0f8b1d6858b67a2249d5774135410a8ddb76829d47a
s1036	SATIRIK	194	36caf2109cc9338ed8e0d62e8234d280c2f358b98af22851f925e55dfac0dd56
a1998	GERCEK	197	a6db178ee3617d5d724d6341f5fc226f23ce3147d8269b90e94519d7d92d9ae4
a3520	GERCEK	199	106ce325bec10f3ec7d74adce49550b17f72eabe334189b5eb3a6a1e3d8e35fc
s1646	SATIRIK	195	5de9d0b4990aa0f56595269971b25fdcff257bb8d4570f73c937d5e2ed618950
s1686	SATIRIK	199	46207426cadf903e4b04f0098988b714b1ceeeda62a1d98883597830ea73b3d7
a1469	GERCEK	195	9a574169c8325dd86eb68296a5a246a1b0b0c5cb6ac2ef2f0257c0a641d35e35
a0119	GERCEK	200	f06de0e954f6746ca1e922ac4a2ee4a35f730a53e5a2bacbeaf2d12195912efd
s1828	SATIRIK	201	ec2b228727a5641c6fae16359c24f667b85af0b3471610c67f1103c276cbb4c4
a2200	GERCEK	195	81a0d4e0c30c3d10ce16c38a3f2f750761336ea4f860372555ed088ebf35df92
a1888	GERCEK	188	e4d65905bc67fd9f17e197d3e4a6594a00818709cf2e53004346533335566697
s0949	SATIRIK	198	710f9bd05e0cab08210972c6e3d0cbd299f62dd1b35de33242afcdbe3e4dbc73
a3306	GERCEK	195	8db449b939da7af91bc73224961f38a32979a6d4637ce8622a246d1b3f2c40a2
a2579	GERCEK	196	f5d27e6f385a292bc41ee25a563dc81adb7a959d640686f42d76d7b9591be3bc
a4331	GERCEK	200	0870f0f6db2cb6f545e8a58aa435143721d691a2139a26ea6deca3ba1c585ba3
a1775	GERCEK	193	cb8c2c22391be488a5d45c2f5f6df0ebaeeed5cd61efadcddf1e8b0aafbfe817
a2373	GERCEK	197	dac394cd67e279843485900314dce2b0575642d8768da34320e2c9effb4b38a8
a0964	GERCEK	200	82391ab13c5fe2fb3cd4ad84b63e55993d9cfe1a2527ba76f170f927b5ed3fd4
s0331	SATIRIK	198	7f29c0851ec581516f0fa967f4653d46b813c126de86ae22f6dc7eaae1611a4f
s1807	SATIRIK	200	067803f067e0601612385190eaf79dda37462851bcf29a83a7cb2150fed6b06e
a4659	GERCEK	191	39d522d0a023dfdb651dbbb502855b3feab4886b85d112640d1c40ee2251f739
s1196	SATIRIK	194	d0730f2540d4599eee99783d5556908d205f3667e0cde5bfc0413a3af5e12f1c
a0457	GERCEK	195	7c499b00dda6c81ebc5bb7d8707215302fb62b637a54f7bd92e12a0a771d63e7
s0642	SATIRIK	201	2e7f293663c626d9bcd5c6ff3460a7ee3307e7aaffa5a1c1f3b2a02a9a02baf8
a1645	GERCEK	201	b0011ef081decea1ac02d967ee874a9c55bc69d1e5168b295b926b701c465a1c
a0360	GERCEK	196	9ca67efda79aef736854c5ff50d27a1c56c1ba7fcfd73875ad3ce43a4a7308e8
s0775	SATIRIK	200	bca5752618aea296adc9f5498f0e916df9dc867d8a78988e52be007cdc30f460
a0381	GERCEK	201	02d49d58b84f672822f21d25cf2d12271027ce12d1d590017c31cbdfbc61c552
s1555	SATIRIK	200	33334847bedc3f9ad00dfac344e794fb13ed2084fdd64a01bfa756e4069e631a
s0365	SATIRIK	200	d3cbeb9e6339596c0ad1191a78995243dccb8c505698d5c4ed853dc54ec9e054
a3522	GERCEK	195	10b17d34c60bd200834dfef5f9940a310c76f6e9b63ccee277ff7af0971f8fe8
s0359	SATIRIK	198	65928602344f8c72c81379524852cc3dba8d7d0ed6cb91eeedab83744e5b0dc6
s0229	SATIRIK	196	5426b9ffdac5b5fb35af329fea0173322415b79df906accb004f48f7a4c522d1
a2880	GERCEK	198	4888899d2ddd3005b0544dccc8193c52bf10cc65d568855c795f294cfcb518ce
s0340	SATIRIK	199	5f80ac952ceaecb3f2820a51d08d37098ace106538f6f61ccd7ec378b591a367
s0091	SATIRIK	197	1813f1df525b27bbd9e4abb424dbb2347e7c08461cb9db2e017871993bebe89d
a0534	GERCEK	196	b2eb87615ca87be98e1518cc1c77b33d7cc999bde77cefdf4677d461627822f1
a0816	GERCEK	199	aa91b5c0b4ef0b65905a60ca71ed11c31f08d5bbf09e7bebca3b183dafdd0c03
s2142	SATIRIK	195	ec48cd6c93bfe6fee56a7334f09bd00a8829976c565e0e4ddf54f498d51cfcc5
s0679	SATIRIK	194	fcd8be33162618064820b4c6583eca1fa90681785a97caa3157104d732611134
a3564	GERCEK	193	5d5a269a1fae2b3bfe9c08d3b65f1b2f97537f0e72777be9ac5fe63d6f5f454a
s1847	SATIRIK	200	093688a3949e6b03e6509d099b0933133288c0646124d11a1840a605f036857b
s1638	SATIRIK	201	b60bc688181a5d2385f8b616dc8757df01c52e48f6c7dcee873f98c999962e56
a0283	GERCEK	192	bee99c17451a385856003bb2e619411205192896b62950e9938b59de15ddbf4e
s0603	SATIRIK	201	ac73459154af550998595cd4b797651a070a70b510d08b9e82d1ace38935da00
a3103	GERCEK	197	b57757150522eaf4c33901a1cf4734a7fad8d92b36ce199170f2318a473a5404
a3138	GERCEK	191	e4efe53fbabd4dfe75b8d6e0fb01f8789794094d3ce8718f61ba820e16658764
s1019	SATIRIK	198	3cc1e3a9801ebd26398325404fc921ce8771e85a15790b545137f18acbac4d4a
a0850	GERCEK	201	f70379f28949aa18e746b6825000b15fb308d93257935e88498e8dcada3732cd
s0554	SATIRIK	196	f795d6584bbd8843b4c4977fe0e8d0e48c597c3088ffd1413fc7a3cbbabddad9
s1756	SATIRIK	197	a574b90569559578dae2458b2494def610fd82ee2528031d9cad6f5667b12235
a3546	GERCEK	201	bc153bb1b3cf167a18877652bf1bb7a7398341da1d3594eb2e756ab02ec2ae70
s0427	SATIRIK	198	c2a730e2483db83be3ece1a5a224b0eed218b829bf04560cbe4bf917003a2b15
a1023	GERCEK	199	1e8457296b8fce5e7e9e2ffaa8f54e18461df2a05377b3cfd56c02b45ab4c183
s0000	SATIRIK	201	6b6170e3e5df7cb7d8637c09a03d24093ef8e7e1fcabe44b07188939c7a5d3be
s1254	SATIRIK	198	3d72fc0e2b055ca1e71c91d454b0e93977099db21ca9d6b5d6f55de6195b1ce4
s0519	SATIRIK	199	314e60b12bd3bce658369256bc03ce235da210aa013328ec4ece2ee7c4f894d2
s1610	SATIRIK	197	d41fb1ea76f3ba444d8852f041a56c69430927c33561870565ada23192a99490
a1620	GERCEK	197	4af02f5a676a3a92aeb9a190eff9a3a03319921bdb27f61cb3921953305671e6
a2905	GERCEK	196	ca12ef033e7d898162896b764040aff5b6b0e877cdd16598a11074ea00be60bd
s0079	SATIRIK	193	b13ebe0c8c5502d02a717fb13399a6f13391b39909ec2c140ee2da2275ec81ec
a3148	GERCEK	191	3589b97bbbde9e73a9f4d5c95610f1d322898157279013c4ec3db4b0895b72c1
a4465	GERCEK	199	d92d97f3d24755146c217fecd226ccdc8f6d713734a9517929325c5ca64a07de
a0637	GERCEK	191	20a0a4174f1773634dc165818761d0ad3c0e5875ba40869ace9393b932b3eedd
a4781	GERCEK	197	f79150f08c4ec6b13de5efe26b7243c0e32834d1d493a294b8bdee79024cb15f
s2143	SATIRIK	201	697edec87e4bb5afd15ff3cfe28c28e72cd70435b6b2aba052061922742ecc96
a0858	GERCEK	196	2e5101b528ce8262ccc2a1d8d62a2aec8269820149a154cbb09f6ce7854ccfd4
s0167	SATIRIK	192	4a5c82329e6cc48774b220e9c00ef55569eccf2e30a9c7af58d8a6166f9bb019
s1835	SATIRIK	193	6657cfc75d335ba9ebc2471c1f9e3c89c488e6511149834d49e611596cd25682
s2063	SATIRIK	200	732741f74a91c08fe04798251b9feb1d73a770fc173a26e6be9acc8f8be1781c
a0716	GERCEK	201	c57a3625ce62df5d1e85899423c2828293bc4b7d0e3dd3ac24168f933a8828f4
a2311	GERCEK	194	038c3279a761c70cdbfb1a0271f8690c9b46ec1c193da34f206d6b98cfc56f6b
a2505	GERCEK	199	0bee235753ba33b17cd5f692b8255635bce62730c406bf1cd41f42277092c3a5
a0863	GERCEK	195	a601b114d6a07e1091084eee6c77564c1fef19c085eba27da2cc6e79cd44b03d
s0636	SATIRIK	199	bac7dcc154ce3a6ccc90fae3d51e82559fa1cd7089355acb00dfcfd9296541b2
s0285	SATIRIK	195	1849bf880cfc27819fc0923f9ea2f6d4072fa6901e00d59c7df5a09c76edb059
s0705	SATIRIK	200	966611aec0372d770220c71266eaa5d8047db13fe538e9c5b87150ece29c1d9f
s1957	SATIRIK	193	d1cc20289687903175c07598e1e050317bfa57c0a9e28df7e7969a480e8de680
s2189	SATIRIK	198	a1c918f18564ef7ccab09dfbe8f85dddbbd9e41faac28bbdb38994ea63fd05a9
a2355	GERCEK	195	68c4645b96b62714cc73f90776462efd6ac0163c39d934561dcdedcddcd9e600
s0459	SATIRIK	198	0f27acfec7b700744d49c13842f052975bfa61fdb43a4c111808261ee9a26c0e
s1251	SATIRIK	200	a0f0c812dd24fbca81eda5dbf2ed4489ba450f868ce10ef0ecc2cdea81712116
a1156	GERCEK	200	93741f0a9cbba33a7f6041e6b94d9d32253ae344a99ead9fb609910d6ea0bc6f
a1671	GERCEK	195	1bfbb4a8ea93f9f1e23449e8d47f76f7d63d47e0f4bdcdfff32910966b1db6eb
s2060	SATIRIK	198	5d917f9223cea0824cf860c0d5079e7459194c6e8b467afb346e650a09a2e280
a1559	GERCEK	201	2d8425ea601460503c3104b1c9641da70561ac7eeb5fe01537e603caccb8dbdf
a2910	GERCEK	200	200555323d67afa9f7185f00fea0845a6f339cf1ca97bbe576507a4e2ce8cc46
a0994	GERCEK	198	b5886489066c798e8b7c2e05ad3e054a94665190ab9741cd7bb3c0a27ae8e030
a1026	GERCEK	197	9fc146010a2e9142f8c70df988b974fbd1da275f27e0c6baf72334d9a885ddd1
a1179	GERCEK	200	6332aac732aa85eec98a46ff4715c2c4d9e713531b0959afd2ecc072ea7e743c
a0733	GERCEK	198	a92c88b5b985307d071133db813ddeeaecdd7baa83dcb87ee7b88acd611dae40
a1926	GERCEK	193	5ae065c5f7a900cd669cfaa3fbd700fbb13f684dd97c5fad334e621682795417
a2953	GERCEK	192	98c2284c819fa74f29c6ebf9d186fa09de2bce6819a91f2d630124d35fe37211
s1302	SATIRIK	192	bcbdfb726554b1cd69a98e8da9a822ec4675f0f6f70609f5c63baa4a6cf06fbb
s0278	SATIRIK	197	d05e2ce952361aeac9e9e0710be9ce4a491c0e8dcdfceedf87ca0d6ed60522ef
a1807	GERCEK	193	a2e6e4e29abb7ad9198870852565e98553c9a9ac74820af91b36d7341e32e88f
s1994	SATIRIK	193	aab61288ea963ac6bb598057ad9f95b6cede2645088271ba9cb14dca8fce2472
a1884	GERCEK	194	766cad5f4419b0de6d03c2e2a46816e20eb0fcb996a316fa33917c2eba05f8c5
s0853	SATIRIK	201	94f954f4623f73c3f5c4d1d1fad16cf2b58a68cac2ad176299f7f16b062b2b51
s1759	SATIRIK	197	0bb981c02a1a549ffe6a26f2e26d8167921e70bcc07bca5fe3987f76aaf94a4e
s1814	SATIRIK	199	ca9d67e3d043373c1effe5443250dbaaf24ed36e6593d766be44d1fb74930313
a1602	GERCEK	200	0e9d2af8ae9f801e4aa3ecf42aabd881d2b90f96827ae89eab93e9f57d74c3d8
a1327	GERCEK	200	043bc07210612569e043b978c7894aa71c9d68ac76fc6c385a87c933c9a70b40
a3186	GERCEK	198	9a683798b05388a08e1712382d730453d80e4de57958460df6184b86ae151c13
a2514	GERCEK	198	d6775f3121fc7a49ad412b2582481448cb7f14d9f12dd27290d9005b7867263b
s0607	SATIRIK	196	07d40787432bee3a49b122fe4a854b3a8cce000492cb485f48ea2a823c4f155a
a0876	GERCEK	199	15b0e70b17ac8fae8c403c8bc1dbdedd90cc4216b393603c17c959d130c9e827
s1547	SATIRIK	197	ed65d3cd688a4658e292dae5bf92c753613211d5cc9466309521d4166e0c5a5e
s0756	SATIRIK	201	b436906b40dba2d6f12c11c28302f01edc02e95af042bb4e9778f435af523d89
a4146	GERCEK	199	bf2f4bd3d5b55aba772b4e187dd8fa08344fb2e5442a0e3042b113ecf565ab83
a1769	GERCEK	193	253355b97e45cf52fdd0fff9e3edc10794fefb36d3c5012d5bc4b376ecf29df7
s1383	SATIRIK	193	54d6e6eaf46866a89beb01af98d00e32f072d0b145e854c93678a662190cf18c
a3045	GERCEK	201	ebc456a880d24bfead0736a4fa85ab10fbbb0ffd5a042534dee56e32be24ce9b
s1106	SATIRIK	195	3a906e3098fae43b3f246897cbdfa5bc18f08d25901d563dbf97a12b8dc813d5
a4422	GERCEK	198	e75f58b7ecdf87ae66520d965ec4a7ce4dee48446fea307e2f1533e715851014
a3365	GERCEK	196	a288cd24c7929c8fd91d93e718eaeec9f3ba49f211b88bb6de67309331428e4f
a1656	GERCEK	190	7d0c1c4767394a26520933bd1c7f0a2983b9e7b4b9b299b59e81862f67c70dbc
s0332	SATIRIK	197	199a263b2a2c90c6f83da39119f6ce43529ec2f1fbf0a2447c663bca6d807305
a0400	GERCEK	192	5ac4b85688c24122f70c503f2c51e303f83b0adcd92316d0adca647de50672e4
s0090	SATIRIK	199	fcb60742fe4eef26eae3950ba81ee5f79df5b334d764a487d0273b3d63ce5de2
s1327	SATIRIK	193	d07bd463a54b54a15fba1c95f98546a76058347a84010d5f5cca40807cb5b815
s1218	SATIRIK	201	5e89d011acd401a58122748af29b7532f7d0a0e4601ba25ff97c6762f3cf703a
s0175	SATIRIK	189	884f796e68c9ed51d6a6719abfb46c6e8c1b983b0a7e7ecd1828364c0a0910f9
s0029	SATIRIK	196	c97077c1d3ee40e4f0de1e2fe8fd00ec7125d07f53501d9ef0fc60a02b493848
a0912	GERCEK	198	2e9949d6ec1bde176f929dd8bad5182ce67693be84fea15c31258e05cdf8a2cd
s1377	SATIRIK	200	6b82fc5d7451a75753fafd211851de0d681f8a80379c3f2a5bb2a21fa8775e00
s0825	SATIRIK	194	ed720ea965306853e9bdd9a5dff1b9421376858d55257de94fe078dbcb71d02e
a3044	GERCEK	198	7113f7a97d43b24a5f240b258d1d811e17c68712ead05354f6684e2824a8591c
s1789	SATIRIK	201	0ee2a8b5b54728db046384d16ed6748d8030b31c506a14ffa868a2d77311ba09
a0594	GERCEK	201	08af8751ad29d8e88f1834ad803b6fec63d0e3e319fbe5397a18162892d9b952
s0981	SATIRIK	200	e1b82c1d849ddb5a019a86222b3e38a0fd891598fa3763ce716a1a5b1094b0a4
s0645	SATIRIK	201	07cd68edff703180f26ea1539a580cb3847baee1577a8e6320a5816827d7557c
a3107	GERCEK	195	fc1752b09579a57f1211268dbb1bae7a44a9ae34937df34d2c90b33cdde5ddfb
s1281	SATIRIK	197	14c81f456d2f942a9e5dcef5a8eb8c17488caee716b1fb712a6828d46b4ca2f9
s2179	SATIRIK	196	9ab33fdc22f5061abf808c5c7359d57dd6b91fcd2eb3ebe1a951e2f21fb0aedd
a1779	GERCEK	189	ae2adada61b05271194b23ea2193c4661b014df398df84ccddc5e2307800a1bf
s1518	SATIRIK	198	868a18a5b051130b932a4610571d07b6f93b53f2da23f084ecd2f78f627389db
s0834	SATIRIK	198	bda5c1287ab9855dd651d1ff0698c725578021050a7fabc3eeedd742a9a00ae4
s0137	SATIRIK	200	f22fe451fe0b0b3c7d79db0a1f9a335e8461890b9e9bac22fdbfe5965075560e
a0667	GERCEK	196	8ee72d4c0851163bbcec8636b992004b0b94c7ac3ca96f792b629861ad82200a
a3605	GERCEK	199	bc26d29cd4d7f4165189a596e67ba6b5aed3d6cd2d0f58fee0f01cbcf7d069e7
s0395	SATIRIK	199	bea596beac74b794fedf4b15e26d523015e0e96c8fb7a75c06bd56d183eb83e4
a3839	GERCEK	196	518aa2916a7937593aad398c3ce144b432bc68c461fcb5ec21d89f4d7a961dba
s1516	SATIRIK	201	e888ca575fdce9dc98e2b15ffa41c640436e842ee1042a47606163efc5fb14e1
a4540	GERCEK	194	ba8de4d699b217134e4e5f2e24fb8d73c7ecd97be18c0a7b76038c084827f97f
s2187	SATIRIK	191	3e00ee905c1ec10aa5af0205990ec9d7755b0651a9a2a2b238f800d7993a1fae
a3525	GERCEK	198	e3a28e63031d6cc4aa48f4b8de4d523fd59237793f01a2d503e81fbe15f9babc
a2884	GERCEK	199	079153f16cdc5ef02c68c4ca236a9bed6989261ddd8d96079f5625b88726cde6
a2300	GERCEK	199	2a89a8aaaa77722b7a8100984de3299bde2e0079a02cbe9e9eaf64c3116a008b
a3874	GERCEK	199	580648b553f9f9ae067283d08f720c41383dc72d797d57c688a374e707fae65c
s0922	SATIRIK	197	e19c1bcde1a9ed387d2c4dfb5201c7c5fe1d7314f924afd32c5bff296fc97a24
a2377	GERCEK	197	1a048de1e9a2f12f4a801168507e208706e2e448ee0bb4ffef1b137f082c14c1
s0367	SATIRIK	195	1fdee1ec9009cbad802787971c88efbc75182004558c99895f2eaf7a770b7d0d
a4445	GERCEK	200	c1848c0fd7654333a23cc390de81edb3aa22cfce30e7406368fe7cbff13bfffa
a1294	GERCEK	194	85bc9afb76cb201176570bc557fcce815af6d6402d8bd43d903acc4a17b25d68
s2097	SATIRIK	199	5dd082b1784f0ce9b9db3f16e4741adddd9489706f064db522109b362b12ae03
s0564	SATIRIK	199	ca64dcf1a761bae84367330c4fd520e9e91f830795d1d2c2f5e518e5945fc74a
a4180	GERCEK	201	010fa54b9c0ea8c3cc19776daf000faeb18af7bb8b3d1def480050537763233f
s0749	SATIRIK	196	d837f3fe1584e91c9f2167583c49ed9b4e3a2f290c9e385922834355d45ed8b4
a2851	GERCEK	194	f3b5736f7528eef44ff9c47d2ff1ccea3a81cb4ada4b64c8bc54a9f08dbd293f
s2158	SATIRIK	201	a101e9ee46d79c1b18e3a33d2d7b83465753c4c9e9292ccf6437cf523d34663e
a0187	GERCEK	199	ed94b53186e64442a01e00bd28736c1ce088aca6c15b544ed1a2fad396179e34
s1142	SATIRIK	195	545ba3a27580f0f4af8eec3b1a29e8edb508c9b21304607ecf545c286defb621
s0882	SATIRIK	200	d40236f76ef75d68248789bb13e1858da8a989180d4ca15b11bf959e4d60ca78
s0037	SATIRIK	196	3c1ec16c3a6ab2424ac49f718f72ec7c406b8e27d583b07966f1982c86d2e9ab
a2723	GERCEK	200	30c0bdd9898c13850c0433cc83fee18d2c26718157c7a9a92987c064f5f9c832
a4224	GERCEK	201	c5afb185b1f10b97fc5139e769e5064da90026dd7a18c839bfaab1771f0debf5
a2478	GERCEK	198	168389c3d833a122498885a22ba2ce3035a65a7d31c4b54f86865137d3deb6ce
a4324	GERCEK	194	8fc696922329063ba512345cc40ee556867bfceb0aeb74496c560a39fcc72b0d
s0912	SATIRIK	193	b9f8ca5edc99f12bfe033b12b2b7c4db3af625c8f28cd4082392c4a4b1e7bdfc
s1268	SATIRIK	197	459dd80da0843d0cc6a121bff2341f215f050bfd12c764a522aa455c6e91f10c
s0011	SATIRIK	200	537630c5830ac70ad4b2fcf47564aec10d09ae45d7be2947032676e3bf28cb80
a1795	GERCEK	199	07650e54d69218491d534b4530a58122fb166c0b7e07be27c2def7717fe3be87
s1918	SATIRIK	198	3b582e64712edf1b726d7e39cc965124cce93742f4d480746664354984f61385
s0745	SATIRIK	198	d396e7665ebac81b940147a99c3bed135caa8abe5f2d5d242dc8b97a31ed2aa6
a0907	GERCEK	195	f70d4f2e53a275a5ab673c30749ee749a442c1ee20d20b2d6ad5e97ed9aae127
s1074	SATIRIK	197	73c34518d55f26fdd8fb4935ffffeb185da88a080ae64384bf9a32c5a7cfa6e9
a2357	GERCEK	196	f70390ecbd461a59f83eed7ec8b198000740187c1eba22aed5eaf1f3b5ed77d6
s0865	SATIRIK	195	884304851f9b76465bbd42e7e8cd9998b7b119d9d9c472a6a22f682cee039b4b
s1873	SATIRIK	200	ef225eebf00426b686fad0ef93ee7ca6617fa7d62a10634070efa8e6f640e7c9
a0892	GERCEK	195	56e0b0d59565badb312f0bffbfc05e49c8cf7ccb1512a001cd8628768979716f
s1190	SATIRIK	200	b1811ee70f58fd2a905d2a18e49a0f140834a31761bf8a2f7e33d161e280f1ec
a0148	GERCEK	200	2267141a21fdfbb61ff96eb262022933f0df3bc705076968c44bdfe8d933fac3
s0911	SATIRIK	198	fa56086bb6bc2248ed20af3e7134e1d90f988d9f20b5111209b34f66f872a44d
a1687	GERCEK	194	e14cd9b0ec74fd0c852c7b244ef98e8bdfe1345782909918fa2ea710f995049b
s0706	SATIRIK	200	71892048e2725962efe9e2024140d2cdbc351ed7afad3e2f1c9e6aeee3383205
a4150	GERCEK	197	f5f534a1cf42e8c0e7c27d0aed64895300f7009e0757ee6c7dd00504bcb0fefd
a1736	GERCEK	199	1ab72e550618d651917ddbb71a6da714c22168219f4cf569c1683c9bba7e9fe3
a0268	GERCEK	193	e187d871fba3f0e52f7ca51476b058fc8ab43bfc75a05ca3ef6aedcfabb47cf1
s1183	SATIRIK	198	1bb0ea024772692c9916a5a5fa5a55dfd65008c32463f4f4e4f5f784b8c13d4d
a4761	GERCEK	200	7fb153a649e62dea3042af7d4419f7a518d479474987f0878f5277cdb124330a
a1666	GERCEK	193	41121e626289d540eb435191064c3566c5b5164091f71ca5d01266d93eb97544
s0581	SATIRIK	189	263e8ab48a5faab67c1839f7924f97771a31176371ec96b5bbf94fbc1910a5c2
s1470	SATIRIK	197	4a639fe42fb892f5968b7bb8afef8a25eea47f597e524b10e8c5d6575105cfd3
s0501	SATIRIK	194	0409f7b9bcd0dca774456a19b00bf1a03a1181c7e58fa3c4243942f3a86f10e1
a0071	GERCEK	199	8b8122c5a3de19e9491db4a0e044d95090b7cf40212345070708129d7f9d53fe
s1250	SATIRIK	200	7ce698c4930addc6e9ed5ab4e6e3495e9ceb3afeb677b96630902089ee7c23ac
s0903	SATIRIK	201	3178c460a2e6a9252a400fdc6e41fc8ede2f919971baa56657df07d37a9d74ec
a3571	GERCEK	197	315e39db9ff3f1358cd398389bb3662511664342ac873d5b7ceb60099bce28a7
a4396	GERCEK	196	36223309d51765bdc8024e2849b29d2e6958cab19075af8c4294a99fcbbe8c18
a2252	GERCEK	195	d65840bf0eded7905de07f794e56ecc22e471a90c9ab1e30a44dd508d74d5aaa
a4733	GERCEK	196	7e50acb8def61c371cdeac7c6f0616b198a3faccbc9a6c8906d850b00400c27c
a0790	GERCEK	195	2eb9430a09bb72bd4e2a00ae2210d739443b0f5704e82dd3f54d1f7df5c2d6b5
s0747	SATIRIK	197	0f28d39ff663c5b65ca6eec86df4094eccfe515a8e15d858648baec8d5d6d7f5
s0431	SATIRIK	193	816bafca995624fb857e2f6652178eaa01fd265e5fbe75df5ba9103d65da7845
s1034	SATIRIK	196	e943e02b2c92499c837f9129fb68504975dfec634dbc08c1d611939e7a34f401
a1700	GERCEK	197	a0a2576467517e496b9e280f6934be7c13d1c6bfba3cc8b1415a29f484bdf32d
a0782	GERCEK	198	8def0079071b2f7d75213f8b676925899d525754f63f5007369d023f3a9dd652
s1783	SATIRIK	190	c036c656c55d94efafb8a5ec3f86fcf53b2559e63fc480378cf5424e14b8adcf
a3411	GERCEK	192	446901da79244758e50e22852d10cac2035895b2d1fc139d3ed60306ff0e5a96
s1274	SATIRIK	197	302b7605b249a64c5d3d75a6e403c3806b544ea984528838c514cce7c948d900
a0434	GERCEK	194	72bf2724285d8f8a1c149d3164792bd10b34af65726161e8546590c463f48892
a3775	GERCEK	196	0506f72630e8b630a69dbd54cef66bea2474d437d1507c5348ed83b0e5a74aba
a0116	GERCEK	201	2618d492149f93e1d9526131c93bea34fdb21fb246c656a097565522f36081de
s0319	SATIRIK	193	b0678bc9b2ac8dfed3ad6daadb728fb047409ccb18799a9396f6841cc5e0abd0
a0470	GERCEK	198	ed41635bc0de43328cfb267efc2eb72fbfbb3aa34212bf2bb13682f8ff50165b
s1407	SATIRIK	200	3a6ed34fe40395851c11597a9e3ed507d37331564644b0d9970b403d5ff544d7
a4541	GERCEK	200	d32f4f0324c5831eb582b194735408d06357aacd43502e9f210451a90bbae374
s1544	SATIRIK	199	5e05938d17d86ac6cd12b62604ab9b211f3ef463f48960b683e71676eec8ff4c
a3820	GERCEK	196	f0d7b36d37d26598a63fbc2f52fd966883074e23ceafc209c2aedb823e403781
s1796	SATIRIK	192	b3160f933387b3fecc8d5b97ebb670870a8eddfd893365a00fe9cd5dbaf392b7
s0766	SATIRIK	195	c691661ffcff87b09788742c275aa44a65cbde37a5d386f63cab066e8fbcb496
a3344	GERCEK	197	11dd95e534e9a64c2b07ddcc62307dcd83208a977c6b10bda7b12dc643a39e8d
s0609	SATIRIK	197	41f52c8e7f63a0ea0e42df17c145e5ea6eeb6aaee888b8d6a33f10a1ca3015cb
s2017	SATIRIK	198	99f40bea7370c45f1f32d16b8ea3d4735acaf5e45dce78461a164df2d99411f5
a3810	GERCEK	198	d5df7eb632c1b75ad31e4654003a41408d8f809e041726491549467f76728c93
s1182	SATIRIK	198	05dfb5fd69b07a5d5efce639e9a1e7bbfefa2cdd5e96f035c05a1b0dd713f471
s0863	SATIRIK	201	78df01c8cb2d39d3d54b203c6686b1485907694a54e2c258f35faf962159c21d
a0878	GERCEK	197	4471d9eb6aff17ed4098a9ec3eb4e9968e7a7f8fb5fbacb98beaa2ea654e1c61
a3875	GERCEK	193	5277df27667a3a8080efc32cbc14e6d8e988489f4823ac45bfa8747ae6ba8820
s1802	SATIRIK	201	5ac3173612ff4adec3e0ba06ecd6d13081bd90944d7aafa322bee9b289e5cb15
s1017	SATIRIK	197	39035b8896b860a75405e9e27566799a2df6cf676f74eb12c754e8393de6dfda
a4285	GERCEK	199	834549f42c2f64b89f8e66baad12943ccbe13ac616c6100355fd8c4d4fe2c4e6
a2500	GERCEK	200	cf7505a0ab8f7d680c6fa3dcfac980af1b08083bfd2c8fb8c542b49688d32b08
a1339	GERCEK	197	b9063343124918a49efcad6fea9960d9fbb5d14606704d295b4396b34385008f
a1611	GERCEK	194	13608d442260177e1a03f121e957cc60b81db37c929601a67708f3290f5e0710
a4005	GERCEK	197	8dc34afff872ab4db138256f8f54d205f03f91890b697abad0ca181a584e552b
a2050	GERCEK	194	cfd37e0283d9c8b6f6fb4283bd5bbbf4e756089e0aa310f3625bfb974b544eaf
a0524	GERCEK	194	3135627f64dee61fe52f412f2d6569519b8da7e1f0ced3193aecb4aa44ed3602
s0767	SATIRIK	196	33f2ff72aa416cbd559b84d355f72d96b16d1e70c6bf4093a47c40adfba7e140
a0413	GERCEK	192	22d9b6bc062829d1b0d7401418e56fead2b56d10588bb659ed6010dd9069574b
a1326	GERCEK	200	c3e589cd220d9f88f5f5526762d830f000a45a1d9e365e98eabe9a9198a62975
a1720	GERCEK	195	852b7b20150a79c1868200d6d846c88cc665c23ea61e4a909c7ca6fc401f96ba
a0839	GERCEK	106	c77d6727d812d0c9db7697da608174a83944770649843d147c26b7155047a78d
a0996	GERCEK	199	7960481c67ff8033524e2e5958128b23206c800fbccab2e6486adc3846624758
s2091	SATIRIK	200	1de69ad6ac13188cadbbe1dd3aabd53b18aa739d99da2119b65f53cca1a0b743
s0851	SATIRIK	196	7fa1f47679875ed7c9d7bc12a0226296677f9641e27c1785d324c6685c3b2e2e
s1706	SATIRIK	199	7ac305a965f4e361472edb88b41414509794c9860cde25773bee6c7786347a51
s0051	SATIRIK	194	2c2d3299e9c82c9a1ab699531095d67fcaef5b9469f214bd8f4d50f06b21b71d
s0618	SATIRIK	199	356a6ba985882156d3f5924b07fe08bf10cbe8f53ee6a8e68228d42ff1817972
a3143	GERCEK	193	61ea2ebbeec2efc2556968e71f97068b3bdaca7c0cab907ee49dcadfc617bc76
a1816	GERCEK	197	a63825fb47616ac19d0cb63ac942baf40f7f8bd7dc8379fcb93aac6c0bf17a54
a3235	GERCEK	189	a504d7f0b6de02f6319c0bf68d9d97972aa6db6386539f677620962ff4236e58
s1266	SATIRIK	196	e886b1c4666a0b7a7df13a66a50f1b3ae1b2c8c33298c52fee9fe973bb5e4ea9
s1152	SATIRIK	201	f8a34531025af10e672600432d2be4e3fd5c6e2ef6673ad05b6d70dac028f93b
s0356	SATIRIK	197	f03ad382914b8ecfe794d7e62d9fa29ea35ac274a6151cd66063a9e9c599d110
s1395	SATIRIK	197	fa0b9236f9023d8e02e01d39def56eeebfee8ce108bc796449e35216ed5af395
a1743	GERCEK	199	cc464a2007cdeb788aa200f8da090a9565c4d4e94a34566e4c3faed433a0b3dc
a2814	GERCEK	198	e39535495dabb696874bdbda769eeac0091fc1991a6440a44dc647c45cd67147
a1686	GERCEK	198	0ba37892708635e886367ccc7e5f55be55c6862eb443a1a756eb434f7ad7f775
a2294	GERCEK	196	101480b7f4fc55a582db2c2d59c8159c51a17213a1209a6f09c8b3255e8a7c74
s1496	SATIRIK	200	a74f001cc272e44c01666e630b5a987357f3e9b6fbaa4610b326b2e6ab75a552
a2274	GERCEK	200	e42615e9beaa9725d955b2d575e2be3889540064303955cb06cc0b3465cd0d6b
a0175	GERCEK	199	55a99669fd9836ef874ac5b9efca384fa42e83c5307f6ab57b8e260dc7b62a08
a2900	GERCEK	200	71ee88ec17a370db1c26b4fe064ed108dfbad9acb8adb8d91ecc146dbfc1e1a4
s2167	SATIRIK	197	02d1c16a0096e84f4c008013b44c6b01cfa0642bc46e64352a2cc31bce4e45cf
s1046	SATIRIK	198	d7db933760c526c6152a3dc2eae2bf0d0b8c0a2a4b94d069c96f2337d781ac81
a0414	GERCEK	190	4f9f5ce0ca30db6246afa91d0ecfe848a1411b0441ab562f1d0293a5435bb1ce
a3086	GERCEK	199	bab390f4be60b8f9d4553946bb522fa8d4a58f7abb4f68ffbbc116e11c8e88e1
s1948	SATIRIK	193	6b80f92c93f1ee26a7672df3368f8571415baf845c657bf1fde6da3af8929cf8
a4720	GERCEK	193	9e8619c8be99eb1aa100fb32962abbd06b41d4c1420501effea80c7c96f671cf
s1521	SATIRIK	201	c08b7345def122d541ff0500d1ac10e79976f6663be464c6eb2b7155b4fc2060
a2275	GERCEK	195	7ba955ebe4db86cf2e312996bda97520c13f791ea371f6926a14dc01907ca71d
s1791	SATIRIK	200	33d37ea6b29c89a8f8ef5a666469882373e88907aa9dca6cdd0391369e7b4408
s1489	SATIRIK	201	754bba5cb9ead3525875db5b35a7dd4c6ae3d2aa605d9dd09ec33a0509c3bcc6
s1861	SATIRIK	200	e2189a125ee61263886a8ed4912bc9894c99e42e86d933d8137e28ef3eb72334
a0946	GERCEK	195	26a10772518e25f2a5fd5d9f6a3df3a99a444c8748fbc1f2baf8ed2042270016
s0104	SATIRIK	195	f8dfdf0c809cef7f7dae1fac04a9b54c9065c07e7025df5fe687740ede1c4620
s0733	SATIRIK	196	f43073eed8de781a884b3f846850ea55ed9454b2dc6c582dc828ce889c5af8d3
a0963	GERCEK	195	86325c7497bb2a042d2c1cfcee681d1e12788a25bbf238b743c54361bc4913d5
s1434	SATIRIK	195	8e92827e0aa5ecca0d0c840b91d0d14e522eec0cf37bd3d09d06ce44727a5418
a3332	GERCEK	198	b60ebe8cf3b325f7df1f328ab4cced2ea41162bc705f1b01e72bc8b60bc67383
a3467	GERCEK	195	495e258687585849fa1044c4558c6f23c80a4b5787cc10bedf6d50fc4f531b4d
s1477	SATIRIK	200	ea0097f27d185cf3d09be17a77ea27eb7079e87e8ae96ca4cbff67c2f12c9459
a2386	GERCEK	198	af812b98cf75b1e3dd4bb40e2dd28d402706f3d4659276d16ce96f34c6e3d5c2
a4104	GERCEK	200	f262da48adcbee883c556f7f284bf083119f62b4e0389f70cb345c33e9ae4b27
a4729	GERCEK	201	7c712cbbb76bf2acf227beb00bac885a32cbb2f4c2b1f55b9e5c57aad1446749
a3246	GERCEK	200	248090a55c3fc74abc4e009d7ae60ff95af1c3c71c2058cf6c8c4005356356d7
s0097	SATIRIK	196	3faa2206c7b77dd3f83761ad4b289677881357935d78e19d26d737800fa082f4
s1234	SATIRIK	201	babd2177f87b6d9ffbbb5a2bf33ead48795898da2e4db24081e6fba66fcf5462
a0201	GERCEK	199	313d0a202d899ab37499cf7aec85f254ee8bde75ad4a9daf847b2b546fc4b2b8
a2740	GERCEK	197	2f243c7209d023dd82c5b72d2dd1b238abfb647313b1f51dffcb4809a5e232a7
a2002	GERCEK	199	4f0b683861dbf18593fef3b69bf4fd176b15101b28fcdb33f1e27958954b4600
s1102	SATIRIK	189	92179d7aa58cb5b81f4438792be5cdeea42d0eff38bd75b01cbcddd24effe383
a1488	GERCEK	198	f643523b2380459ce9e2da22b34c4b61190eacdb4906c90993780fa1e189c11b
a3766	GERCEK	199	09a3f02749de2892b8f6ccd9b44b40418a7d519a040a19c7dcc60a320e163281
s1124	SATIRIK	195	963a141289b11f35b8039779bd72743cfd84d52df763f02e09eef7145de1b762
s0897	SATIRIK	198	2876e616fb38d2deb13cc5426f643e90ffecee58fe35a016d9e28a7d9c50929b
s1246	SATIRIK	200	9c1f0b65a7f3ef831206b9ce8b3ef0bc9127f4580592dcc167722512f9479fb6
s1432	SATIRIK	198	b75148fa6289a70b4d3d2161e6cd5a3ad9921bdd08a5d80f6cc7f034222311f7
s1963	SATIRIK	200	df92f10ddb07b045d0271feb16dcf0ad7f5aa59d1d61dda86b38774051fcba13
s1146	SATIRIK	193	4acc211fcb4a620dbd814d668bf3e352e77af26e2e012c7a92f9767dfd7f468f
a2392	GERCEK	201	d00d57b978d86f1f50149811ef5a6ebc814a9b74f9a91dde6df0c5ee29eec0bc
s0569	SATIRIK	198	a64a1062ca2baab73975a4aa1203e372487ac536204d03c00f67454284504cb8
s1238	SATIRIK	196	bc4960666ba14d14b8230a81b5678ce743d1b181d0f9718a73929a9f7ff2c313
a1835	GERCEK	197	bc96aa1f857a490936f2bf5f98d70b5d633af3745ccc3299fd6a41ca1c500fb8
a0578	GERCEK	200	de3fe706dcf85960fa3cbd341dc4e4db301411bc966690550b28dd9b8635b652
a4226	GERCEK	195	ed618ac85b4c80b7bbdb33e479f7da5b4b6e7407998daa5bacb0b926f12eadb0
a0914	GERCEK	198	652c586018afa240384fb916a3496e15967e4bd845e113cada4445950e583353
a1423	GERCEK	198	0b6eacf509a934b54a31876081a3105e85ef03982982d82569f194987d9a67b9
s0886	SATIRIK	198	01daea51f5cc35e3d59e080691308c6bac8362ba8fb561cc73c5a7b86d088c43
s1188	SATIRIK	196	398890b03ba91d909ba1336d09fa05da11c7e68ea7eb6f9bb29da4a6219e0216
a3696	GERCEK	199	cb7d37ee3dccd500e99792f699d8e63b9040a3a317a0282d79a1d99576792cee
s0192	SATIRIK	200	4c2972f1a13e08e087079798586befed5bfc171b97cd15666acad5488c02359d
a1368	GERCEK	196	f0742729c6a654492dc183e3c2224d11f0223f747750ca4c7d01a38352545145
s2059	SATIRIK	197	6eae906821e39012f6b1262fdd1a566c8c86a79d3758a36332c20c8642c9f3b1
s2141	SATIRIK	201	41c5cb475616bef773551ba61a9c4e07aae068a9beac6495b61dfb5e1251ed0b
a3094	GERCEK	201	d04433cd64c55a5f430dfa79515d54fc06134281ebc61a5896470c67dda835b7
a2545	GERCEK	190	751b7ada38f1c6b5ab37b055a4190d4f1d02d527ae856f31358c9b235d64700a
s1522	SATIRIK	195	0e645650b42e9cdde8f6e901178f5ae89e3120414bf4f345c6c69855ef3a4d4a
s0054	SATIRIK	186	0b5fe8cea5aacef4a5b7cc797f846c6916698dee22905fe6bc11df2b4132cb40
s2200	SATIRIK	201	8ea62ebfb5361a8d84d300eb11355a788b99c08044991b58ac112b03797d8fd2
a0115	GERCEK	201	3370ba619b6b6c2c5fdea4125c5e927ea27c7740a00b0fbc1d65362c0d823c70
a2479	GERCEK	199	76cf7a39550dc5c960b3bcd47da855982098803dfb063d42baad4d1ebd9313a6
a2986	GERCEK	198	ef045f4e8ae42954d3a9702fa171fdc23ceb6a6ef5983b345af3f0d0a485fee1
a4301	GERCEK	193	17ad3f56a0c6d592095ba5c6ff80ceb4473539ccc20662dd5b4bbff5b8ab9fa5
s2121	SATIRIK	193	33b8a2da1a905eb121859c01e7fdf93e9afbda7b50c253e05f4da71bcc4c9d08
a3058	GERCEK	197	e480e978b57e55ecd8c5513f038d717d6eebb1065df46969fee0d0e673c62f2f
a2523	GERCEK	193	f78d9eb1501097f4c3aff413fb9184fde06ebf42d853e085bfc5b55e85a1349e
a2109	GERCEK	201	de57f715c6b446c6c798d86696ac807e702f228864a83d7a5eed143ccb2bac8a
s0070	SATIRIK	196	9e70d22ee3355f3ba53eb08cd3463dfec808cfedefdb59d889b7260c247d8600
s2176	SATIRIK	199	26d64191be8b9429320af9fb74ecb454213d0e52f58e863f17bd8d5fee8a0fd4
s1635	SATIRIK	197	da28c4f8e53b9e4c90d85aee78935438cfc26f02454a1288257fd04109db9c2a
a2734	GERCEK	200	5bc65a54e28f294f3edfc5b45ad953064ea46693c255f940d98eab87a683f80d
a2394	GERCEK	198	73765b755e98f610b5202e62788d17039591bfe68567bdb0aacc8c67fc270828
s1227	SATIRIK	195	84aef53d5286f4dc439c2ace46c52c6f22c3ad6411b33adf400694275a4e28ef
a2578	GERCEK	198	107d35cc039b1e630e906c57fe58b4eb8e62cbc1b05e0d2edfd8adffe40dd656
s1842	SATIRIK	193	ac5e78ca88d5d491c7408e555db0fd77b7dd75c3241ed9d586980083ecccd06f
s1962	SATIRIK	199	e7645a302e7362ca7856ae39b26c3add6916398cd5a94c3217102ff059c67645
s1952	SATIRIK	196	67a19e783297d2fc0a5fe9c1cce00a95ffc58a78434d0b1ab50f8c9f02fdd752
a3466	GERCEK	193	179b9b815d1ca75000b3f2eb297f33e386c49426ed7b4fbb2b17a6a50a2499b0
a3781	GERCEK	195	422889b2aeee5f64761b56daec45707e4b1dc65cdc1ff0165a8c04a2501b0a46
a4449	GERCEK	192	23b0a1c1ab41955400040d2c0018814df4435e5386a68ff45b1a68c993692f63
s0376	SATIRIK	198	89dd1627fe457d5030bda1e2a12a6e90170fb150726c2b9980c139db0494a8ee
a0526	GERCEK	196	b08c86c80fe183eacf6b719befdea67b965fe6da972e739ce6ae56f12e2d052e
a3794	GERCEK	198	8d3f0ba3b69ff6b559fad3fb3fa2ebab7ad82a266068c690fc84ca5242711b85
a2598	GERCEK	199	0bed0d6d5c957582723ebb0b9ce57b054c7b656f058cd661ad8216951041ba3d
a0176	GERCEK	201	3a7f6373d5613cf8dfbc79cfac3f8154682887903f4fa8f4b683efa1ab03a505
s1115	SATIRIK	201	3ed0083eb7fea01117ec25d026f309c05a094fe36c8d5e08a09337723a2f4a72
s0049	SATIRIK	199	b2b23cbda24856c3abff3a60d879d1a7d1aae11b022fb036bcd81db150158d94
s0508	SATIRIK	195	0b727abbca1c9372b6d340e0d23d375a5b79e36ac65cd4ddfea9e3cd5288eebc
s0707	SATIRIK	199	6aba7f0eda32cfdc7ecce527a3f575a05c1778b00c78fdcfcf0704c0917c2c63
s0777	SATIRIK	199	bc39dbb9f933bb2bea8d775feb267355b4568e056b49161c0e8e56ca1abbd319
s1176	SATIRIK	200	e0ee4aa8fa3b88903b2fe08d458f261a28482f47c4f139fe05be374d0f671bfd
s0812	SATIRIK	200	2c147743aea6bd3e5fb42070d50918496dc8d3c0e3ebeedf0e5b56e25571e964
a2123	GERCEK	201	d8a0d2168695661f959125ca5defd1ca77337716ba2654d3c6900484d9c22dce
s0207	SATIRIK	201	b5e2838b6795cd54a5b937856cae493787d37bf7091b7ebf199326656d9c0bdc
a2572	GERCEK	195	cbc34b9526a5cef871efe42e9280ef410d0af7752119a593b66e3e9b02f23394
a2949	GERCEK	200	e329f108e05cec062ab5d1014284b3180fcd5155cc518258e815eb3db73d5fef
s1002	SATIRIK	201	f65b2758ba2364cb6f1a45e1f897e1b4da17ba09aa2901bf54ec90a9d1abfaff
s1910	SATIRIK	197	69fc964e69437b8adb7e0650782db6364c4a79f61f8ac8fd0324e124af9030f1
s0195	SATIRIK	194	9e6af5f16913296fcec0f3373a62f06567a5fc7c1ca6e5b0e7a3957c75274f62
a3032	GERCEK	194	ac6ae05272638c4f8341d5aaa63e7d019c1e4d32f47762db48bb78874f8fd778
s1871	SATIRIK	201	a0acf8d6906463ba831785dea30ddbbc4b60da994c66b4fbe5ae2cc930dd7215
a0424	GERCEK	196	37239947cc2af0a2ea961020d6784ca868d9c1c66a262660a307edef944e44ad
s1069	SATIRIK	194	3a33ed2acf55015849302fca20a864c7343e8d15d88421e41687b923aafad750
s0099	SATIRIK	191	11609a2432b5eddad2f141d48d7d6e074d6641e609c2e9a827ffa0b77a0dd047
s2033	SATIRIK	198	7328c35ac6ac7ede191541a262296642c142641ab8b43031723ad445f23bbd42
s1187	SATIRIK	199	b10a64e5af54ac8193d8a58e97e439b19b78f204e9b88c9a48d549ae4946f9df
s0615	SATIRIK	194	efa0065a6a280401602284431aa4d97a4bf7b1c41f20c0505c291f610454f7b1
s1523	SATIRIK	201	4c0d92f8890a0b8c9c717ec220c2ed812fd1281b3e9fdd2b64c81726e0876bb6
s0055	SATIRIK	201	a7a987b35ba078f0d47b507decd60d86d5d1644192688ecfd5c21c453e07b06b
s0505	SATIRIK	197	512a3492a2b0ea2990050cc9eacc2c31a52677b7394176d43c916e557872fb7d
s1808	SATIRIK	199	c9fe51a52b37c0963098ac0ba375299600267d94a6625a672a913180f9747d0a
a3943	GERCEK	198	872650f50f24ce1f0267996f56476644c55c61806deff4df902e8e4a26050356
s0081	SATIRIK	197	ad2c45d041898f051dd4ae3dfc487dfe474486ce345e7473409a7a6b3b4cec9f
a2149	GERCEK	201	e8aeeaa1c6123bfc736900460d96f88c38148824c6b5df52b16e3d70a810744e
s1296	SATIRIK	201	2210a7e78225c7746cf38b56da22955a30b4b507bc7b915d5762ebde20a5c433
a2560	GERCEK	198	4cec6023ff3f3543ad41c320b463c897aa982e2ae955564b554d2d4de45623a9
s0593	SATIRIK	200	0a41a4680794a036c17a74a7c19e34371701e98ca464d9f0287629e1bf887f5f
a2148	GERCEK	199	f56d06c26ce5cfd91476cbe373f9e0e92f237c1b1a04664d3d99812c93e9aabe
s2050	SATIRIK	201	80779a6c84272b002f002191c2167bee08da7b864ccada68e8dded1828073f34
a3779	GERCEK	197	cfe7b077bcd4e0a86c0ac5d5460813276168a11f0a6a97e39d4e89d59e9d0818
s1825	SATIRIK	193	f7e1853ef775af57d73a976e9c88cd8c62a5fa1b1f2f1f406c63328f6b6ef0e8
a4640	GERCEK	192	2f2c8b636d5a65c17ee8b3f63a30c9ff68e17c4e0fb8dcdef240689dd4db45a3
a4786	GERCEK	198	c13b29554528635164db9ffd47fb6aea0d175c718ce8693c0787797a4aaa1bbd
a3923	GERCEK	199	83461d15eaecc4ebc5d71ca597b6ced3e10d83c94ac5183f1e32e7c695aadd65
a1221	GERCEK	198	b484ba5946863c7432f01bb8dfd53a5f8405abbd2c868a5815574afb2d51a7c9
a1713	GERCEK	197	49d1c52d8bb0deb288c374c05bb938746e4f6a8f6d1d1063165eabf4c2392237
a4191	GERCEK	194	21528479f635ebc70af09b6c78199b0ed159969ac2bb89c6dd4db779cdc09995
a4378	GERCEK	201	e529a2524d6f0c7047d5e405a4cbabf5a8b9512fa6652329d39471eac155a7c6
s1043	SATIRIK	196	f73449e25184336b606641fed1b20acbeeaf6253a19328818e6f5ec8a933860e
a1166	GERCEK	198	b9786ea97e7149f77c1942891fb060606c257241d7a274e046ae6a5ca5b13ef2
a2215	GERCEK	200	f42503faef273df02baf5d62a46984f9c91a9b4bd277b0a5686521217b02f8cb
s2197	SATIRIK	200	2d774af1454addd6f72ce99569d1601c1417df194aa7e8cb12f4b5b630bf3384
s2119	SATIRIK	195	5d20cf11e5404a767a6d4db218c3e8609bbdff0df960c43cfd6ff993d56440e8
s1464	SATIRIK	198	e56dc937dcd26262157c835d77f534484e35fabd7b035d80973c3efaf1291d65
a2868	GERCEK	197	855fbde75aab6ec186d8210386a567e9c4c85f76903f19d68b77f7dc829a5415
s0012	SATIRIK	199	097864ea274d034833b417a025c6fd27c6556a0eb18986a3825d00e3f544ef16
a3287	GERCEK	190	233d072f10186d1b7bd3696fff11f88175eb2e864bc232c30e9e84082891cd6b
a2609	GERCEK	197	7418d8bc8ad6867274df6b1398e5c2117149e9728eea3bc3c0163cb27ebdc661
s1723	SATIRIK	192	876b110929ca7ba601fce272973526ebda2d8e71562bbd5648af749f0402f799
s2035	SATIRIK	197	1a664b20c520ccb64c29ce79c4ba36916f5e97bdcf73398b615f8758f7a11f5a
a1727	GERCEK	194	0a2fa2aebe47da8b52c6394e4f51fd222fe61e4db067dceb431f033375545fd8
a2760	GERCEK	198	8c066bba3a239314e50d624c3b223baf31a46d3880d753379adad19d1409349c
s0443	SATIRIK	200	a395d42e8ec131d56ec444da4a912d3d274d406eb41b35c6d4906ad7ab343821
a0599	GERCEK	198	c965eb18d13de165bf4e5b8e326453203e80bdea79367c37e1d54a84fef5618f
s1052	SATIRIK	199	499461ad27377eb9161c830fae92dd0d376a8f69da2fc0e09f5f40d87dc865f6
s0301	SATIRIK	187	39f46180c2e9b3fad12e5be1610ba9a6dc4916c4c89a9aefa59d3af419f517fe
a1058	GERCEK	197	1c49720a419b0fbdc6246996396526ae0e5270c905873931492473b572077e35
a1912	GERCEK	201	710153c483d40a701c35dccb6683bb78872dfb6c1bac167b3b2e899a4b398f54
s2155	SATIRIK	200	41f980935823e74177dd821a6ed6d5bbe441733b88050a953b2b583b735b5866
s1728	SATIRIK	197	ff6e5c8adf6f3d43995e41c663358c97efd89af926a9125c544a1d7792856132
a4842	GERCEK	201	15f76aab508975da5d433f86e45d7905f746eed076c2e7db268c3a902e8cd360
a3716	GERCEK	194	e79a8af9cefc2f5c07048fb62c6361a489c94cd0bd2096cf82150975c7926dd1
a3582	GERCEK	198	f5c380e4b6d77015f2e35753f18848098133e61d5ffd1fae34286376520db7bc
a1781	GERCEK	200	fbf226522cb7ebf390d33f6cf6c92eacf238407cb7a50b9e01e5d378d31de7d3
a2267	GERCEK	199	547b2c5ccb621833702ead316a529d721efa63c75ee254ad974085dacbeb84d6
a4153	GERCEK	199	bebb7e895f34cf24ca1bd2ef2c72f12168b2d207e117d673bf891fd8665aa2cd
s1334	SATIRIK	187	7953416f96bf36978b376e06a91efdfec38d7fa623f11476d03b74e763238e96
a0532	GERCEK	199	c695ebf89d6c48efc58f5d4ab73cf265dde27ba285ed2659663658bc2c0a98be
s0908	SATIRIK	197	922eee2022ae2212fb5bc664c03fe27d091578042876792e2f50e26468d98903
a0871	GERCEK	198	3246d0dffc161ec0c37d4848fa105feb39354415cd9cad945602973ef1adac02
s2137	SATIRIK	194	e855407db8e2434078394be4e0b022b9637ddb51dfcd6a46a75a052fb3d8149d
a0101	GERCEK	195	2142ef49827b89cd4e9b60a2c4cb6ab57bec3f4e429b896e494ff89da113a656
s1087	SATIRIK	196	3c6594a631be84770ea386cd517bfd1fdbfaa21995c4956b528201a9eb311acb
s2194	SATIRIK	195	0bc4c0782ac5d53eb7f3bdd9e18ae0664b5446b6434ba988e4bf3e2de5f8eaa6
s0638	SATIRIK	196	f1c6a158f803caadd59576466c5211d3ff8f6ab6d2ed593d7308d24c565f42b5
s1832	SATIRIK	201	1baee0a586d5000e98098a0aa6a01f0f8e5f29f5f53d3a789471c54920dc2caf
a0608	GERCEK	197	5f1ee9ec8b81a30e8f0d669b2624c44269a52356cf93574bfa9bd3566444d71e
a2690	GERCEK	196	bc196904789daa9690a7cf3366ad9f4677dce94c919e3225b15f942f929d51f9
a1107	GERCEK	197	41ae4b952772f713b72a6af82ac9c35b9df51bc634a68ef67bf71124aae29eca
a0906	GERCEK	196	cc0ed5f9e94088569951cdebd49b01c4c8daedea0847c86199b37893694446c7
a0311	GERCEK	199	222e6e491a91c209b3e9bd4ce31e3ef8d29bbd4ce0dce7d0c1075ea975d27c65
a1675	GERCEK	199	a772d152639ebd913fa721bdcf5b36b6fca0e6518b8dab443343e1dae15b8577
s1076	SATIRIK	200	0506f4e14ae33a10af6563c71f4af1712fb2efe8f690d98067aabb5e42d7cf5b
s1959	SATIRIK	200	a56e9aee25e589aa32a905a84a09612ef431c82bd4885041befc5c6a616b9839
s0862	SATIRIK	197	e5412c50b3b69276b4a09cdf3643cb110750bb861a7d9f36fd29b2f2faf7f07f
a0814	GERCEK	197	ea7f363b4afd1d3512d210dcce7957e208e750b2fd20349ea82d5e44b839c627
a1317	GERCEK	199	b52f6ecf94d73e72cf143ce6065f3af6d3e55e62603018598e3a72560944430d
s1681	SATIRIK	199	a3f68b262d781557db66db4787b525ba017e87f1020b82fad267de9f21a12108
a1184	GERCEK	196	cdce9a7d5ffdf95900a2df526c3e19b041e903699f3988e04e391b85433e843e
a0429	GERCEK	198	c117888a61ef1d66d2696b76e6052ddc13d2301922f8e830f7b88158585188b1
a0465	GERCEK	199	086a6008a37ea622877831aaab8536d82fde56bc0c0e1b978997cafaed6a5992
s1743	SATIRIK	196	ba49e1088a1ddb7231bd6112d1a6bd9a7910c9b4611096598e5f9f1eb330f109
a3347	GERCEK	199	d145bbd82451b0a59076735ecb7793053ee66d4d0ad58b5b955264ef26da3af3
a2999	GERCEK	193	3580e5617ecbadb7c4003f1c1d9232966d45ca35f9a60eb077de569a0a0cd403
s2145	SATIRIK	196	df497dd236dad161ef408258069c7da439d0f2457cb0c57eb42f985c9bbb3046
s1325	SATIRIK	197	e39fe7e5e391e372eea334be330c4629de04b02d6a45b2e06acae39a32c067ea
s1394	SATIRIK	199	4a255f686bce19ea6c19052b6d3184c7d6625c141a6246a14c619ad4cf6982e4
s0730	SATIRIK	193	bdfb410bc4cde1720006290d6531def4ab7203348b6df6434f15becb2f178973
a0463	GERCEK	200	42f0151fbf328558fe9bfbe4dce35546c0f1c0cc7b974fb8adaca441c65d5f41
a0144	GERCEK	195	884001cc98e7864d5e5d371fcc54c7890f26f93ae623f3030196ad71079c5555
s0688	SATIRIK	200	94bcf8c5c454bd621ce370fbdd60574a53ac0d9f05e74898a22c676387199cdf
s0774	SATIRIK	201	0d4b1e7e1f8f4e4e13fd4243efc8eb229a70a5b80a7082cfba6fdb80842bf248
s1079	SATIRIK	198	219019c8c2f51660bf5478045478f44e3c499dec53f719170c7afd4a488a5926
s1506	SATIRIK	197	1a83a9116810a8624da088180caad767b811f129d65c1b58462674bf7a33cf57
s1016	SATIRIK	199	b7372965e19a9b4c3b0a648cd61e7d73a82d0eb1438098dd42c013ddf1031145
s0916	SATIRIK	195	e12b52d83a5fd194a90ef2978c28631ea7a48b3285cfce1321c8e6b0893b1194
s1692	SATIRIK	201	322bffde5370bbae656d4f43bf68ca2683c13676c7bcdc8cea8d09ebbcb2c79b
s1402	SATIRIK	201	41af4231292a682ca14d9999fd30aa28c58373bdc722e93dd0824925f3a977ba
s1854	SATIRIK	200	2480d5d716868ded1f1d5f6f3adb1e8fec3440ad22d950cbcbf4694cc2bc30ea
s0835	SATIRIK	193	9a6369602adecbc871f452892086724716ed5394f6be66c22ab5ce8d4e43fdad
s1621	SATIRIK	200	b50b080a720b7b270a3592c478f42ec9038c9c6635cc9547af4a628541bf9d66
a1764	GERCEK	196	ef6904cf11621ea4b2ad1c019826388c92b57e3985a1d5dff73024166b11fd4e
s0671	SATIRIK	200	58baeb8c2a778213bbad698758304c2364d70b44659f0a899df8e0ac1fdff8f5
a3357	GERCEK	194	4f9284408b9f230a237f79cec8a5e928e739b9bc19a3596b42166325fd7f19ab
s0780	SATIRIK	197	bde092b12b8654b9dc1e465498148a8ba7ab9ba602153732154bb92f63baca0f
a3568	GERCEK	199	4ec467e0ed577df1314ad38b36161560555689383cfd593810b09bf28a657745
a1505	GERCEK	200	7b816c0c3dd22d3786fb0836ac837d705d317088b16082e394a972e4436f7ed9
s0765	SATIRIK	197	c77be88cd8a0b80bc1d4f099093053153c8dce410316ef4d1b479a12525010fc
a4436	GERCEK	194	63e9b876c13c191e4cda2ba9db2438b7e3df070cb590793db0cd3baca16a4eda
a4387	GERCEK	198	8f31386a325c0627e211157dda2643e80b52b950a8cd826796dd358a66127c32
a1484	GERCEK	194	ccf3ac381f5f9fa9c9b4416c33e1f71f22e108dedd78e43db5fbe285768fd7aa
a4419	GERCEK	197	9036cd1673f23e14d738d1d0110c681e6fc681cfb427e95d86e1ee940ebfdb7d
a1931	GERCEK	194	7bf6bb7c6fd94fdadd2fd2e4e462ce73e4b87919db26ee0cf47ffb33b6f730f4
s0629	SATIRIK	196	b08289c5592e747a05cccb464c0be268ac5548266cdbefe8ae6d52145c79ed87
a4607	GERCEK	199	431b30ab94f53480525c978c0cdfdc82d60d6c174edf8d7d8504db9383c90c70
a4006	GERCEK	199	c16e6a6ce0d1ef0cd24c6b30cec5cb3b9b8a85da057edfb22ac2e0a7dc81890e
a3778	GERCEK	199	cda5414c1a89d8ff5f56b6524b0a52a2a076234388666a34f26a15c70e85a4b4
s1642	SATIRIK	197	51a8f8f80e5992f3f5155364c65eb0473c9daae138f4021116316e8cfbc1684d
a0544	GERCEK	199	0c35551681bf8fad939559607def3dd02226e3738d4cd3029f3cf066fb5fe4db
s1881	SATIRIK	196	da4ba1ed45d5aa30386b2c0e4a83da337c3c1d4a79810510f690ed0fa39766ba
a0008	GERCEK	189	297448ab84c35543242f99ec4e2cd4bd30402c31b195a6ad092f3fbcb1160731
s0539	SATIRIK	200	c044560944ca2966eeec333cffed7929122fc97ea7d0446455b183a7a9c90cd1
s0824	SATIRIK	201	4c652a97ce2d67fda4b45cbbb46ce54ef4e5fda20a2007f89c036a4283fa2d68
s2124	SATIRIK	194	623a5b228dc5daccea383f68c5d7057894a6cbca97e0f176a2aee71feb2e2eef
a0281	GERCEK	201	dff2064da7b9262ae78f4fa365c286c254f8d44bbd10b949684dcc0a780b173a
s0711	SATIRIK	200	d9e1a1b4a3a5fca0982b44d18888cf1993c936acdb65e3b8718b6b0f7d800ab7
a2881	GERCEK	196	826e2f73261bf40cef068da4fc47b614f22089279bdd88625e924007f68c95bb
a4565	GERCEK	193	ddc1e966d67311ba57edc948279ac70e974888103c1f481eabc3e03d2ad794d8
a0570	GERCEK	197	17f468a8d0bffb7e4638d5326e00ef689f3624012c08250fdc0a01186fcdecb4
s0279	SATIRIK	194	f2968a0ed0fa43ddb97d8826ed05d07f4eb680ca4c819e7a099fbc6186b3755a
a4743	GERCEK	200	8e462217b076f255d8441eced532c9d40c82584d264f7555979e61e323391502
a3195	GERCEK	193	89218cc952502a3996c06280d76c94999029101b9457b76b8205f3ed6a625d1c
a2176	GERCEK	189	a356d54dfc0ee8073b2993dc697a3802092b4150dccb9d246c617ab3b50ce7ca
a0373	GERCEK	194	1901f06e3eae6d94f92a93550612e3b3e2b3c8ae15a73080fd88385b234ca21b
a1360	GERCEK	194	781129f8902b35cbd1c13c63e8888a9a5aa1c5d2509226968b8387b40044e6ce
a3382	GERCEK	199	00aa236c9a293f0c627ed409cdb9fac82069cb0954d8f9ecd8e00f9db82308dc
a2528	GERCEK	200	5aa05c5b643a9f03d78418bdd8b98b15d0031155e2f62a3d31f09e0bd55727ea
a1369	GERCEK	193	1b8147119e25ad53f672acb9bff7ac8d83d7c6d1251b6435bf0c262cd3cd16f1
a1223	GERCEK	193	407703b69d173245728ebc5b21ed48ad8a1baf73e0d36e0c1395bf21ae3c8ae3
a4772	GERCEK	198	4558a10f138529980e97ae6e5f462796bfbd835709a7f8c4276e4de60e92c851
a3880	GERCEK	199	c247a4ba314a6c258ede2328b8256087df0aed13593ce9b53026dc3b66f6a166
s0475	SATIRIK	200	4cf17301866441e9f0805d48bc10f07de06c9d6eec6e6507a47236f3a69a1f20
a0795	GERCEK	199	7d6d58c6212cfd32b784add6c36bac8619acc5aa587d01c30fafb561ffc1389f
s0885	SATIRIK	190	68b90af77c42cb6cc348c7ebca38a99e4c75f6a99dd8f888668a785ce4091765
s2182	SATIRIK	197	3301f56abe03182b93b62f69d689f2291ce5db38a03793dee66dddf02c5fd361
a1754	GERCEK	201	ecc5a3fff98d43c6b4f543f5b0ec5cb667f25a796cd0a92651d430c16cbf42f1
s0528	SATIRIK	199	7cb1b09d19359b054df819c68f08ca7e6948eeb6bd8ab3dc968f20ab21c539c2
a1951	GERCEK	198	a35fcc366f4915a81ed3e93164563719e24b44294e1c177f2c2906110aab83f7
s0657	SATIRIK	199	6f9739a606427cbda1f75fbe9e0b410b673f25e325aa657658b3ca31660bb9b2
s1336	SATIRIK	190	468c6352808f4e9feafafdc61a98c3a76836ea744b6c3ac2bbffb4a08b4450ba
a3398	GERCEK	192	513450620e8ad38b9268b66d8a795db814eebc01bfbdf71c2cbb82c1876944df
s1508	SATIRIK	199	ff1846452680ce9ddaeed144e8558946bd7d01bed4ec819657a51b81dd7700c4
a0746	GERCEK	197	8291e362ae569d2f86164d5300e29c3cc68f7a00b776f7f870b6a6ffb9d4617f
s0324	SATIRIK	200	b5385158104105f2d973948b4617c16c4f14684b84e154b266897698ba0f0fc4
a2970	GERCEK	192	ea59ff2c66e4964d7c1acfd7b2cd04b0f62a435a928e86b9330e8baed03c9241
s0997	SATIRIK	197	135da7fbae29c441e39e2553fcd230acdc82cba72eb0ab48fdfa97ec4e07f590
s0635	SATIRIK	195	6f6301ff50a9f6dea444385f07374fdabf9d385b8456ba66fc2c849cfc21f3c7
s1420	SATIRIK	196	99d5769faf5041ee0b53389fa6720c48f7a39f606d809946a786d4d4932fd91b
s1324	SATIRIK	201	1e2a9f675119832ac2b83ac2ee7045f0fa7cc9190fd79af87893aface7ce7e2b
s1567	SATIRIK	200	d27593a62894765f294f5a9f4407481acf8a4f04233d43e1142948261d08e30d
s1039	SATIRIK	195	2db627f7eee0a449067d017d86c65127a97463fb8eb6ba556530a5ee930e3ce6
a4705	GERCEK	192	6817cfd7a947f0f08ab56a71070f3e73226eb8588214dda580ee80a64b3f9107
s1204	SATIRIK	191	0a9785e864b954b476111b716af0f234ad2929cc2b3ea1550bb4fbd901e0878a
a1231	GERCEK	196	523fa72d3520a82833cb6cb9e0cb91a0a48bfee80d2855f61bbf50305a454661
a1015	GERCEK	200	928a1278cc53f5f7377320f872a2410420d253439d73dda0199705e785975bb1
s0719	SATIRIK	200	c86bf506406b6ab644f563766c821795559e741ff4c51690463822d7e736aacc
s1975	SATIRIK	200	f9c750e9f85fc0b49d21d14caf4b3dcd2c2b790a1fdde8ba9c1701f82dda2724
a2351	GERCEK	197	fa61aaeca636b029d63cf0bee364ce57401b63ec03b8add1f6dad6e3c9d1649d
s2120	SATIRIK	198	48ca8e3f34518b1e58e8d4783f48f5facf5ea3296c9154da084d0604421beddd
a4440	GERCEK	199	032aec22b353478eb49992c8132d750ca0642a5a06e4932e36dead89d17df484
s1173	SATIRIK	196	0614832ca10a48e81579f7eb005a8c549d85ae18c61ad31e2b6f4c08dbfd196d
s1264	SATIRIK	199	5a789b1b674f1cd0c8e0768733e07b1053396d22549900e906adfe0f8aca2e05
s1840	SATIRIK	199	1b686314871bde49194354cb0960c68fb469749fbd879f2457f63b8b75f6fdf6
a0953	GERCEK	199	408a945cc9a4484651956d8e526e56ee7e5e4cf7a5bb0798120ba63b70bdab46
s0737	SATIRIK	195	1bea34eb9c294dc355516a9971678bedd584d4386bcf1b1203ca0d13b5e33516
s0257	SATIRIK	199	21269b3d843e5c687b94df3aba3ea9fd39faa5b16ba0ee2cc2caa8768c523e1c
s1820	SATIRIK	199	15189e9f873185bd55f4f1375084d35cca1e861a0ea0811544be9dae8f5d986a
s0653	SATIRIK	199	26e3724d0c0fce2a568935295ee3d9e4525627c61c3be53a4a8de5416adb6276
s1028	SATIRIK	199	b68ff1c6c52aa380907399e12259ce53b5e0b18ac65ecee8595d5898570f6856
s2088	SATIRIK	198	d6a6a9f5011b9c1cd317a20d6eb1fd121a7e56b9d6a2c2e57c912668851dfd9e
s1067	SATIRIK	198	c46c22ba3e313c48d9c2927b4bde730e52e05a6681c13f1dc96b89f445138b70
s0235	SATIRIK	199	2cfeafaec9844ad0b3f0672f761b7aa1f3759a5b6c321ca39728496191b850ac
a4100	GERCEK	192	c41526485933f094eb46797717884008447fcf8ee1e74c0506e09b6d5f3d76da
s2175	SATIRIK	196	3861adaa63fa9217447a98bbab0ccff697b0bcb28b66ce509232f85b6c4fcf19
s1321	SATIRIK	194	8b3935ab58beb734f72b2c353f0856ad6ff616f22f5367349f86e45f7bf062f4
a1352	GERCEK	199	1dfda94a0b54c8e35483a768fa021fbc0339b66b7f5cb09cbc1250db3b856451
a3413	GERCEK	194	a20e824b6bce78ed23dde37faf83b736a68dfd5f5f69280ffdfb4fa39d49ef21
s0807	SATIRIK	201	02875a297ca087a9961dcc2cc9ba09dce293c9274a139e3079c06c409f5e0af3
s1390	SATIRIK	200	1d63ca77451ddc1d9f0886d9cdd060d5264770ea09b4e3b9837e979f7f77ae1b
s1338	SATIRIK	195	7a81124ff1dbc496a5c35127f66aaad4af87a6c90c0be608897fea4db2560c46
s0693	SATIRIK	193	4b9bc644e208894c96f60d0dd1352db173b8634e605192fab0ac91fbcf2795d4
a0117	GERCEK	201	5ec914673d205e69adac21b7abf760390ae64d70d27245f94b7181f648ce0a8d
s0381	SATIRIK	197	27f3d84e5c05af933b87c70b3751dfbf1e4144e1e172942cbec6509f48de1fc6
s1205	SATIRIK	200	1046f4d8ebe65fce297774fcee72bdf7f56f2a4d707262d88ea79b7675f7b935
a2361	GERCEK	194	85d885222f10a289504628df0559c167552b18fab6da69e7ec72c435d0f530c2
a2638	GERCEK	196	b23d8da50f38d4a88e5027d40554462382b2e069279860f8dd1a419df53db718
a0510	GERCEK	201	f8f7bf96992c297f61b18a3d4d7e357e09ea86cc5af36645ad083448760224f5
s1138	SATIRIK	197	ca4da30b5977c5b78a8380bec6500c8ed4a31c4b04c7d35429501af4c11d25b5
s0582	SATIRIK	196	bcc769bf4c2f91739220e7a184264acca77dd47e092ca6bda8237b7c489f6e22
s0160	SATIRIK	201	74e8fefae5688afe9e922678522c56c8707a3cf4e2c9f67ee7ee0f4fb1841def
a2929	GERCEK	198	28740fd58917c55e165a311c132e103ade6bc6a492b7e5198216eb6a64373a55
a4329	GERCEK	201	ffe4e54fa0e50e3e0fd1a99e52953fe3948f58d643d2ed13e249fc1ecaa582ee
a0830	GERCEK	197	dec6ad5ca17096c6b951978ff6e04426ef3e294abd950d8fc39fd2bb75ba0bea
s1495	SATIRIK	197	f4c0b69afcf2838374fa1e7e3dcfa3c958a32cdebae82a8cacd763aad2967c5e
a3570	GERCEK	198	d600d6f551658124b282a2c4cc3d8ecbf3513caad136f4630dafe02426509cf5
a4483	GERCEK	200	a509d589a8c885972853424c9583f52201a062d793ce2ce0df48e87c59ff08d9
s0391	SATIRIK	190	a9839e9ee213eb19c6e2c956e8516e80c1d9005730b0c67212e88a49f8bff9b9
s0237	SATIRIK	201	b991b20b4fec6436222863d13ed454c030d68af1300691845598693e5bf6cc8c
a2903	GERCEK	200	91a4be2fe93ef03014b8dffd888da26cb8e876060502d7b219cb2248ac29b6d4
a4611	GERCEK	196	b56b98a04ec2a4b8f69c4ea85f8a4e6280b1433b3d66a82ffdd47750fa0810be
a0780	GERCEK	197	483d2deb9291fa3cd37f0ee9df740e9d74e78741d3aa0f57ce0d879895527bff
a1210	GERCEK	198	eb7390559fb7e52ff7c39c238673e34410e09ac9c66247b1963d8b599fb60fcb
a3747	GERCEK	197	e2df413b86cfd1594a98a2b30af61a692101a5a4246ad12040527e859f08dafc
s0755	SATIRIK	200	edd908ac9f5d61c641b97cdea70e8c275b1dc48d5d9ecf8ba15346af8147b793
s2130	SATIRIK	201	37a7b2a4363b42cf4814b0c4a8abe309ea7b0030e6a43b751aba69e3bbef8531
s0147	SATIRIK	198	b15db0acda10e524e6de3d590c53430f47fcde3ae573f7b3d6b7cc10f456b224
a4828	GERCEK	189	6996e37a4e60e4759eb6187a69039eed2c44932bed7ccbe294b9acd049e2b67c
s0247	SATIRIK	201	8a9501db56e84b14ed9ae7752ebda69061083abf6d972d4c75743c2a3f3e7fd5
s0312	SATIRIK	198	faf66319e900b66ec9c37fdeb7b4a6d029953d84d5bf439ce507b1f4f6825730
a1890	GERCEK	196	0614f420029e266d7b60cac76c6cfed7270e16f1915947aa62746a5dfcf0bb50
s0423	SATIRIK	200	a88082aabcf4a90e34202d96b4a0163f209b7bd4d15cf883a9b3797cf7d3cb2e
a0724	GERCEK	199	4c109af08803323c82f0433442647c75631a20a1ff04b544d22963b7354b3235
s1980	SATIRIK	198	4a6fec668d585f8ba0d39245bf615183eb186346c722696df8fb1a55af0456cd
s0019	SATIRIK	192	862e02a67131c8077c8072fe943fa0a63246548b24eebe03de8819284eea5fc1
s1094	SATIRIK	196	faefa3d920e3e669870016f74126eb050ef890ff478bb7a75c6439296ecf1f75
s1044	SATIRIK	195	0e4219f1e1678f2199f1c06c7741f497730219156d99c0e26108c8ce4125b40f
s2149	SATIRIK	198	c04bfa504bf4ca7daa95f14464371a299474af4b642da7b5da9f57879b9b73ff
a3394	GERCEK	197	2e238fd655d246020db5f98ca6c529e05696026592b9936b989f5a6126fda8ca
a3008	GERCEK	196	d161158e2216551a1536b9271bd5c791225a57086c7bfd219e475ac711100acf
s1192	SATIRIK	192	b9e14f7fd5393cb2bc24ee1f8838b9f5b3c667085dd584dbcd8e3fc763c8445f
s1670	SATIRIK	200	8d52aaf01d8db51e34270294feb7a180fda4820f2e5091384e9d076ca0df0210
s1098	SATIRIK	193	2b10bd92cfbe33bf5f39bba75eaca2453e5dfab5b5f9b26f0eea9817d9629168
s2008	SATIRIK	200	a45f5c297bd00ea057bedd4df060ce74fd931944b6c3a0adc4418737d55a98e9
a0471	GERCEK	194	81e0c3b954aaa41778bf03d43865620d50bf9cf4cd765f4a787dc840b1e7f1c3
a2305	GERCEK	201	e77b4416c88c86715f4b12ab9a7e786ceb3dfdf7372eb0c5478abe189eabd095
s0971	SATIRIK	197	015e024544d7d9b727d38404fe4982d2019053f67653b94ef367b8bb89a68a21
s1701	SATIRIK	193	7c2ec252c231227e22ce829d879d918ec3741e20600556f1164adaa88b3f1185
s1885	SATIRIK	199	2c6aec4d1ab7b10082d97791cc8fee81c8be9aa21ab76c60c1dbc86589999fd9
s0452	SATIRIK	197	d6ce4de7f6dafd4309c7602ca35ea571980e40ffb83d8e81ac546763f4208553
s0924	SATIRIK	196	55e5fd729b44a6593a15a66465e09145dc1b7beee95ed60354c4afd81198a95d
a1578	GERCEK	194	877510f34c49cc99439bb788f891830ce4b05fd846c4e7efaaccb431bda2affc
a4751	GERCEK	199	e1a0a031bc50c64174eb18c143fc6b8339a967babdbfc58f1654ff1f4f2b21a2
a3589	GERCEK	199	c1db3f7a35eac3f0f0a2916abb3056adb34395af8205349f4e88617ffbfa1b3d
a2628	GERCEK	200	726c14e5704755ed903e6954b619139932d7e9af1fe86bc7532d33ed641fd05d
a1334	GERCEK	194	e1dbf4abf25496e9412e14b1a7a1fa2ae8cabb613404abfd57e674dfc37cfefb
a1808	GERCEK	200	279482e9d812eca66c58e5300aa5f626c780a77f64e6d276d5a51d877150afde
a1386	GERCEK	197	c19a9a5110452d9a98c9e888b135084035c090a67e62a24b587d0875dd94799f
s0337	SATIRIK	196	dce63fb43ce32d378fbe03b59091a90f21e9065d14b34984a72877d213987f5b
s1353	SATIRIK	195	ab70f89557a5f055dd566691bef0b42e3d27d0919ed9daecc262aa94a8c4a8b3
s0236	SATIRIK	197	b34cea60b1512da3c6651a812f5d8400b9548de94547eec3f3d7dc8269a8becb
s1687	SATIRIK	194	bfc85ce7d2a9afbd38356ac413aa520469304c5564ebc2a0570236d74a842a3d
a0701	GERCEK	197	751b6dc50cb7e9b76e574c7d70d9f24dda12ac4ad07d22ac8f3355e7a449cb2f
a1956	GERCEK	197	5bc87bd43f75e1ad61ede44e54650532a01f47fd446f2d3159c598ec1bcf7cd7
a2513	GERCEK	200	cbe91f4279320fcd8a8bd339b96966a78f3be3bf2ee569d79944b6c53809e9e4
a3483	GERCEK	199	64321ee0a7d92e52c903a784b141cb5654221d84faa8350e0e7592f87813e5b7
a3902	GERCEK	201	b66b295628f59dd711893087a76bc0a779aaa94ae048375dff5d8e06277f7965
s0856	SATIRIK	201	68d5c81269fdb265c2e37a7af5315d49282a552e20d69403398b5e9cc0d45ae0
a0122	GERCEK	200	e28e0552729902af16e165339e816af1afaebd1e23ebb01d07058ca09a90e2a6
a2225	GERCEK	200	e23280cc2cd5f2881181496edd6e7dd411f141d1ce46573bc8f8e030ed3baeae
s0213	SATIRIK	200	8dc3cfd7c86a25214428cf97c936a3bf0a37d7bbfa6976edb563ce4e00c92298
a1763	GERCEK	194	2e69f15ae9838f48cdef5f412e7a67e0a4036fb33755757812db5951dfde637c
s0211	SATIRIK	197	306801a3b1519946aa6ca97c94c743d6ad0daa5607a209e36866b1c107b98e3a
a0547	GERCEK	197	0a34dd1151acf3c654d7752baaf8cf6e21474270126503a16c9440fa657d3985
a4462	GERCEK	198	9021dd097b97d3f01aa2910f4d3ac647fe964b5ac0d9e8caf3ba1501f8764f04
a0012	GERCEK	200	94f156bc8a7be968ebb6f34d242c63f3d1634300ac7fe8e77f260b67c6910358
a0516	GERCEK	188	6d0269e0a66d531b4bb1396a7de1cb2635e07b0eb04c8e462ac6e38c267826c0
s1512	SATIRIK	198	0440eb0667c49a83ee538a8a11f7082340826187be08364d00a793acb65f5c8f
a1924	GERCEK	195	e20fe271fe8130484e075e4ab3f3e3df56b34638ce1335e879f0857dca01ba2c
s0574	SATIRIK	194	4491557747c00427930ed2bfaeac58815e786ec766e624951181f16e42fba79a
a2754	GERCEK	198	7eb0d9b77e594bcaf5a0aeb8bcaeeb3f6be105f5f8a3fae3bf303be05ded09dd
a2346	GERCEK	199	f62e541d6a1ba92a3241f9440a808d1d1fffdbba43055dfd475af43d8bdf3dd3
s0892	SATIRIK	199	317c9ef24f5689539109d69539bcd3586fd80af81c81909ecb08caa3f68ca51e
s0571	SATIRIK	201	e53773fce8310ac01508622241446e498b3051190eda99637da438339f6e4f91
a3046	GERCEK	193	ef018ebac26d87a4ce6736057ab0b5be908317a16bf04f3399f58722e59ede71
a4619	GERCEK	199	36efb99439765ca7b886264dd5f6321ea45e773bb78f6c6b60fcb500b8a4c094
s1696	SATIRIK	197	aca48cce7586b6bb83316bd252eb474442a9fa75f52ea18baea931ed95a01277
a2077	GERCEK	194	6c082c36584a38503f3c67edca1c7f2c07953c7b1620b8bb507b3fb973934acc
s1907	SATIRIK	196	65e601dae4fca082a38e5fd8c0bdca97c12d50a83149892bf91ef67e45d29129
s0849	SATIRIK	200	ad11384c3fdaca49ba12fc7002cf3812ab7a8fe4d07913bf563d29d01ddf0c72
a2739	GERCEK	190	2397c6aeed5729908cdd5a3028c66223ca0e4543e0c6ffcc348fbc2fb005a32e
a3762	GERCEK	198	deef05bf5746504693410c3b3b0e76c7a72f06c76fe1bd4cb9a6dc2d94393bd3
a3006	GERCEK	201	f296c99f22fdbedf5a972193d6e0cd20f19bb9579bc2468d49d3ca338b10cc18
a2354	GERCEK	195	f7949e6df6dda9e843abfc8f8d95e5073301b66585a58471aa7b20b4eb40827e
a2619	GERCEK	197	26851d2874ea0793024cbe481bb290b7af11059b4efe7e5ef5465b1e511120e8
a4703	GERCEK	196	baa31a15f23afb48f285c1a32a0f7d22416aa4b9adf848bbe15ee3729fe41a42
s0883	SATIRIK	201	f07a02a949e9eb97275d7dd64a7095f243cef395a9ae76d1c4704e0bbcb61c13
a1503	GERCEK	195	b249682a890f98083197b96e29ff5c0c1bc73a3265f7b2b3a7e70b24b9fccda1
a0321	GERCEK	193	30f6381ea8055150b003555bd36aa37b48b88244c944af1874ca0f4c2674b396
s0429	SATIRIK	201	d60eb8e56bd8e4514cb1dd3d2753edb9cd35a44c4d371c85dd28491ec649c903
a3899	GERCEK	197	f262340cf640d7c191147308462266fe80711710f56f0b3579bb9ef5616100e4
a0761	GERCEK	200	8848b9acfa27b8ff0fbd9c90dc65553bf7d2f750f1513de08cec35bbfb5fcfcb
s0062	SATIRIK	196	10d1f18024447bf5f0aa5ccff640069641ec0eb4adf6d8d63cf92f3d30357084
a0930	GERCEK	200	cccfd476560b3cf4c8c60798e167ea7a8e399445beb3d962607aa04e5bea8fbb
s1352	SATIRIK	196	3915be4724229d47509d263b3ba084acca56329311e15e5fe9c390315a34421b
s0663	SATIRIK	198	e42fa736c1cfad05f2e775d227c059af1023c96cbc9a98effdfac6d1a98721e8
a1491	GERCEK	199	f97b511c0e4568fd144b842dbc37e83ec0afac07409137787e77aaf324329f6e
s1768	SATIRIK	198	26a5f2b94779c64346428ba675f3f3493c071aa599ae8013bb3c37ebc2e4ba18
s1483	SATIRIK	201	6bc46b7ddb1f3246cdc1eda2266d8fa5135bcab1bddb8760a57f7b59dd0cd75d
s0563	SATIRIK	198	bcb57ae0ebd6700bd102fb41623f12ec5f2dc165a113bd994e65e6dfd04a44ca
a4148	GERCEK	198	0f76a02a0a70fcfb154d9534ca8788222da607b999fa7e1645819446f09083da
a0504	GERCEK	195	59f75da516cb299ca8c0f88b37c58ebc2de143e117a1ad4f428c097fa74bc9c5
s0398	SATIRIK	193	606de1799808a4235d0798e156bbb259a31985888ddf64c767dcbc539b62fb49
s0925	SATIRIK	201	04dd049c2f160579489cda4977249cb46e6b6d96c41c28793e9fc8a38d2424bb
s1637	SATIRIK	197	75e01eca80495e5920338dca9e5a4945cdb33d72dbe0d23945a4e61cd9eb34d5
s0024	SATIRIK	183	b995a1469b700f22bfed98a861d1d5777b3d0022d7f159fbbc25bda28cb98236
a0456	GERCEK	197	36e59918f89eb2fee238bcde9ee0a01735904172316aab80f2c3215d344c85f8
s0611	SATIRIK	199	1c740bb9667e7f3c70e7dd17c72096c27a92ab49b16d312335ff27f15705b04a
a2265	GERCEK	201	bc5218979127e1f840c2cb91933ff14cf7b911a1df124dd7b9c61dc6fb94fe26
s1150	SATIRIK	196	c3449badef100e31d41c1704bad07de6e373e9f30484218b761fe6573dc25f72
s0276	SATIRIK	197	c1d60980a6608b99a11af305d36c803da976df1d7b7e9fd2fe0c8711a09e54e5
s0094	SATIRIK	194	bfdc5fe9bb7605a252772544b076550ba4aa93642e97f33124c9ab463c39c459
s0686	SATIRIK	195	0197818cfcbbb3ad56f177225283e28c3a6777c53f42f0d4194c474224c7338f
s2195	SATIRIK	196	c32ee1ca16a89b1f507721545ebd06733173789db512eda084898effb0cb037e
s1801	SATIRIK	200	0359f4d506168b5f03c630aea095105698a434c41fef0f5047bd3746f373eafb
a4425	GERCEK	197	48c86879c1ea5abbd9c4c62a3aa4dbf9f6b96d4372c811b1fa29bcfbee0f1116
a1046	GERCEK	199	def5c405de9c78600564c13e581a78d6a5af0a3f09a576141614e726c221ced3
s0878	SATIRIK	199	6bc15c4affc424d789b4ac0391c81f8cb82a19720ed647aa3574fdf832dbf0f2
a1750	GERCEK	190	cd44268587f1395d86fb732a12c90566ff46f751bbee6797932c4dbb4f9e07fd
a2060	GERCEK	200	35eccbe3bfe041cc727fac652de90ec3dbb124243bfa10a3c2344c5c7cfa3dac
s1865	SATIRIK	192	d429781fee2aaefc21aec1156e715591572c1eb1a30361315662754852f8ba8d
a0242	GERCEK	189	8d3ddd144396a0eb7ab08ef6ad097708df69c0739bdb35e8825b6200e298c0bd
a1608	GERCEK	195	b0abaf34cad4f1e95404a1ce369cbf768e2fe924733c1c689183a717e35c6a02
a1172	GERCEK	194	40147d7a096e0eaf7e72602665f21f11c5ff60fabcf63f48452e3a1ec96232c8
a1265	GERCEK	199	f31831431f30fb7f2afec5638cc33847043d40df2f593303ae75d35c87696efb
a4136	GERCEK	197	9c7eb2ae2a601eefd096de89fbc5443eb25eb8a70ae1e03950ba9d747b9fc921
s1276	SATIRIK	200	f4981495f8eecac89618cfa4af30f2d474c92c93e63591dacca55b7704b3c93a
s0743	SATIRIK	196	70e388be9b49f09bbc3b80f7677fbaa7922bf62ba6a472e95151818f017ac4dd
a4022	GERCEK	200	e4fe6c25f8612a1b84e6347f7fef9b2d39eb120fd4a8a42ff6876b9517836bed
a1393	GERCEK	198	6e43d2cebdf96e20ef901877584f635a630474702a42e9e21ee1224c95cfad7a
a1759	GERCEK	201	87e0210315845aa720decfe7efefc70b1ce64ae128b2c69f57936bcf0ec63164
a2156	GERCEK	198	853f8230693e7f828783c7952ac49c7b56c9637e899986e70ef5650f80e5165f
a4019	GERCEK	197	41873ef89c73132171ba6269aa15bf98323d4674f37eba3f070686b93befd7a3
s2161	SATIRIK	195	85785a3a981527371ee3953cc0d3951e1439dcda44f8c3e9b8b0fff9fe5e9099
a1155	GERCEK	192	d54ea0b992184d66d021139d37a5f0601a034c1e3c8aadda65e6257d582e5534
s1545	SATIRIK	195	908c76c66c2a69430c75c0bc73518b4d4979e7ae2b1b077b97b147949586019a
s0088	SATIRIK	198	a0ccd63b07b5fd270e825a635a77ad73f775db1ab0bd85771f07418acbc0aaeb
s1018	SATIRIK	194	1674c612cbb4823799d423fb3909d92c97beef4ec05da9c48b17b5a1b4eac577
s0739	SATIRIK	197	5e24364497a719a768cd95bd494291214190513dd85a42e707f4732a14400864
s1369	SATIRIK	201	a2b68765b74e028bebca0545550ecdce6a9e3c898bc3801973b650386b48360a
a4460	GERCEK	201	89f27b2340d1d457a6562e62f27a76f9af1af1f20ed255b278e3821fa4a762f3
a2539	GERCEK	195	ca124bc5ad186e186d61f0643d2f34a73ae0e64557e86b1815484b649a721a91
a0210	GERCEK	196	3410b1adc0e67b312e241f97b4446d30b0688bf8e49097bcad4c2a2e70a85a0c
a3741	GERCEK	194	bfd44401785f98cb95a3074f85b4dfb3c3c23935494151c321dd24b989a02657
a1345	GERCEK	201	a1469a0f5700108b67ea5fbcafcbd500c7d346625afa01dbb2930bd25db45047
a0052	GERCEK	194	fda4c9f9a82b3178ccff65ba1c5a33bd9812175019e5cff461930d4587ab90f7
a4429	GERCEK	200	137a7cc26c69c49cd8d5955a40da25cfcefc4ce17da543f3cd84f73740b99d61
s1436	SATIRIK	201	3c6e72b4f09d8b07111221299e6d03896e4048f437823f80211ea5a09c25aa16
a3084	GERCEK	200	7c040d490957d1d59b5c0f5556e6315258787ef521a17a6ea7e919f9f2477edc
a3080	GERCEK	200	08388bcb55441fe20848f93597ebfd9db53e7afb5c6b5f9a58aed48a1189aba8
a3892	GERCEK	200	f1ece215460a962aef10be184e7db0e7c4ab78e18b35473986dfed2faf650e3a
a2819	GERCEK	199	707b513d10f6750670c68540c8dc54265a6de155cd5405336208d54ceffeadc4
s0002	SATIRIK	196	cfb2c900e0667387ba06d5873c1b7b6a2a99525e5bd46b04fcf324271c318862
s1804	SATIRIK	198	503874dcb03699cdd621e0f7852f71f0e99f6b959ef9c60e5f650db4fc0cfe17
s0951	SATIRIK	197	60f4a461ccf9414e321f2d562c3bf616dc6679f240ae271980c974ece9251ca0
a2770	GERCEK	199	e2d5493da70fbf2720d1342156235ca7628fe7af0acef0666c15bcdf7d33348d
s1677	SATIRIK	201	464d8c2e21856cbb4042935e2a2bca91cc7e3acaff44e951de1b6fb16d3b63a3
s1391	SATIRIK	192	638bc13ac3f227b21dc7a6fd28795de61f2ba3a2284d7d9365b06a85aeec6a0b
s1922	SATIRIK	201	93acc3ac80494d640c7327d560bd674ea6edcabf28613bea97244a2d3ffbe76a
a1595	GERCEK	198	8de24d0914c25311b2eae907b131ba7a6c34dba377adfe3ce67d21f2978b6390
a4648	GERCEK	197	365749ba0e9a4e7cc2507defd349983ecc6b4014220f723d990da7eba0e9c3c6
a4435	GERCEK	196	92aee54841f84ce035d68da15dae4c87caf59b4466d7e866ca59ab840832b712
a1594	GERCEK	199	ccd9f1e1503a16ac650599e1959c704d6eb45ebcb80485e8c9334504c0ddb777
a2788	GERCEK	193	4e7a0e55d4b16c95c8ac1d08bd596fea4f4a82708ab37fb5e965b41b1a445d39
s0142	SATIRIK	193	2e8279cd6c56227e99909478d915a8f04efcdb10e170089ad251c8cf0ac6e0b7
s1914	SATIRIK	195	0e12c1bd20c59e56bc0a912305eb0cc029d2411dcb64e245e8f1df5f7fd44e5f
a2599	GERCEK	198	664f8224f7d33bc7c044bdd017c17f3b665ddbbb86277f65e5c00002bb4d2946
a2830	GERCEK	196	bc109bb70eab2567105058c5ebabf1299745784cd41149988513da5d0e537766
a1877	GERCEK	195	80694ffb14c426bfc5d7629466cb539dd29765e1c6be8ef6d0b57655f6d37c70
s1366	SATIRIK	189	543f6654d9852be017067aeafffeb29d3b825b61edda15a10ed48cecbbb2bfc9
a2130	GERCEK	196	72692f7398be6541e5cefe697b650a2fb7296786811b12fc75bf35ddd30059ef
s0289	SATIRIK	194	5a5c7ddf57dc31af14784ccafe52860e7f79bc9cd03c367cc4aafebe166d8a4f
s1589	SATIRIK	201	e409151e83add0d6f4e3c09c9319841498de5e18c29e706865de3c722e8cfc21
a1472	GERCEK	193	35be491e27507220e9bd5ce8d41610f89f44748a55bdbdd7f0296d20941d5027
a1185	GERCEK	201	68da39fb119a4b355f6a098dbc16e94547ffc8965055ec7315e79bc47b19424c
s1836	SATIRIK	195	f36bbd1c2024aeb653c82b12a999f21ba6214584c2067d1ca0cefa0f97f676cc
s0591	SATIRIK	191	18aea0dd63c384c6dd5ed69736e514bdf3745d1b9eeee88fd91275977c1afec5
a1222	GERCEK	200	9d311862a002959cbe06364ea66e03fa43c12073dd805ae3445eccfafa819f0a
a2908	GERCEK	201	1064f898d1d1066bb6fd8fb2806f900459d2d05effbafaa6b879b5f4dfef926d
s1014	SATIRIK	197	a6f940244fd0e93d3bdd45243842d7d6b22433e11dffbf0e784b8e6f9040a99b
a1152	GERCEK	201	0949a96c68d9edbe7e83154aca071723ce14cb94fa31589b55cd1eed2b925be0
s0962	SATIRIK	201	8c25d6a9b6e572741043ba426e9b27b3de36418d9261aaca6e43da5c62833b25
a2422	GERCEK	191	6b4eee24163afa9441c37fed07e1c0b3c8b21f6fc934c3aa99e00bd70788ca13
s1240	SATIRIK	196	44b0c957de7596f3b35b586c17a3cb42b4f6660bee6bc1c3c732c9b51a113e8c
s0404	SATIRIK	201	ecf94e163d1990169da8c533cb809003e6a3737f8813747adb7107a1ba4014ed
a4294	GERCEK	199	d0dc3b6226f2ee44dd0798120e70230f2754a5430943394ad0fd138d458758a7
a2418	GERCEK	196	fa9379776db1517f0ef9aed9071b648eaa7e47b851a72a8ee2283d74b0f19b20
s1540	SATIRIK	201	87cadadd4b821b9bcd323349ccf76a9fbb3fd6030c0e8330ffb1f4815c0598e0
a2415	GERCEK	201	7eb4296eebfbf83bc97ae58ee1edd6739af1a6eab2ed40f9386e72856d66089e
a0943	GERCEK	201	bf98e6f392fe985a822525ed11101357f8b0a161311944ee7eb582afdc622486
s0303	SATIRIK	196	2bd6cace47bd645d21b1ccb77ab7f2eb10976d995c41a195b44d2d19271e7ffd
s2127	SATIRIK	193	d06d8d2aa98470481ca1f84a8fd0e39f1efe4d1ce0f2160940aebeb0eb5e8913
a2342	GERCEK	196	8353419a50d69f74359c987b8dee29aea0ba5951bab8ad707d4335d668cb05aa
s2025	SATIRIK	200	a39e02d51dea38b131855f40805c89956ab63ece9ac7b1e1ee053def9834c2aa
a3553	GERCEK	198	84d978fbab8fd4dd6fad7f9bee10a9578c935338c9b75afec181aac756143112
a2206	GERCEK	201	8d4efc482ca654e81519cc88b3b29043bf1c090e1df4ce1043191276be241233
a2965	GERCEK	198	027869c1fcd5f18bc015f996960132d91e568486d61609eb4f8a89e19af89584
a1758	GERCEK	197	f7dcd388378cd1c9734bcdd9dfd6a59047dc9d623a8b8d76c7ebbbd5d56110cb
s2196	SATIRIK	194	433dd806dd5c2f4295705c0e4d0cb45076fffd75431d824847e6073209cebb2a
a2653	GERCEK	201	89556f75690b9f4e69d3c792ca8c75638b923a65956fa9a8b78aa45f4c588722
a1182	GERCEK	201	33ca8baeacc505dca4016b4400a2135e07b51c90e9c42bd1cd3337604fe4ca34
a0440	GERCEK	195	beed328b41500761cd81a5039d9532681ee40b0f02d97673a0c6506c300a4844
s0463	SATIRIK	201	caf583e7e4f1e2935f6160d7f0b8e91b8be1f654577f88e6bd385cec803f6e2b
s1158	SATIRIK	193	01f6cf5b68e0e49e80c599136ca1de65f8840032af25795cfd42f6ba4664f20f
a1061	GERCEK	199	9e13297a5caced80fd62e78a244280192e05044aafc7cae4f679c1ba0d1da886
s1560	SATIRIK	200	c91a68274cc8f3e1f71a397f0501baaf3afe3c66bdc47a4f3ee80fd6ca943e35
a2867	GERCEK	192	1ed7d8cb38a8a128cae90728ddf8204a62e6975f3b760da3e9ca5ad1ddc9706b
a1943	GERCEK	198	6890f9c520b8e975950ad0f012a31d12747b5a3b977bf88c1bedda3f4082823b
s0418	SATIRIK	197	eb6554b47e0f8dbcf9ef1c7b57277849e8a1c353ced82cfeb83d1239294d1e3f
s1269	SATIRIK	194	945bffaaf1dc8258d21fad9a8e5c0f09e3217e7aeec77ea3bcd56b3be2be65ef
a3979	GERCEK	201	f1763251d7aff1889571ee8f89f310665aff7bc1fe81f912793bb8169f502f42
a1016	GERCEK	201	782b89f092a262fe2ab4c7a6ce74cae0f1ce075eb6200546ce5bee442b0c2a5e
a3230	GERCEK	198	749b747a85aaee64dc09bc37422843392425f12084477afd4f21fded995688d4
a0659	GERCEK	201	669752af31ac7ded71b699f0fbafe9d8524b6a324c4c44f4a7f0a0817ca16c94
a1773	GERCEK	200	e24deedf9017f91f27db456928c81cbe182fc10a868e739ec09f629d7e7789e7
s1502	SATIRIK	197	4eddecfb03a1c21e5cf701c8bb3abbc1f611ec67e08527dc964c871e64916502
s1787	SATIRIK	198	7770dd6b920bd64769ff44990340a3b70c39265de81d39c0722d4bf10964d0b5
a1691	GERCEK	198	34f44fee8f6aca011e3e22dce4dc4340d3f6aa12c3efb76e0568c7420e973b7b
s1657	SATIRIK	199	e6042514e9ebe7ed083230c852191eba7f9d8e0aca886362ca25f200b5d9564f
s0978	SATIRIK	197	ebddc6613c848a773d84d38d0389c9d3250c9fbc9e50c0f785ae9ccbb97d1a92
s0691	SATIRIK	199	3e3cfe26961c5d381f4d8b44d591d0d209a39042a0d1ea7c06e10330fb736662
s0769	SATIRIK	200	83fbf7cd4d8a29af321d5bc3c53186c20a59d1f9473b7ea244adeaf07051e1a5
a1734	GERCEK	200	34f2a66571c6bda7a5a6ac098a67222d2df9be62c9631919e56d7cff52586df5
s1874	SATIRIK	199	ead6efe8a3156f18abf726b3b983037a4dc5539b027f7a937d79d1d71db443e2
s0224	SATIRIK	201	cba2af99891e0038595589646e23bafbf03b6a1b74520d898a47a7635bfa9945
a4637	GERCEK	194	fc89b2a4bd7a519b1f2c6218825c988ebb3a4b85ea494d826a4767a8c3e72d64
s0360	SATIRIK	198	3ceda76b3d69b4bd8dfe5e2da437ac8a7d046d8224be18e72f16afde9d2de5c0
s1373	SATIRIK	200	1d3a2f03af527ee3ab0069ebc7ddac5151382a2bd275cb93f44cbe6918f5fa7b
s0393	SATIRIK	193	d175999027a7f9c4e4b64277280ce58566fe14c0f67ce86ede5d834508caced4
s0230	SATIRIK	200	828489f38278d05caa200d35d24d245af401842305305069bf87950be9b37ba2
a0762	GERCEK	199	51cdded8eaaaa3d5c33fbc11617acbf8501369c8955a05cf7354dd7b43cdb2d5
a0854	GERCEK	197	cf101745c6b6a0cf8b1a436da292845a558a7746a1147756e7caccf87040a0b4
a3798	GERCEK	194	33bf536a8e76aa378e73f161ae993318e6f5a6421ece4cd6f4cc372774638c03
a2745	GERCEK	194	95acbd34421808d8cda251ef56bd9190044345d843160d78bf6150b66232d6d6
a2959	GERCEK	201	7a6072c8a851db99244621618b7ed35e6928d18643213367506ce4e26b8d76d0
s1197	SATIRIK	200	ed2eff286f84acb60f5bfc1535b027b7b310ceaefc8141d547b6a514089996f6
a0785	GERCEK	196	d46a5d200b974b71b995b411abb0b65077167078562da0745d38606c1839f85a
a0683	GERCEK	201	b16bd59751e03f39deb8e311834fc05835ffd07d591a572b235a7007a52b7a3c
s2018	SATIRIK	201	4b4e4f6c2058d515c43a169d061d90b078a544246923e1d3f583cf8d03f9955c
s0140	SATIRIK	201	1c6b952796c463936e0a5563b757791ca93b4cee55a585d12fa769d93167fcf6
a2204	GERCEK	198	40928675f8e43fd24fc37fcfb8af697630ecd8655488f3f7233088f038732b34
s0146	SATIRIK	199	22ce6a4db541635ad36593d75a04100c5da6b6a53423723ac550ca880ccf7b93
a0237	GERCEK	195	3b732faa71d1f2bfe30da4e2b894ec4fc4edb784d8bf3d74e16673a76a908f6f
a4288	GERCEK	196	fc74097973c547d47f6aa09a0717512ea0bee07e43a9ffb7ff1353b2fc2d3a81
a2508	GERCEK	201	f442af409d366eba40f7e941a0dd029c22c01a4d59240a03aca977664367a0fa
s2134	SATIRIK	197	577d49851bfe9d8520058e81de6174f928ea2d803a23703cb24de26cc316ae2d
a1833	GERCEK	199	9088f6dbd7f7e109b712e885f323eefa7aa22bba8f6fd3863da11cb8f9979261
s1361	SATIRIK	199	b99e30f988ad7d4c277b23506dfe7e26cb56ccb7eccc1fb7682baf1658e0415b
a3211	GERCEK	197	756045e4fc8fc3013815ed70b79a158f28e7f5030f69726ba0db20e4ad39cb26
s0426	SATIRIK	201	6638e64c0c58ee443df33bc578ee36c3aedb534f21285877da450230d03b7420
s1989	SATIRIK	197	d33297356029e1e51b76bf0c35a1d478d37c40e8d787f7157509c59fa90c4a97
a3302	GERCEK	200	f79cff32a0e49eaad10d009eace2b48531cd30e6eafcc8e0ff10d4b98bde8052
a1885	GERCEK	201	d168e9b81f010ab419bce7d0b1d7813f4743c9e65136eac6c2dd2e7e3c5b8373
s0639	SATIRIK	198	b3c49611593141a9b2c07eb54e644a1a9456d48ef3de5d1a8b84418f1a34eecd
a0090	GERCEK	197	f040cbb6fbbf93b49c61c3ffd0e31c53e72be38f4865495d9c4b6361a3e7f500
s0272	SATIRIK	200	c3b33f6c69d4ca9e3bffb634886e0657082d648b4cc32352c5af590623cde4d5
s1358	SATIRIK	201	fa5f70786c587b04f5526770b8d195d8beb4b78043a545569f568757e5ad4f6b
a0977	GERCEK	195	853c79d998f0d785d88812beb5e11c9e88046a061003ad2a5547ec896f019940
s0148	SATIRIK	198	705498d66f321811cd482c5934193771e7ba25cc323497bc9e465c5fe7abc44a
s0445	SATIRIK	193	53346ee5c095867daa8286368b6bf635f652e871678b79dbf7a7f2db7247a866
s2039	SATIRIK	193	f8b8bdb741b3ed3bb3934ac86037c5356120f7c99171e1bc5631f3f0bf090470
s1863	SATIRIK	192	fd01728621c4da747475b881d904eda7a786a6e48481b544ff2d2ba8025cd9e5
s0866	SATIRIK	195	6b35e7948e54106698f3d91a5257102bcd1937176f10702cb608ee9866314c10
s2113	SATIRIK	199	051e04e0bc51385161e05244471e2b4df67bc8c0e919c31603bb643861b61154
a4653	GERCEK	200	e2617bc0a2f64b2c8db1872c69fa74644be8c5d7175d96ea9f8a5b34a47fdf7f
s0678	SATIRIK	200	f0703d74acf341091b13c1f3370d66c593c68eb52fa3362bd461289234ff141b
s0313	SATIRIK	199	b8eb55569017e86d2e924d2afa5b86679de8868ad8030c63eb3ff9ac89b48fc4
a0897	GERCEK	199	789a23175d8c601a753b417a37707afd23f18d49973e763662b96dc683917de9
s0669	SATIRIK	200	92ee6a1f25afd37b79c088ce196bdbcea11d8a6c391fe85ed7b45a82ad38c9d3
s0222	SATIRIK	200	f108386172afcd580f72d41487e68a6732a7848757a344debd4b76d5fd60603c
s0221	SATIRIK	199	22473c83909aa0f45526319e9a3f18cb4773b35a23c09e491e2081e02f98573f
s1409	SATIRIK	200	50c6acc0a0fba3e8a8952b54fc937500fcb04b4a07dfe8a737508bcb3b89e415
a4450	GERCEK	193	ca9b97e858e57ada94c0b3058111ed47b7e5e9a8754a35abe9a6008b1f903b5f
s0352	SATIRIK	198	db861abc3e5bf5d99b7772fd0d120616159c31aa9c62416535a24c383451914b
s0182	SATIRIK	197	8f9996cedd46c64436a3f07c8569f3579b765584aabca98f984750feeb15914c
a2568	GERCEK	195	7b3722289559ec808e8f18ce3e56ca5d94eee8a07ed037c030badfa9d544e9cf
a3049	GERCEK	198	38e865c5d56793964dd5c50d48e3ad763fd0d972b89f0d52e8cc83b53fa6f9bb
a4519	GERCEK	193	14faabfc7e6c7461f24bc008008f03d4b3ebdaf13a52ed9e774c56bae54e7c2a
a2365	GERCEK	189	5c7d4c354a0debbd0b7fcc190971978d8720577e1583fd6ec8b9ecbbbc88225e
a1955	GERCEK	199	facd8fe8010b43940f25d6fc70b65d9ae693931a4825a3276a7535b9dc018328
s0513	SATIRIK	193	7dda95c7c6eff977529a9b2e357560fc175c30db9f4e7012a6c0b472e01cfd18
s0275	SATIRIK	200	e5226c207b4f75871d60b362e3a0552b66eb37264b587bffecc399f87c80c903
a3563	GERCEK	201	1f92ec0fa0c179a292fe0161fa5c72373f562be4f30b433110110a87aff961ba
a2423	GERCEK	197	9748778b3ef670e20d63e621d2f3ba2dc6d09fe653fdc7a3a9cd40285a15feb5
s0876	SATIRIK	201	c0859f7a0e2fa4ffd0d5b93495c004bd2b068231730d98e6400ce82a4abe2b19
s0422	SATIRIK	195	c4d7e15a877de9389a29d349ffd139f453d8373c86ca2966b3c701b0b89ecb70
s0304	SATIRIK	196	c548c357f7589eb522fd59439b2604b268208ea403ab60f4f92a7f7f0134aa96
s1680	SATIRIK	198	10fe41c757eac2e1707ac718a4214d991658cd7a02059a720ac6ffc874499452
s1920	SATIRIK	191	e987c19da9061aa130e27e0df0481e5ca0b8f52bacd9c2794364d18e6df82dca
a3908	GERCEK	200	3466f169feef899acd9472a0a9a32753baa8cea48c486c1c92c5b611441edac3
s1356	SATIRIK	194	85d188bced5b2cb6069dd3d6460cba027824a520dff4a45b44882947eb4dd22f
s0320	SATIRIK	200	10aa51f7de255f12f106ae1d691be8f9b85cc6d8b289f471b0c203f2ea198630
a3377	GERCEK	199	42f0103aa53a9ffcc873d646bb211d39d1186dd98ad4012fbd99513ba302c087
a2858	GERCEK	194	cd4e3b9194854787ab8d732897633261a74400c9a3e60c5a7918395448f8b7ec
a0678	GERCEK	196	9b66a5c8a5293ec118bca2626bf2f7e2a2d7bc7c7809685c90619a94f61234d8
s1612	SATIRIK	196	8c10463573b2af5f53445c9d2b5d18c4f0a9845fd905abc44b4abbe1cfd3f1d1
a1508	GERCEK	198	3022856797d7f23f21ec80bd31fd1b6d5cf6254e5d6384541569eaf29335f600
s1484	SATIRIK	195	f2fe606dc186417470551e41b79948702dfba8c44c0c53d22099e7f921151f5e
s0790	SATIRIK	198	90db0f6fac89fac90359c1f964841e9b21608db89047a36b0feff92728b55abc
a2857	GERCEK	201	2732f50de139008cfd2f76b1eb2026af7319d19507823e53204707b0f54239b7
a3824	GERCEK	197	f79910e6a2b69d3870e0afaab205cab516d99a87350a50d63ee8c3f0d8b83b8f
s0990	SATIRIK	201	1c61f36a353fc041d90f09ef2b755738babfe7f776f136636f21ae23af1ce1d5
s0578	SATIRIK	196	439a8a2f5bd273b1790b1c97de08219b161e112aa1d8872a505df2a92af0b68f
a4200	GERCEK	197	103561552822ea39c107526ed6856c239651a8ac2fd6c7d0b34ca7094de9814c
s1466	SATIRIK	197	a9f6965ba8a66e30812f96d6d9373b587dd72d1f1c5492678d8bc542131e25a8
a2222	GERCEK	199	c9054be72b674b1b5511df585287480270ad53a06fd6c62eae0ef9a7c61065f8
s1950	SATIRIK	200	5eac74da2cdcf42f96dcfeaf1ee562f8e3dcb190f2aa2a6c7bd8f64071bf4d7a
s0166	SATIRIK	197	8cc779447abd0e772d65bf6e2b2cdc044d260fc3db5ef078dc3ebf28d6123e30
s1322	SATIRIK	195	2dc5b032d54de33d73f0a14eccc1f416b300ec22b53b1f61210308df633a55fa
a1820	GERCEK	197	4491904326e3dded7235f36365cc08397f8bf66031f29fc9f99bc31ba866b59b
a3227	GERCEK	199	f869265f9e035919d3dffafd9ffa82660b492364474c9ef19b153bc190d0a313
a1560	GERCEK	201	b6e8c83e1f6a776bc8e7b0fda52a8f04b1ddac085977dfedeed5bed8f59720ca
s0637	SATIRIK	198	1fc668553599968bb8d7d2c085753ec8e8cb68f52da4b710c5a75d748ebc78e2
s1799	SATIRIK	199	6e94fed21304a34e435ae3c55d789b3dceb70a254b1f027031cd4cd42db2b2e3
s0494	SATIRIK	201	1e3cca37db2d8d3b63409aaef2ca4b0901d9e2096dab9ba0c0accdcc0b4ee5ed
s1116	SATIRIK	191	059d4438a3fb5a8fdb75a91f9a06dd92b37c6391b617d59e861d2a6f8ef0e49b
a3072	GERCEK	198	f57620afc2142568b58e9a12922518ba745231dc21fbc9e301856a9b9831d442
a0476	GERCEK	199	a0f635232378caac015edfceee6013b3277d29dd50f38e4d9aefbae234b10cf9
a2946	GERCEK	201	34858de6ee1b8e98a1a082526ea3619c4b766127272817a242b3081989d4f22e
a2219	GERCEK	198	4d7ed40549b922c78837b7edf68197ec7134725796565cfd8b1677c5cc2cc3ee
s1672	SATIRIK	197	bf08612d285c0d69eef22023a626e3ac14f744a8c80e31d9a48eeebb3004cb41
a2532	GERCEK	192	e848b1997a9bf120477a3d04dc724158dd3615abb207961c8c6da54c55730e6c
s1587	SATIRIK	201	9d8d6bd649973993a5ae66fc698ae86d72882ac85ca2d57f8058a75cb41cc57c
a1063	GERCEK	200	673f26069d2bf388e494d825833174f81b0476b67479ea90557f529cce8060a1
s0321	SATIRIK	201	672da7b395ae4e7e6da411000c789168826f82cb504b2eeda0a8fa720fb908ef
s0778	SATIRIK	197	9d203eb9e44bf382111972a383e006b9f6fd27670ae021b23c0fba08930319be
s0675	SATIRIK	196	fdc91145b111391eb60b1a79dad8e528e7e98a5739d42c6a81caeef105cdb78e
s0413	SATIRIK	194	131cc921fa8835e2af6e5fe3e7064d76e6ae1d9e9f059bd65ecd85367aee893a
s1798	SATIRIK	199	816ba03c5ff1051cfbf3bd8a77d8e812f5bca4d6eb03698ac872a98e0beda87a
s0184	SATIRIK	199	0595195b5b44f6739bbbaa1e84075745ffda50485f1c8877034df5c49ad84eba
s1445	SATIRIK	189	03c08f3814d764647ec4598966c4e29c926e06bc4d5ecc07568936e8d58eccf5
a2126	GERCEK	200	172dd60e7bcccc7548a8a603693fce701bfabd4e9bc1001d0e1cfce564196bdc
s1576	SATIRIK	199	2b01f09ca6676abccff4fd596db091fb1750da0e702df5f6e48c97c80e62eb0a
s2031	SATIRIK	197	fea7398c06f94d7416da5d3254d50d9acb17d0f74f9944e96add122374b1fb15
s1099	SATIRIK	196	dd2dd6568e0f36ffea89ffa62c3c63d408839959db66a30e3bb64abfbce250bc
s1339	SATIRIK	200	f5bfeb867c3258f801649fa7bf43eed284c25dc6edd9c373bae31be8f20321f7
s0848	SATIRIK	199	7c1bae705df9094e11364614e1dadf29ce0058725e8d37adc92202d194c8bf60
s1375	SATIRIK	190	cc217e71a2d1fbd5e27d539035cda76bb64935b24f2c303bb4417ee9389ab1d9
a2424	GERCEK	191	24bb89ffbd591e933a7c6e2095ec02c81618badebf12d5df327e0f0aa3579b3f
a3738	GERCEK	198	cb3edffa685eef4581bd3808fa1610fa6278883a9bb7272f665aa400f16e544a
a3901	GERCEK	200	c27b4997ca1b9bbac5d9c3682a44be7c4e2dcb0f6785b39aedf1bb3b79efd319
s0392	SATIRIK	196	3a479a25b5ffdb6303ad0da91439e2de98191fc9f78fbe7df84fe721d019bea0
s0590	SATIRIK	201	ec18bb349de0b1896f98913048918bd3cd916df8b5b24cf380ef2b9b871235b1
a2815	GERCEK	199	d467a0a3d48d4a4d25278c14926fb11e59b58dd1644d8dea744f3fcaf863792b
a3425	GERCEK	200	f53b48ab147f12d41c920ce11b7a5ac5721b27bef84e0a537a9400f689adf16b
s1184	SATIRIK	200	017c255b4f04e9c6d1a8a569c8636075c20614dcee67ed34921ee05d018b2c87
a3795	GERCEK	201	3ab147963e4f47d954b148f83d006eaa022bd9f764c49f097a95e2401797c857
s0540	SATIRIK	193	936d8626887c79d5d6d916261e52e18c7d0c6839d0fcbc3530da0f9337187801
a3649	GERCEK	200	8250613b54fbe3dae15e19aa45450cb259c341373f63486f2329b813b09b8f98
a4256	GERCEK	197	d98c34e557adbe36cd4b7dd625773eac0c993d7e17c091c11f110e03fa2e0694
s1178	SATIRIK	201	d26b379b7fd346b1ede94b1c4f2f8f9d238013d14c25598ee19e3b0f4c16be74
a0976	GERCEK	201	12589db32b46b53fb2238314433b2657f746d7b1af6876b47cb182aa532ce50f
s1966	SATIRIK	197	749c32bd307a2a8ed220b249ac87f915c08891d7be29a62f7674004c66e40a2b
a4265	GERCEK	200	478ff737020f169b91c2d13c576ca5c432ac8f3a70334f81953fe0c7292ed0b7
s0243	SATIRIK	201	0995309e0904e717a62fd8f6e47cb6c33da020da1266e3554f474e8693c23d21
a2898	GERCEK	194	e1716d1c8e01ce8ca3bae79ed9101b504c186f4da8089c53180bc907f016d488
a2362	GERCEK	198	cfa0ce399d3dfa45a0cf9d207e58c2f11292adfad9ff0512ccc56b7a7fdae8cd
s1448	SATIRIK	196	576cc1f54a5d3eef3cb0354e9f135957c1d363440e2ccfa6c20927184d66640b
a4000	GERCEK	197	33bfa997dc85ea26e67693d5b752221bc6c4948f7aa3c1b8789d6cb1a2ae83e6
a3670	GERCEK	197	7a68c8d626986620c3a9e912815149b032714957395eddeb07ffb59402c88433
a0566	GERCEK	195	de2635f5295b378c4795e3fe15ab2cac7cdccfa87c32bb5bbd0d4cac0af1102f
a1806	GERCEK	198	5ddd8693b0e08ab8b48b7dcba6586cdd08259ec78e8d2d3fde945d05c9ebe882
s0407	SATIRIK	200	85d98aeaac88981a2ffed2c50ed687beb9e9bf4ffb52cbf8ad38a3c77114e2ef
s0631	SATIRIK	198	ad7de1855d65bd4d2878e3bfaaebdcbfce76195fd5c2d0f2b6a44846507e798b
a2310	GERCEK	198	964da00492c83c3160fc0abe5b4ef6f93982ebfee5f4edafc7aba5e93344c0e9
s0251	SATIRIK	193	41c5f9b99290d77661cb5872a25cbadaa66eaed8aad4fbfa3cfc74297831f210
a1916	GERCEK	199	873c716a746776dca0238f8bdb556c6ab11e2e44293232417129cfe1d81626e4
s0547	SATIRIK	193	78a684082c1c7c3e8dc2cf594d05b66dd9090101d3cc4101c66e6d012610253d
a2610	GERCEK	201	d1f9af9af2330c664b445ff5160b66e34aa71de294d58e3560bcd75c372e0925
s1887	SATIRIK	197	c400f25e13ad32ba116b30c5d349467d7579e26fe2ed5466c868e86987d6578c
s0041	SATIRIK	199	dc8c7caf76509fc00b30beb3aea9dc066bbbec6be6932608580d706fb7d93c99
a4689	GERCEK	197	91049064c49e5bff0195825b897a154c7befef040872cb202ba729c45db8ff8d
s0559	SATIRIK	194	b402968394c4181c8f8c87bdd4ea4e46c4b453f06a1baf4758d11c1d943c7f63
a4356	GERCEK	196	f2366bfc389b54f215ca643971b0db75745eed8274c7e483533d2f30bf8bd25a
a4379	GERCEK	194	58b538c1c4c5079929c0d8cac04d578e764e761521a59eb37971f7b343569ac2
s0617	SATIRIK	197	51d8ad07ba2eb0e8cd1bf14b5d10aa6244146c1e4baa36f1e645b352b9073967
s0594	SATIRIK	194	02b2d567b69b3662bde4e7761a697f0e5f29bd8af64fd95dbfa4f0ca2200b951
s0600	SATIRIK	200	81366d9758f521720bb23c291448c7c651c81366de1af0bf345c4eb9dec5b4ec
a4489	GERCEK	201	3fbf7d46cc2a0b4eeda9ca5292024a38e1be508430ae32d8a7ad114841046736
s0173	SATIRIK	200	6ce72d64fb45a4c0f8148d7265e891669e849d804f34e0b7ab915af28bc6345c
a0630	GERCEK	197	543829976fd5ba8a29061ad6fcf7be496c480d46e7cd066e8eff5f49b633020d
a3177	GERCEK	200	64e04b4b037ae2a9e220a3da40af7f6a201f678c73147bcbd1d27891218fa8cc
s0887	SATIRIK	201	df5aae433f813d8d43a1f3b0f8da9b0e5b7481e4cdfbcd58795fc529bc73a59b
a1740	GERCEK	199	4480c5968fef0e6c8b2d243c1226959c5f2ef44bf490a9022872060088a1888c
s2024	SATIRIK	195	9a1afe5520473d9c2d1681003cfbac274f309c2ec72e96c1683c0cb57a4ccbd6
s1219	SATIRIK	198	da64684b74cdb0cb517edf3e58fc06bbbcf99692b2c8ad6879671e5d191345c9
s1054	SATIRIK	194	624cc5d695aa0539029300b2b2fbdcd8fded3a6e6faf1c4010d7dbb3b71bdabf
a0611	GERCEK	200	0d386a7c970817b02f4034d367ea7e42d4bdc211697184151a0fe4c7b6760245
s0816	SATIRIK	201	7ed082a1db0b485e8791229409e08ec9d20e8fd2ab1e33b2e600df4093d6bf74
a1255	GERCEK	200	bc88699749d869a7b6de92a6575a957879379c77fbc073b79a41b9e8f7311e6b
s1955	SATIRIK	197	ec347d60b7ee8739e92c87c36be6930db076d6b6b74cb1c8b7a960dbeb0a784e
a0244	GERCEK	193	7a08c829967c74cd57685f6e1b1a6633bb316e5f44dd2f0475e0462481aad1b0
s0938	SATIRIK	199	f1640b9cc861b488299245d3f9c6b3a010845b280bee8affc2e6784506b6e16d
s1459	SATIRIK	200	a0b52f867b1086b332f2802f200e381963031db0d3b4c510c1fbd4b32b45b404
a0908	GERCEK	198	dec0f07485ec3d8fb500918330631a085209a2729e7904c630a507d622ffb8c5
s1827	SATIRIK	196	d1273c0117559b8b01513abec66fedfcc943c698979d2cb6bf9e424f25f3b4c3
a2571	GERCEK	201	cf2f018b8545189c1982e0c8395d6e124910b895cc741da156aaa6f8900b1155
a2962	GERCEK	189	67f9915b6bcd9b39dc97d5f8ae4facc004cf853ad10fa5759268c7ad1c57cd79
a3220	GERCEK	200	d4aa2f426d65612be0aa29ce8c59fc2fe5b8921dc7c0ea5dadeed6665249524f
s0587	SATIRIK	200	d6ef29c20b97baa74df03d55f450f7750c849d70b86406b439d70760d647cb16
a0074	GERCEK	199	2d1e9adcb9813ae5797a7e5142c3c85d0bd340bbe987a0cce696856840a91f2b
a2429	GERCEK	195	283cfd5e91675b4f95ca281a1ed869d99e6c23a53c89de3fb300318b356c5926
a2358	GERCEK	196	f60b75989661dbd080eac4ef2ad7d5140a98beaaca5db7a912092e4fdf001081
a4809	GERCEK	200	257294df53905f38c4c05a97ce666b1f493fe6884de9facea64f0ab7f061af59
a3403	GERCEK	200	d9d8d3d7ff01ed6a397eb172ec8f413e2d14b904ed2cf1170041e68cecebbbee
s1924	SATIRIK	198	72bb529c2e1b9d41b4a53c311dbde1231e29c4f35b8df26de60d0290830aaa6f
s1600	SATIRIK	200	4817718f295ed08e52aa18901321bf57597b487b63e04381a6c1c1eb67740cb3
s1257	SATIRIK	197	4e480adfb6ab692b33b10f6893d2e1e1ee9eb2f13abbffdb0c5e0295f9f266b1
s1462	SATIRIK	199	30992994d164dcf7df42ab513cf3469628eb393da1ee84ee35ade1fddbfb2ccd
s1229	SATIRIK	201	b82efd8fc86ac2d90ea8fc9c8865b678b90f9da4b38a21874b737547a407465e
s0078	SATIRIK	200	308a4091fe13f8896fbab574b65ae7dc856df085abd13b58ac81289ba503e451
s1515	SATIRIK	201	2d98cf008e984f848ffa7b3595b3f322be7d3863a72641ff0a5aeb025492c8a7
s2111	SATIRIK	198	1e9b93dc335152406fb52c7f38cdf26832aa455608032be02da4fbb08ca00bd1
s2087	SATIRIK	197	3152b5d8adbc9b06fca59896ddab867e19b32906bd1ad17a4f6c23da900b1d1b
a4848	GERCEK	197	b1fadc208988e59db4d64e4a6b45ba33094822de587ff8a166234b610fd45b7c
s0098	SATIRIK	201	2a9a481f4d5f074049d83b6c292cae5452d82a2772513dd4f1901205180681db
s0315	SATIRIK	191	cc8dff81d0b65e94b90d24f47da9a497938cce38dab2373b6b5e36e0b7b0b814
a1409	GERCEK	191	60b7e5267c6a068d2169a0064596170428472df034a16d7783e0dff63c0f4108
a2608	GERCEK	201	8a83fecc07f7749c94a71e45c723bd9cd2eec636dbc722563218d69a076d5b6e
a3322	GERCEK	197	9eb8918b80bb501c0cec1c52fc498600e83de31f77837fe625b45604fce9e3de
a3994	GERCEK	195	d4ad38eaf0ce88dc16e36b2b0789f0b08fdae3befa81afb4468577c14b0ebb95
s0444	SATIRIK	201	b61b574ab4b10f7d1319527da611f55d25e95c27d2cd029f2775a67dc8fff8ab
s1908	SATIRIK	200	ce4ce84f8349f1f14d5ea7108e988dc68aeb247e18183c363b9131003d51296f
s1136	SATIRIK	198	436f98b3b7f2f471dbab1092a9fdf0f42eecab9a54cd6b8f9f258d5e07a74b25
s0894	SATIRIK	191	5e535ffa64feebf85ef56ccd81ba09020d9dd30217f33166a43039a7bb6970fd
s1985	SATIRIK	195	08fc501844174d9a4499dfc27f08fd73cd1016f32a7e8c12d7ce77b9748d9b9d
a1312	GERCEK	193	4e8aff0b05fe65624141973124282dcaae2bde551fcbfddbcbb16371ce7a6230
a2874	GERCEK	200	8da42b6ce0598ef3eb9d9e1d611ef853278de7cf049aadfd3303df5e6759583d
a1614	GERCEK	195	a1838be7e49e547a4928cf5d3403e36a6bf5c34f94900fa729479a6d3ef0d0d2
a1966	GERCEK	196	91089c9bf9993274dd3d8fa81a1e8aeb3d3e7b64072351b221bbdd07ce0a0823
a0097	GERCEK	193	cb277d76f2e12230a279db5d4dc4b922f0c885f5cb45f646bde81f7409d57f5f
s0870	SATIRIK	198	ff98c0cc611bcbef53d33496acdc0d9a5e797e3c5274e5d5e6d5ffb30dbcf90f
a4312	GERCEK	196	a130e546377f4ecae1f1caa689f918ac4e759eb9828bef103dc1aa80c9d754df
a3956	GERCEK	194	0335863c9b4b79b023ea0ed9904c5bd6ff372ea6dc85143664781b18cdcdb384
s1370	SATIRIK	201	745f2771e73d9979476119c71ce617f583b014e691476a9373f7f1430d846e39
a4732	GERCEK	190	a30b5b1a9a08091a967164986f204501b28632d160fb83afa14ce31d3f599020
s0159	SATIRIK	197	09ca1125e0f44540923c34f918c27fba496db65699451f0c4fe70c7bc4612c10
a2297	GERCEK	197	ecd868904186c4ae66252051fa023e8df5a1ea360178dca231bcd5b2428badea
a4746	GERCEK	196	273cb8d50204d5925f5b79af0a65d3f549126e5c0c3aed0c98fb487b5f5cd0e7
s2069	SATIRIK	197	5963fe3768ceb9aed53714daa39659f665cb26615e17eca1c4d85e9345dc625d
a2125	GERCEK	197	bb8bd62345bdb4f898d607292cc596bb5a29f021edd6cefefd60d6f28dbd72fe
s1617	SATIRIK	198	2ff6eebaab6b83bb56d5a5b858c0fbd8cf6bab2d33bf16568c6e7d717a5e80a1
s0394	SATIRIK	198	d3263a3cc844a561ddd28bfc7918f9c65c44515f0accdec9b661c580d84757d4
a1203	GERCEK	195	62c0832f7be4e639f3ef8ebd4cedae478e23429b8e4c91dc630a8b23445e322c
s1226	SATIRIK	195	adf44bc8f2b6a390db5d903b73ff70dea4c676ef2d887d1f861bce1fc5699843
s1720	SATIRIK	196	3e3efe7881f9b1c1dc1338baf96dc687579f7f16c8f5e7b5982d66488e921c10
a2674	GERCEK	198	807d544f3eadd9fa571aebc81b87f7032ee47f9fec154c79a764932b9859e3fc
a4493	GERCEK	196	a2677531d1340f47fe9d11d8669db27b18a0f394a5fef120b8e1140182fe6a81
a4410	GERCEK	193	0b63c1d7e0ee964e46f127357ff57b83939869b1f61e50add100b405e8c696a0
s0935	SATIRIK	201	4bb0c38fe331058ce8847f561a307e696182dc061e1029c31a301b9c8b09b6eb
a0606	GERCEK	194	bf66d68ae291191b67186a63576a75fc7695f8cc3237f33a89ea0f612036feaf
s0451	SATIRIK	197	bfd75f8a4749dd91c35c23559c3f46a69222450375f7c9a703ffeb36b15a788e
s1299	SATIRIK	196	5c5abc59278bf58002df55d2c72e41e1d00ce1903d63cc3dd507e59c2c69eadf
a1176	GERCEK	197	8ddfe3139f6eec34482c71012a683d72bdb965408bf4c63638bfab2f63b9b49c
s0702	SATIRIK	197	1d8c942d5e9ba6b462eceb8406180621d77b3c994e6fd635ce0ea093a06e0606
s0804	SATIRIK	200	88d27e1e5976f9a74082aede4e1754edeffadf2e0423ac4246b8af477c0694d4
s0741	SATIRIK	195	07f74003f8703934f17205d7feaf6da25d2eff66963990567f93b78a9898d028
s1032	SATIRIK	198	9967bf552906dee40d0ad8dca257acac66fc9e7acabd0fee7fb189c21daeffbd
s0553	SATIRIK	199	c1097a2b5e85e2011975fa04e4c3214cd8636423de6c60a094c0ffb1e944552a
a4258	GERCEK	196	06d13a3e7f73bcbce6c2832c724aee0a4a403bd6d0f21b2311d5de87ae548fc4
a0644	GERCEK	201	bec5837704862d97f96634276382ee03479a328b326920055a58ba5d3d18d7f6
a2729	GERCEK	194	2d22861202ebfc030c9153a92cfcd8fdc5e03649b04e5bf80a03036bf93dcbf5
a2810	GERCEK	197	467b090ee527c22de835929892e53d17cc4a35d08964e1a6b97117b35b27f6ea
a1377	GERCEK	197	6ce7e81c67527cd59ae58f22b82eec3d68d52ea54cbf940a0d63f3238272fa58
s1813	SATIRIK	197	f583d45f2503345c9ee8f6acf5ca36f32c58a1901968cf440e4e823aa78af9ed
s1267	SATIRIK	199	7e03e71bb1331a6e77dfcdc257e63e23b225a6f02e37ab65995f606f259bd4f1
a0153	GERCEK	201	453442dacb6c4c4da1ff87fa7ced904401c008f4c53e265e760475f937bf4132
s1563	SATIRIK	199	86606a6820344725ab737d31bac9aa88ed04e367a3f5bbc81afbf1f9ec507e41
a2116	GERCEK	201	c1fed304ffab21417ef526919b738d56dae74a5940ecfbc25161adb552328156
s0844	SATIRIK	195	bcf9d70455640f806bec596a1caf631a00eee8db022b52993af2516ac4df6158
s1925	SATIRIK	199	3b631a86052d1836ec00669015273ba7c2feb7c23020f305126493588b1c33ee
s1685	SATIRIK	194	5647de76f7f2142b486d649e002103c895881476c030e93e8c7ffe59e6e5c83a
s2003	SATIRIK	194	183a6d3fb89cdc0a94c547f6925b7f98c7ac326b533f1f9530726f2ae98b4522
a2942	GERCEK	191	29a090e5e4d8f9d0d0587986760f670a30fcf925c3f8684311666a9dd2306b88
s0779	SATIRIK	193	9e1a50d1912c555116c45f79654ffd20d1fbd3b8f13b9765761537aef8da65c7
a0935	GERCEK	198	192c6efd223b84a6f2761156097b18af085b5fb52d8a2e85b348f8260ef665bb
s1117	SATIRIK	200	6f70690cbd6925d10947b9bece5989253ef42a884f19675b8bc22d1efcadaecb
a1507	GERCEK	197	d06b72b383e5e16c2a19d3eeebf3b6fba5fd942a040b61613832c9b29bccaa2d
s0265	SATIRIK	195	fa89aec7578ea812ef897e424ac740383136a049fd2902bb2dafa8d94a54c1b2
s1216	SATIRIK	200	cece1eb464299fe6c283fd77295cfdd7c602b1176d8c9c41e952b927ad88ca69
s0325	SATIRIK	198	01ccc7cb0e3f418ea0a8c7fa4a9d578d26df5ebbd017fd9a706f6552b1ba3950
s1460	SATIRIK	198	13de741472735c9a870b811d10cdc814e470af8cabf1cc11a053e4848500ec84
a4394	GERCEK	201	a8a285138a6ad5e945da80c17e72903bd6cd0c98ee06418fa82a35f6d0582379
s0871	SATIRIK	195	7aa7a89a4283da6d45930a37e3129b0cdae4babbcb1a1e03f55397a25dace921
s1287	SATIRIK	201	470e97c737d7aaed904ebf7993bf3ef618ae912c28cec29f45b4d89319e9627e
s2064	SATIRIK	192	1fdd6fa31ff3aea04cb3365e104cb8cbe2979aeb8fb359082a89e5a88c990af9
a0631	GERCEK	198	37d1d83ec4b224574f425fc774bebf19372e64f4f5149055e12f17f47c84ee3c
a1197	GERCEK	191	c6c282a0af6a5d60ad3bfd0af88673aeb909b7b843daa67e528c5d5b56126d42
a3728	GERCEK	196	2a08c1490132da6b8fac7daf44fa346cb0ed433a8c9714a25fea853c7c326da5
a0988	GERCEK	199	e6d52e020661ad38b28a8d0d9ab0cdcb87607e220f7da9f44b35cad6bc9c7aa5
s1045	SATIRIK	201	feaa5935631d2f32737f8cf54cdbba62be890be94f391457adada8012d50917f
a0104	GERCEK	196	7a6e99c1dfbab5fea6cff4870bdc63ff7d5e0ab2298a56cfdb56555bdb4fd2c6
s1837	SATIRIK	196	111d122a7266442a1bfe0c99c2524d1ffd6b91ddcf0682971deafc408cb6f3af
s2138	SATIRIK	199	360204f8b246d6e933c4725b05d970ccd793156599b84a83e50e417ef6635d21
s1643	SATIRIK	198	53e91ea63cfbaf66a95774ef704529267044dcc15e1cd794d842efb3481ae5a5
a3699	GERCEK	189	031b6d83ab882534d08e261b001e3e86d840cedf71c69de676dfbf208d75c1fe
a2367	GERCEK	199	71a0749931fe65530ef7423e10ba8523024ea81baa0f40758aa73a1df4cdf97d
a3182	GERCEK	199	924b90530a71802f427fd6dbd596382bad578a269659a39c42eca299e7a90f29
a4510	GERCEK	194	1993a2ce50f2747393cec28175b4905dde777e7d8bd07492b3d01156dd5689ed
s1058	SATIRIK	195	2bae9a6b0a728891d2f2cde677bfcb1da475c767d85e5d896681b41ee7c09c6a
a0612	GERCEK	198	b8e8d91d3a6be72230ffe061fb6d7c46ef764ea26dec685ed837002ecb460261
a4408	GERCEK	201	800385c7737d7f298e4c762dafd7f13726df75c51c4acace3a91eab0b716d01d
s0056	SATIRIK	192	d5a695f095fc4013dbf4e254778cd73501b9ae9137781380c823a1405f97a247
s0785	SATIRIK	200	112d96456fe47c29aa3793aec824c410718815c1752ed1e310c608624142401c
s0489	SATIRIK	196	03f3297801f8609ad71b3d841902cdd7c89c765aced9f162826c05f1741467d8
a0734	GERCEK	191	f0b6eab85f8cbd1b85a5a2fa29130babcc8dd6de59c3c081e4b13b5113c32f15
a1192	GERCEK	200	ccaf23479ee003840f4294c82f676734e764878205e7d46b9df40cbcaec732ad
a1291	GERCEK	198	17365f7c8c9f458704d8a10b38c34932ba1f1aaa82c4decc404400ae2a6ba51f
a3282	GERCEK	197	eab7dd42efc087f5da4d26d7077d68f609c7887783c24bf2fa5a45f6b5f53daa
a3346	GERCEK	200	d5c728a970c719bdb68b751b40c49945e696507980b93a7f1912fb7b2354beaa
s1103	SATIRIK	201	60d7aa6fa2116bfdde94bfc0cf682577e0820418ecccd4bc3be7d93cedc2389c
s2092	SATIRIK	200	aade0af9998345370769ae2af7412ab9b06ce2de2e153f57dc78fdbf7b7dc83e
s0873	SATIRIK	200	d019d64adfe0d99f773ae19d727a87562724d573db4a2b2a8b2198604347ef11
s0311	SATIRIK	196	ed08f47d19f49fbbffc114132b2269091afb308b7218e9077c59cf221094bbf7
a2228	GERCEK	194	84a75bf958ebe03422515e64bb50d8bcd1f6ec9771c0bb9a2957a45111ba2f8b
s1398	SATIRIK	201	ff943460e0521c49df7b8ed929a4e0e6c634271dd1254316489b9728011ba540
s1738	SATIRIK	193	d9b7e678b13419b05012ef65cfbfec35af6d32eadf2bff185ea26e85011826df
a3638	GERCEK	198	98415fb05bf88973ecc03cb215f769e4429b0ea4f0c151f8231a85c6f86a9bc0
s1658	SATIRIK	193	746c86b2173b929a350229144942b60d86fee59d7491cb88d40aa5f07fd9e03c
a4174	GERCEK	200	17965b69dc2cc19d69f76a7ab13eed919564eb9ebfa79494e8ba8b484a9b2775
a1329	GERCEK	198	89e21edaea8c7b7fb0484904f21ad2f22301c6b923ec8a9f0259d21b6540d7b6
s0610	SATIRIK	196	a9986817cdf53349cd1095303320234f465778c798d74928092baafb626806e9
s0543	SATIRIK	194	5a4291718c4b26b9260207ae11afd23b9c0692c6f3f61b015ca765b81b426fb6
s0389	SATIRIK	201	40853a5d7b00eff864348b6d09418a65f4dfd753b521161087e8e6533e6c4533
s0010	SATIRIK	192	1514f9a72c8a33fbe39e62443db07c09b868be465f1b04a6e189c0b9ab0d5f39
a2549	GERCEK	195	96e656ddf06ba27650144f724ca3f98ae353af44dfa7ef5939f4c358f3682c98
s1376	SATIRIK	198	e04242b18b3bb5dae698351ab740c2d354308a1bfc5036ff74b20e27db499583
s1181	SATIRIK	200	9d8d9ecf2c39173bc80f0b62c9c776326cac1c2be4dae9aa275e0fcc6b83dfd2
s0267	SATIRIK	189	8c4417b636b8ebb1cbfbe80f3645dabb0ccee71e2dc7ca31c6d5957161e67c7b
a2928	GERCEK	200	f8887826794f8c22f0632c152d8db1bd9a0ea1d9f3dd710d00c5a7f313889bf2
s1063	SATIRIK	191	45c26875deb23397a0832fda9c3d69f40c1c2d7704dd065e8c66398a9702b1e8
s1151	SATIRIK	198	95330d1179b38e779a75bb02c754ff2483ec42e628328bb2aa2e390224671278
a1945	GERCEK	199	f023b3de5cf58990d8bd7579550590808f55d8d13e482a05e39e10f8238dba91
a0777	GERCEK	201	96dd600a26c8a4763793d78a3b77025f434396ffed89d0feb11afcfa912bb4d6
s1333	SATIRIK	201	909115feca69e2fcfca92577bac99e475e05a8009320e63ac7c43236091338f3
a1652	GERCEK	200	f5e954da74dcb9b831106aa62802d61de513c974cd57556cde03b42c705007a2
a0267	GERCEK	198	9353bcec6dcb001d721f1a698c80dca3e28d60a1653f83096a1f132f9b1198f0
a3468	GERCEK	201	4bf80f95571b37526b7e1e4cda218ca7db8b3894a2ed53573dc5e64d3831b9a5
a3977	GERCEK	195	19cf243cad24a696cd2b5e8fa9b26ee8f3fc6d080e2961342eb8cdcce38084cd
s0385	SATIRIK	194	80f94ba68983e450e62cdc23df69d1a47c5ae8f5a828aeee54ae1907c152c1f3
s0028	SATIRIK	199	5a98a17ac2abd2db0afa04b2fb9b2fc1c471f0f4b68657edf72a84324f2dc034
a0884	GERCEK	195	67b4cbe5cfab800d221249617661223c2e69f7086100f227a125bbddcc0dd5f6
s1297	SATIRIK	199	9e5a394514e494e595f863312c61f5d49415c9d3599d4642d52806e3eb27b34f
a2093	GERCEK	192	a520c0f07a221a5a84b1cc8d90e6568e787743768c9b9630304b01ce4d714307
s2019	SATIRIK	201	e6f1836901f15305fa0f9b9a658fd7eaafa23eba0c127dee028d00080a53e857
s2100	SATIRIK	196	182cd656778b9b974700ff3f59af428cb2bd0b6fb2502118419237dd4fd27e02
s1202	SATIRIK	201	86555db8bf7c396ce8752de23d092477637d8f6399f47f354cb9862039498186
a2271	GERCEK	199	eadc422ab530ce782adb6fe093011efcfe1abab6be2ad4f71f2de26a2b413a3a
a2783	GERCEK	196	4f4bed9b5b951b89074f111756a75852fc9d042b1331f405c30c3d2fea2899c9
s1993	SATIRIK	192	7d614cf5e121fdba8aa0d02caa2b8aeec3c971ae8e0aea4d5f8b20a3521436c0
a4116	GERCEK	195	3b3c29b273b852ff92e64dc83c03b92cb6b1a90e4b32fb9c575cd79ad325ffd0
s1703	SATIRIK	198	6eab4f3cc57c3648e314efcb92a32a7123e7800e8f31decd93aca45711b8c610
a0469	GERCEK	196	4ae4282d3c78dcc0fb8619d39e00384b361a47b4de8d67ad5830cb07dac12c8f
s1091	SATIRIK	201	bc9263ef4e6473351c942c047827930de0afbc6b7dd877ff81e02bf2aadd1d32
a1921	GERCEK	199	b70344e1736bfae82eeb303e0f8ba857f8c390c5c747a3d4fcaeff73ea682643
a3955	GERCEK	199	611dc5fee56060635e29e69c8c47261a540b382d0831fcb88a8aed8b285718df
s0226	SATIRIK	199	4ae6d77ff82509ad3812b36cfaed8d9c7b78a7f7d26af63940e10e3b0246cb4b
s1524	SATIRIK	200	5959661f5ad4a16c370a1e0eccd3e0a5dd5181bdad5e0e40c7ff51d063b07a70
s1340	SATIRIK	199	849594d5993562b5328759e5c7d56777117c443302672aaf47f2af599d7e684c
a4371	GERCEK	201	b4a93f40bb4ccd1ebd554d0add8dd580d5137e28aa790f8c89370c4dad5a28a2
a4040	GERCEK	195	cd9ed014ae04e18bb47152015dcda13e8049dad5c7b42fb8253fe537de29697c
s0521	SATIRIK	196	07aa64b88b775343b4e649159961b7ba9d13b5f80d7e1f9eb162f29385f710ad
a2543	GERCEK	196	77d1f2e94048685ff2aa011cded7cc828576fc33c139419bb509fd8652bf4834
a4246	GERCEK	200	ef1aa41020385956ea48c9e03a5cbcd9b4b5e6d11b4207fe24130fda7d301728
a0108	GERCEK	199	6f68343758f775ffd701578514d2512da92d060663a3d2117d6db95cd4c25e68
a3165	GERCEK	192	f87436ae5b51987a2c0198a252d3b95ee8b2dccb676be5da5ad25bcabf7491b6
s0402	SATIRIK	201	e0c9c7786c5d4059e88e42bf736e60adfb3cc5ab491030bb4470eb34d87cbc04
s0409	SATIRIK	193	b5a2d6bb985a157c659a018a60a5096c621bd642afc2d337ecfaf739019c5e2c
a1728	GERCEK	200	68a7081c34f9edbb9eff35e6e074b1109cdaf98ee3070b176c08ac2ca9f80bd5
a4245	GERCEK	200	2b712080733a687fed704357f01211b70d275857ed0cff605d8cfae735d96b9a
s2034	SATIRIK	199	5bdf31966500b0f320586ac483d876078d3e5af157292e40bc236b8b0626a30c
a4332	GERCEK	198	73f10cbaf3d05c84eba38a865c9b890cd3f27de79ce5859222d2396342eb4865
a0061	GERCEK	197	fdb9416878a8eac7b641c842420c15e758444786dd75949d555cc7289a5b69ec
a4642	GERCEK	201	5d2b9f81f8ac131f7760886915c74d3e357bf05b1f232234ce0f23e794ec321a
s0302	SATIRIK	195	5417dd10472b6a61969d100a17f9541e3036167cded7e70820ceb2f601bf3d0c
a0070	GERCEK	201	da04a43c18af0a74cd23840d82cb8f6df5f7a5f751f04f19a83999ef316a9825
s0415	SATIRIK	200	b93eed5b1c3e78c68cae121aa6f724bed810e8aa3c04f0f216c91cbbdcc860df
s1418	SATIRIK	201	c53fa3a55cce32de79334afad2a285a3dd431fa4231718fdd9689ed3fc915d40
s0374	SATIRIK	196	6a27ebae2724b3af4bef03f8b84642350bb990fe50a427569c17264b77ab57ba
a0686	GERCEK	201	5638156ef52080f2e4e51e2b7cdeff2d2e7ee6e20a70b1e2c64a4320eb0a9a39
s1031	SATIRIK	198	2e9cff9ba4a4c667e5c06880fa1ae9c28ebba4557034cdab42cbd81b389c3769
a2015	GERCEK	197	38189c5c5e8cb8c32ee3dcbf928b5493b626110c20ab666b3b7344fe4fd1e15c
s1846	SATIRIK	200	559b7268af91eda89bbadaad9fb63cb07367dc5b8a96b31dbaa6cc8215bcc861
s1423	SATIRIK	191	563bc829d087195217c45c0cb7f8fb31cd54bb51f74b6af5caff941b476396d1
s1384	SATIRIK	199	c27ef1174981b1254dea81e72d9f27a4e872163d35c598df852b0c8bebb13a0a
a2606	GERCEK	201	018c66be7e8f7a75a5c7fdb890f99b9f8ed2d7c66565fee0f356a3bfea7ad0dc
s0602	SATIRIK	196	317b4f7cb19a4652d4213e1cb4846e149cbc1b9eca38ea1e0ea073ab11037654
a2012	GERCEK	199	b192374549c52081ca508738d9f210b61abf62d44ce14355a65ef871b9738feb
a4235	GERCEK	192	8219bba7df50028dc82550c3b628b8057be9046c45a1b19be98d84b63020bc15
a2836	GERCEK	193	28c9ed512e5c0364a24a028fbb9651207b8b24bafce2721358caaa68b30ca2ce
a1696	GERCEK	194	1badf9f79312ff4d1a4ad0795704b4da87cd77c325fe06413401d436aba31608
s2117	SATIRIK	200	15431bd8f8cdade97f54fa140e4700876808329ea3c5a1516b83dfb3a77c1016
a0808	GERCEK	201	ec296b8ba9064ed6710f85db06ff157ca5b663105de9a6e8938c692c04abc663
s0001	SATIRIK	196	ff05a6f7e40e733f7d6d9a5372ddfeec1f8fea736a9298bb44d392d451589d6c
a2679	GERCEK	198	e7a10085c5ef21680a0ff56e792030e78e18e95b1f3cfc58c49d114a63969ddd
s0905	SATIRIK	191	7f0578328344eab0e642d4fc6f700db3816dce6cd59de68639ec6fc31b24079f
a1948	GERCEK	201	1a71ce96eb6f7c655ff71004b8145cf61385c687ad1def57be69869c30f94501
s1100	SATIRIK	191	f58b7dad09f4e835fbe29af33a558f46adb1100f942443a711128fc738c9d4e1
a2285	GERCEK	195	81def083968a013d98ecd9b0e5739b06e5a1f6ccad7d5ae3582732465f8dfe95
a4438	GERCEK	198	6494b9ee39e5caf3ff900b875fd4a8c433fdcc486f6ae409a5a69ee85f02c447
s1135	SATIRIK	199	d5afdb7722db22b19419e2e0d80ba9b5f14bd6a662e1e967cc6886194a0c20b6
s1688	SATIRIK	192	c57b497654e5f2b0fd265f598211162fc4a51c51def3eacad1215a6f55ffd10d
a4579	GERCEK	195	57e9ecef475c674b4051634321d79b64c00e361f33aa84c556f18b7940eee89e
a1170	GERCEK	200	f88819985a13863a5d5aa4a0783a22696958de8b1a681d03cec36fae4bb0b011
a0356	GERCEK	199	cb5e97690ce4581b3cc15ae09bd1220308f61cb2dee717d4a16d66c65abc2cb9
s0608	SATIRIK	199	ea60156f24d799d8c3f3a871b88fb954876f58f1d29889f0fd9e08562f599403
s1763	SATIRIK	196	a51c243e771ed6302282ff4fdd1d3b827910fbbdc2262f2d03371f166b6164f3
a1218	GERCEK	199	687b6c4645817c537ba110da61303fa85f5e9f0b63a63c0924f6ecf59d2be429
s0725	SATIRIK	195	aada6ff8e23b99e65ff9b72bcc0d99b6abd4ce31bd551684fdf5648fab560dd3
s1157	SATIRIK	199	e44ae42f8721be70e064f3e7595e4914176c3fda48dd9e0dc8bece91dfcde898
s1078	SATIRIK	199	3f7387e5dad8548befae13c225f97f3efa0c6a36816e081349b030b2a89836d0
s0121	SATIRIK	198	a71924d967b31e0c617ee9998a912eb0c968c672931188c9afe1c2be04a0228c
s0869	SATIRIK	192	71b8baa8985e65b522337ae4c593525af80140358c4a3263b91fea2a3b78ff52
a3576	GERCEK	197	5293b93ac323d4c765e6d1798142a1391e230695a2644ddd5017162e102c9d93
s1367	SATIRIK	195	32cf2e70b179dbba348d4025e56e450d6cf87f51b299e9e948371ef00aeb0402
a0213	GERCEK	198	ddfea7674a9f642c736b22264c2208a2eec166163f9a6d15f21dd5c3ac30fb52
s0961	SATIRIK	198	4c1325cf95d87f6cf47ddb0188905a6dba59b6ba2013abc6220013341a1bf8db
s0111	SATIRIK	197	28abf1d75db6ad75255e47fc9c37afb6bc823f921d0e18f02ebb8e490e54a44e
s0113	SATIRIK	194	ca018a1960c47eef1debaff002f6489748e1f244c2ebf1514663bba8ff3e2a0a
a3112	GERCEK	196	8235fe8266eee3067e88bf8bd334988861ce34af2b8d0c5a22d932fe2afe5c04
a0044	GERCEK	200	e78644d5de009a2d7692b9eb259d96755d11e50e6e1d8d5c72af65893a31a03e
s1746	SATIRIK	194	060768e2fec57c1537accbe5922f645f88c6579cf0e49b81b7d492e4e59c8e6e
a0139	GERCEK	200	bde5a5d131046da9c5b30d6a06488eed797bf2b269a82888924c4dfb1d4c83dd
a0856	GERCEK	195	8c302654d2fa362cbdc61095a0132358da1866cbf9f1d2ea344589b8e58ab860
a0047	GERCEK	197	5723115553f3d2988fc9a0289089eae706c213290d886569a2f600835171519e
a0313	GERCEK	191	3f113a601ccb7f45b4116cab020d8e7aec1a841d09c48de3c3d75a4c0d8cfdda
a2164	GERCEK	198	aae91c7da2d5b412bac2344cf06985b39869b6f13d808aa64b109e0843067847
a0203	GERCEK	198	d541c1ac1a9af64aac325559fd1ca201efcc57aeba466af72bbafb2bd2f1ed90
a3855	GERCEK	201	8f3ac721ec7edf4c8f41eb4ef1f3f31ea95514cd63a1e44a6e9281deb0077483
s0165	SATIRIK	199	f1827f045fbf0dbffafccadd40514f13aa4b33ef1fadb2fff84f12a7cf1c148e
a0512	GERCEK	195	8df3f4ee3f3e4de966208d76779a6673743b928a0dbe372c56b201158de2d595
s0793	SATIRIK	198	00546469dcac7d33529e8cfb4a5ae7c40954cb44d74b2f9f1685c02413bdf956
a4291	GERCEK	199	26aa7d17f8b1c9495da496be4307f45648f297ffdc8e82a703fb0775817e327e
a4596	GERCEK	197	c1ff5ff5e20584cc3cd0116dc7e1ad0a36f00f4beaff38170576a8c88b138950
a1642	GERCEK	200	701edf4e41b769bf41b1b71cec3464c1cbc288449c4c0e00337286869e165581
s0944	SATIRIK	197	f4dbd29857fbc73d21cce253289abaeff123eea6ff338c31f3f1f57bc2306609
a2185	GERCEK	198	5385d8051c465b5bd936049d001bd6e8ad8d483b203dfa5b500cfc3c42df339d
s0498	SATIRIK	195	5d97b8bfdd818e24184b0c3dc5c14d281dc4cfcb201932667b52cc7739752b16
s1858	SATIRIK	201	aa1ee5a459102b9e216636e3ee0e9383ec8713d2c4f09edfb7f06f1bb580dbc5
a3886	GERCEK	187	aa1408c66d77660a0130cc86e99b6f6342cdd40d625134474523e0d7766f8970
a3217	GERCEK	199	ae208603fc7ac590f0fd7012d7d76af95e8be42e0877101039f233a1eb83a71f
a4268	GERCEK	195	c33d07cc251d46eb7f58b9a150f7d4e2c424f80a2e74024fe590e2b4394eb815
s1121	SATIRIK	200	b706fa8bbd872c61e63b7a7808c39efe71b7014ed26da836a6e01ecbadbf0e5b
s0941	SATIRIK	197	ed16363f7df1d848c59b66acadd5090339f719914ae83ce3c4965b0159b0dc43
a4758	GERCEK	201	499ade2f1e9a72392cf9e891db20491a44c85e39d9d3f1d7c9a7d26328ba619c
a2302	GERCEK	195	e965ebc60b31b7289d3b4f297d8d911c043dc6bff4bad2ac43bb402d16c01cee
s0920	SATIRIK	200	f4dac8d7a1970465ae03e64db430b5fb8bb7a1eb783b32ad61a6c5a3d1ed1193
a2728	GERCEK	199	e8d628ad4a65764fa8569e2e6d68987d1d955e99b5c7d5901996a577defba87a
s2110	SATIRIK	193	d566b7b143ba2c351fc9993411eaebf0a516e8accc1864e6f217e5d1d543a032
s0150	SATIRIK	194	330c1542304c7a8119a20547e087332282c987b9e0d14e400c65f2e85c5b51f6
a1493	GERCEK	193	1e8c3e065aea4d5a9bccfaa687834c982e6acbf3192390d242bb1a0ffb49c3ca
a1870	GERCEK	201	eaf559fc64b93c6c846d370f227e01a7a605bd74d95942467e101843736a1d04
a1705	GERCEK	195	3d2eb9c82131d181ced3cbcbd0d9ab9d22d4d7d2349c296bfb29b252b32b2f6d
a0970	GERCEK	193	bd793caa2fdc833a462f05c80a2c701d45e2b7116b1f1f8db8db92a665dd81da
a0180	GERCEK	200	0360d4c0d3a63765255f1353e71c4ad1c002f6113cca2a1bd29f0e38316e0517
s1824	SATIRIK	196	ee4af859c1df9f8ea07eb0371c60008216685fe69e579895fd630fc43699dfb2
a3831	GERCEK	196	6c92d3f37ebe13be8ae531ab410f68c32a4fd97fa9dcba0f7c5a1f32a6474170
s2105	SATIRIK	198	3836223e58716d1311cc5e0930ac612b56aac108b22476a2bbba3904a0beb86b
a3096	GERCEK	197	5e47e1abffc1a9f92ce087f34434d31f2e02f372e75019913683a68da2d504c5
a3278	GERCEK	194	4a39f63aa6e71950f743c9f8aa73832ccd275f7f1e616b6f504e32d62562a58c
a3339	GERCEK	201	510d80fef8203772731861d3d9159c36922fb5ca16f642380f4999084e979cda
a1270	GERCEK	194	d265edc6e8ce923bf9e933c00929ba9b1efe4bf578f8018d1c4f70e4eecf2525
s0724	SATIRIK	190	b4eafa3e7550f3818d5549f8b3395d6936f3d6d06a15f5258d91780771eb068c
a1936	GERCEK	198	0320753453f642d342fd9c47fe8e18c8a57dd39e1dbfdce9e3024aa9890fa130
s0792	SATIRIK	198	6e0b015387a9a7a20a88e0c14c725db856f78d078daea44fa3d699e7069d2b08
s1243	SATIRIK	201	2c02c52da2b9cba508694da346b25b61559580d23522e6aedeaacbc6dbc6ca2c
s2081	SATIRIK	193	d3d14e34a26c63881b9fdf2e5e1aff56073de64c7110f736932f7a05bc8580f7
s2010	SATIRIK	200	8a67f05dbf8b18dcc49cc148f4aa97e270483932356c037ee313d95c4c0c9211
a3669	GERCEK	193	3f7083256a36c6c2f99b659cba5bfb2e3efc83862933056fddb46590ace89e2a
a2006	GERCEK	198	60b4f8020ea7810a8056a97028f5733400b55ca01afc228f04593bd1cfa5128e
s1261	SATIRIK	195	6030ceaefe72155ad778de552ea1e2e0d68e00c419941ff01654ade306d72be2
s1404	SATIRIK	198	fc57a6a6ac7708824d6520574dac35a77787e07685102d128b24a8aa515ede5e
a0879	GERCEK	188	5cf68a47190419a72b6e3ef48fb14ac016484ba23ca16978d798ed389030eede
a1116	GERCEK	195	5658126253938d49ad0744965636244678a08b025d1307852ff487a46e66fe73
s2043	SATIRIK	201	2b132df1c323917d1e00ea4f4d7adba62ad61c9b993d74270f39f3d57b24c180
a4293	GERCEK	198	a1cc841ddc08afbf913f7cf5cb9faf7f77dd3c2569a4e789f0818724ae74e050
a0579	GERCEK	194	e2dcc808b7023569945bebe323fe9b19aabd1f64536b95a86099c92e9ffe3fea
a2231	GERCEK	196	163d4413a720de24e21bd2c2089fc27bd149f5d87955d2a1185c89e4d433076d
a3439	GERCEK	195	e29cd5973a427ee2a44eb9def9d7ca07ef177d398c52c0ed182dcccb1fd46141
a0233	GERCEK	196	af6e5a091ae3d53a346080660792784d2f347a9cfc464f7fe386ed96b1bfbcfa
a1055	GERCEK	201	abfef5b0cfa29d90a3a819533d70fe2eb546f6cc83fee7254485d34bc7613198
a2664	GERCEK	190	73a2a61529197dff96b32746fddff32d8c03849dc3e4ab5b4ef66d67d3243842
s1363	SATIRIK	198	39bbaa2913f318301ae40839a229915abb2e6977cb184542a4368fb2e6c21b67
s0579	SATIRIK	192	24478e9083425079e05fcba528ab8462bf14d6b5eede316e880721667c22960b
s0687	SATIRIK	193	39ccb40b3369727d0849ebc0513c0c6ffd14acb6a76255e535e21dd31d60b316
s0130	SATIRIK	198	da83356b65fe88da4033a80352f519c7438304c0dc06ed43a557cbe143c88070
s1630	SATIRIK	201	d95b53a5d34c0b8df74d0cdf1577add0b1100f97e403c259cca93529b5c26975
s0740	SATIRIK	199	eafdb093d25e14c452bb9c5cfab5343463a0b24917c061ed63a429f8678738d4
s1015	SATIRIK	198	a3a9abe71748040aea750bf08a0ca5a985ef7f622c8c2891be0a4b15fa29a1fe
s1864	SATIRIK	197	20cdc3114c2991692ebcbf3f287e352f196c7b142edd5cd86dea5f1f9e2feff0
a2907	GERCEK	200	95ba19f948f338dcc020b86ad13b7184bc9e010c4643a6b30a45940cf3416cb2
a0677	GERCEK	196	29f500ca1dc0d116632c9c3226d9fc2db758317ababf197727b05e7eea74359b
s1636	SATIRIK	201	0b04794f40af7eadf31b45ac8d9d463293d91973ccc5dc060215a23bd1e6a489
s1586	SATIRIK	196	80cfff5a2f508372882dea430bc2ef7dbdf16c3bb93210751e98fe78af552370
s1970	SATIRIK	193	1766bb2c689b679293810968291f505684e77563bec151a32afc2f73d9e77155
s0552	SATIRIK	201	ce2fc5ee746115c01e1895bf3a97fc128ea32ff4ab85b1b6f028eaeb9459f2b5
a1082	GERCEK	200	a5055160f208a92cb49c71acbb5d13f4b0b1c12f2734992abf35e36e54b9d62a
a3259	GERCEK	198	fda2f1fb1a572e399f2c15ae2b932800a20231e419f986820b49087bd280d8fc
s2102	SATIRIK	197	ca6ca3130b0b6ed7b2abbaa7f59e70d97caf6f48a4abd205cba1e9a27e6aafaa
a3015	GERCEK	196	418946c99869a33838c019de6a40beeab3c74e019196fb1ea1535d1c59d883ec
s0787	SATIRIK	199	d483251f4160a3285981c23dcf41be38405f29651f65c7c2d6e002241c9e1746
a2639	GERCEK	199	dd57ada215205b9396388f946965dc9606e9e5ed1e1ae1a5b1a2670bb487e686
s0439	SATIRIK	193	176c9d025fed1b9b37ca7dacbd03c16b17461953796ee2bfd9c6e06442425b8b
a2990	GERCEK	197	c26c5408fb3c4671da9b28baefe173acd5aeb7ce133a66ad0843d4f634f6e9c6
s0216	SATIRIK	188	ac25c15a7bea44729c41a544af5ce24be3f9c84f93ecf317913a09cab82cc312
a3255	GERCEK	197	a8803fcb24b6ecab1bcd20454db90250f795ce0239ea6ec3b4f65135eac2feff
s1782	SATIRIK	195	eb9d78ceaa3577194bf050e78f8cc372802f0a2b79ad32d43550e93565206cdf
a2279	GERCEK	196	4a715f8ba4e8846ae5c4b340cf754176d72858d65b9c09029081518c777c7dac
s1155	SATIRIK	195	69968178bfa6bb98c41eebb5e664bf3cfb0077d70a2c024713f14f090bf803de
s1533	SATIRIK	198	433117cd71c9702372482d775ae6bf544b6a99b05e76ce85098f1044bffaa871
s0986	SATIRIK	193	bf1143f85e403b196c00e89be538cfc7e9f9de6569a6f7d0c9899977f80724cf
s0680	SATIRIK	199	3f2bf4fdadb2eb6bcf858c52bee9f98ba434d3cf0cf83152e3ad680f5c99c862
a1752	GERCEK	198	2ab6c39d41cf945f27ba3011d4668126b064377488d99438eca72d9fa70a966b
s1458	SATIRIK	198	6590ac45d436ce691127ebdfe344862650088e9f19d968813192f9744c779cc8
s0450	SATIRIK	195	8debe84d8a1041becb6cea6398f7fc9e53232c6079c167247832b19d752851a3
s0492	SATIRIK	197	a11d1c22e1845838920e61ab2eaf50b32cac4f5cda8d46a3e316564152003063
s0350	SATIRIK	190	129cb19ecf21624c2024af8491cf699d091315616296d4b72a885312c63861be
a2984	GERCEK	198	c79b00b46b6ed6f8eed2e2cc00dc5942882f112ec8c1491fe670d45cc67a8b12
s0946	SATIRIK	196	b450b2ec4099c45cfbc1ad29fcdefc31b5ed39cd872ac5a52f026c12e9c899de
a0649	GERCEK	198	6f544ef6fa55a0b190d509ad9f8a24a3a7b70f1139389d5f2e8d6d0a5141e208
a1633	GERCEK	200	b2d2096142cc7b422f99443a5a3641bf17246037cad31ad585756190ff00c73e
a4414	GERCEK	200	c204a2616624241a4fd96455b480a0cd82b4606219613bdc30a327f40c6c3182
s0550	SATIRIK	197	6f1644db642d07ea331c33aa19e7649574ada093416606a09a853438e480dae6
s1542	SATIRIK	193	11583bddb0beedcca19f32589ba42914691ae0e6d7c08ac67cf72d866ce2f125
s1829	SATIRIK	201	b8e072d476327cdc72a8126231f6cce18dadddcfa2a6e674819d03ab8260f756
s1904	SATIRIK	201	96012bdc61639ce54a7e359426a3bbd34fea7b11c6c0614268fa3299cd5abf86
s1855	SATIRIK	200	45edd16e0cfb466ebce2a6baee2263de268adb8324efad8dc82fb3ae40c2c9f9
s0205	SATIRIK	189	50e6a1a680b2de51b4009ef654556ff883f62a998cb08f131f57fdf75ff31710
s1974	SATIRIK	198	c68d3b974eb9cf98b7f4bd0cdce62a678538802ad3dcf385d402260fbeeef15c
s1468	SATIRIK	198	8e9b059f58dc406d658651d84fe307ff85bd43e4b03fa6648d316b9865feb4a8
a4636	GERCEK	196	b2b27db7029822ff2163c57c6914499e2e51e8bac0d9e678843f46a2116d3e45
s1757	SATIRIK	198	ff8b7e878140d7c397d6f502124ca913ffb482f0ccfc5eda872fbbcbe400714d
a4531	GERCEK	191	a1d70bb02b6166ed300d402acb972fd2b7e627b075c1a4bb899c673bc21ebb5e
s0386	SATIRIK	192	631c00c839cf97d83da93d6ea07640c5296f7b5d2aae7a34a6c262cce5125a77
a3144	GERCEK	197	1880baafadc83bfc90601a6a9b3f01a18ca2dc87141b79a2b0003aaff0d74092
a3643	GERCEK	201	a0c78670237e66758f820181c5d200f5aca24716905fb02c82ca7011c58f2e26
a2522	GERCEK	199	4c7f125b36ee1901f153d90d0d1f46e9472728b5651ca80b84abb938d46c6775
a4033	GERCEK	196	52ccef84d6e8b0ce35be7b357474841123fd0ad7903243509624c9befa658739
s2013	SATIRIK	197	093bbca951a5241add9a6ee1330ba2e13862b46fbfb50e768cd243fa6401b605
s0728	SATIRIK	196	f9ad25b653eb56abb2d7dcdeca38d1f8944ca59d3061027cb4453838ca417f52
a4232	GERCEK	199	b2f59a8466da9aeea89dd956dd47d74784431dfabcdb0b7a0f0ceba31a5aa7ee
a3743	GERCEK	199	b08a0f384de4bada9ca015f052fd81e457c42dedbe31c065106262f22bbb738d
a2016	GERCEK	197	fb60ca02b3766ee07e74b172b9d196293b8c23c2a77b7f6de40af3caf385b1c6
a0068	GERCEK	201	ef4f14da678110623384dc0f9d0600bd942bba8c785ce9ca65ed4fc68732ed24
a3355	GERCEK	192	b73e6e0b7fc21d2a48dbb6abfc8355006cea5c5ef1a46872e1c4c46a81fcabac
s0252	SATIRIK	197	71ff3698dd5332f58496ea90479858484d432ee8180d5564d4eca1ccdc1b5d48
s1486	SATIRIK	201	d17aab39a552971f5eb40dfb3f49b1e4ecf6ff332b35629d7db6a273bbec994d
a0023	GERCEK	197	48385bdd53104350fcc0ad0a64a1ff54cc848f5663fc77ddd7aee971e29bf8e4
a2994	GERCEK	201	ef7bc3964fdb88f7125d00212480dc582c889f8042532012668a554729103a9f
a3882	GERCEK	197	ba1da86a0773f1c2d412aedfea1bf36a955ba321ca8f1f2a060bf96545e711ab
s0732	SATIRIK	200	6c20f7759b152c89b2669d259ace8339afc265b9f95e5a15da5656e55eff39ff
s0264	SATIRIK	194	3c017489e5a469521c92f4c34edb99b93885ed3d71dadf6e852a4645ed49d047
s1613	SATIRIK	198	42caf46d78798a0692226ed968a6e6525ce52114ae1848982abaa2bbd195b536
a2512	GERCEK	195	15d345dc82514f0cd3498f19372231bd3ff4bff0df6b812be679f1f70d2021db
s1494	SATIRIK	198	79d30426302296fefd3f2a041e08083f8742a6c99d569682d73cb27ab3c4ef82
a2936	GERCEK	191	ab9a61ad2bc63ba377745077f064509c509e0853dfb62ad7bf0bcc0d40561490
a4473	GERCEK	200	7da687f20755a4a95273f15d02776f25daa67387706b69fb0cf742671287a66a
s1725	SATIRIK	195	19336d3ef9a0604de129b63508a4f6b8900db95d66a0f55f8fcdb6b6a07bf10b
a1680	GERCEK	199	f30464cac561ff95c78a8f74917a6f01619adb4d4787ab16887261990b209f80
s1421	SATIRIK	193	cead2bba6ae20b90701df8170f294758115af1093503b3a172c585c8abf7588b
a2409	GERCEK	199	4fc5d77310df80e0ef5ebbf3bdd7bfff452c9c853783b0f265950bc0e2204cef
s1661	SATIRIK	196	ed618dc794ed82c81461db7f0880d1f10d28b84b18e99851c9eb94fbb600032f
s2074	SATIRIK	197	35b2e133e9567e571ab0ea7947321198221969a10046d7b7f2f5b4ba5b150792
a4615	GERCEK	197	c12a8e6627fcce4a2e4c0d03d26bd550c3cf3cb5860f9ea873e26763c5d37e2b
s0420	SATIRIK	197	b483c2603ddb2a384c5bedf99e16b43f3ec690441807c0d2e52c611cf3215156
s0215	SATIRIK	200	748a86acc795cdaa83242140a8f8d23e1beb5d0667ea0dce06ea20133a4ab1a5
s1839	SATIRIK	195	4dc0a73aaf21a2a87757d704f1f17c9191d940a77c7df98507af2d78e42ccaa1
s0372	SATIRIK	201	2647baf3989147dd7d5b647d45037cf931ec7591558d6ad77868e31fad150a3e
s1374	SATIRIK	195	4f845bb6c3ee13b0060bdb24e999f1310444898727fd8960f24222ffdd7d40d5
a2440	GERCEK	196	bf0caab0a0fb8a3b32a0ebdb024dc6d28742dbd606c593317c59e4d86b5799cb
s0046	SATIRIK	200	66de82b41cfd44a13591814afc4af4a5c71de95557a7de9721b7bda63b737e03
a2926	GERCEK	194	8e2a35b24d6a71f0e3def1245b6aa0dbcbffc68a22d379c55cae29b22b07a144
a4673	GERCEK	201	c8a60218436d631a93a9658bc98cd3a1e4177c123706fb8d141fd2bcfecd9e7d
s0042	SATIRIK	195	5f2f98edc74ffc4d19b98a1e6dfcd64867c885ea5b01cc1fcbae657d1a11cfe4
a4787	GERCEK	198	f49979517780ef653b4b501ef18ca3dd35c5b7af4845700b5777516a81439278
a2166	GERCEK	194	2f6fcb7b383d197eb0f97883b1ded515fe3851fd39ac95a57ba84553165f5b19
s0254	SATIRIK	197	9e42c48faf210e9b4e0eba188efdd1116d29e48319f69c2c0cd076defb8e269a
a0342	GERCEK	194	1ff4101dde010e2e84ffd53a1cfdb0503d47e00bc368fbdfb6951691879c4010
s1292	SATIRIK	195	6b6e8cfa092d6bee7317419d5ea7e5ae3b049f7239e651f9d7080356881a5449
s0625	SATIRIK	201	1576abf01454d38b6c660e5bef619ec03c5768d9c3d7982db44095bf2a96f532
a2582	GERCEK	198	015aae175f93908076bd9ebbfc056d21be5c1692609c1bfe5db9b6a8a8c1f4f0
s1298	SATIRIK	200	1cb8fe2a0948fb519232efb45b55db79d1c87797da45e7c6b5a46be4bf8c0c22
s0086	SATIRIK	196	62c3c5e5eff95e1c79adea51c4c1b5ffa4771f368a68ce0c24720a36ad1d4b16
a3335	GERCEK	191	679eeae86375727dcf7cd36de8f6c51bfdd50eda5317302c9df73ce2cefb8704
s1944	SATIRIK	198	b33bdad7b98e4aa69e196ab94ade064ec4ef568cc0f0c0f46ae3355a4ed69784
a2842	GERCEK	201	36cb45b771139d95a492c6661f173bc2b4ac94c4ad3a0bcf554ead167e13f0b9
s2094	SATIRIK	195	0edee7cdcee970a4fa58f022b2d73500e563d287a87fb080917f69ed7e6c16ed
s1875	SATIRIK	201	f5036f4450b08e4eb9345170b0e89d48a3fad6a8730057449ab86dd21082564c
a3430	GERCEK	192	b71b90f88e79fb9d13cc9a73c09e094aed75ffb56065b3d384ebeb6528b2197f
a3513	GERCEK	194	6713183d695b6d513cc0e4a3285d57b78ac7f2d6191fa14e63753c5b5c5e8831
s0524	SATIRIK	199	e31ca59a01170b974d0bc890eb4a9affb655fcf9e93224c77bb163af4be3a2af
s0425	SATIRIK	199	3c7633b9f5df068f1c5ff80f17d18f42ac96eeebe417cfddf12fbadf4da5e0ff
s0034	SATIRIK	191	01305e1e79063ada50c430eca52a9ab313ae9ba1d11896027b17a07f2ab90029
s0794	SATIRIK	201	a338835287e33b9d17e3142eaad6bae025fbfda956e4a1e0ca775c3f9cdc8688
s0370	SATIRIK	196	d34bd1138216acfea72b151727b11441479dab139518c3883cadd613622b746e
a2425	GERCEK	195	f58e191532698d4d8eb708ae5a001446e2f840808b2a6f0660fe91d760f6f3ac
s0945	SATIRIK	201	4d755a706a3f0e36f6e3d8db2550e86f042b2a5aa0ec957af016f814f6f763a5
s1883	SATIRIK	194	b49a27c79cd08d84d2bf7f12df775b108f0f25ca9355fbfb31d88c56b737c360
s0290	SATIRIK	201	27cfa7161e1c27bed5ae2d3558799c873854de60f400f3b8f3b34e4fff01a207
s0240	SATIRIK	197	af6a88659f20faa9c7d42280b92a27685ff6cba5e1bafd32049f83cfb93ace6c
s0362	SATIRIK	199	6746b83a2ce3b946f3dcc34e6055318e40b7e914fd11a3817ffbc8dc5552e715
s1834	SATIRIK	200	6c94c6542edaa5070629e09fed2e85f47f40a8339563e972a433093524aa1fdf
a0987	GERCEK	198	29b202820ae0d5ebed7f42489da2d2201c468665977a0140a831e71e6fd61a28
s2055	SATIRIK	198	0499ae2c006f75e776a223598fa5dbfe9c2aa305b91f1afc3c0a099d3bb65ae2
s1141	SATIRIK	196	ecdbe8df697fac128db1336d1a1723cabb329b02f25479c35ded33eaaa858722
a3866	GERCEK	200	4a5f6495052643f9dfd9647c84e53d1f3013621106cb1c217e8afe83c07313c8
s2168	SATIRIK	192	7acb8c56c8a2a5c680a16e3be5913933a4ca28af61f1c320118c67a6c63af60b
a3566	GERCEK	198	194bf7ff3a15cd19dc3b20148355040e6cc4e42d2a2d88f665032cacaa2b01f4
s1851	SATIRIK	196	88277af3200238b804b5341b4cd48d7af1f0f247229a58824fc6b154d3bdc6b7
a3770	GERCEK	197	e659125d2ff6ccec96bca6a6fad5b44233a8aa11915f6d89a785dbc3b111ebc0
s1844	SATIRIK	198	8a31a61d1e687c35ff3d89c86b9cc291875d034bfa4cae5c81283f8167be4204
a2178	GERCEK	166	456345aa63afd66f7a27c9ca9815026427a0f0dbf802bb893741295304da4934
s1878	SATIRIK	196	19c525a42e1148ad273a67e2f05d7eb6e71a0788ea883d31db5aaf9e7b427739
s1465	SATIRIK	193	570385732db63046a39e895a5d519fa06fef2c84916d80c247e14768529acdff
a1658	GERCEK	193	a79e5a415522c7db6af9eb84ae911ea01d466c8f78d9c130e3e15401cd4e4e20
a4824	GERCEK	197	716f693883ea299f1be04c844d0c67c4cd48a39c8c434baf94052ecdfd41e595
s0999	SATIRIK	192	2ee99b2fac59111238b01bf92b0b8c3fd39fe76140c22687ab9de95d97db1965
s0334	SATIRIK	195	7d35049fcc72fce94840c93deaa9ed9e993b0f9a57029e206b0310f234511505
s2148	SATIRIK	199	e53554e2b4958317809d6b0e1a432aff5584bb240f0a3b37ed994c304c930a5f
s1882	SATIRIK	196	5c71eebc279b1083b51cfe0e36a02a35edacef61b7ab07a223325f17c6361f86
a3724	GERCEK	196	74216b29677b1c18d140dbb0db49d0db0fcde47c73756b08460d05ced181c582
s0050	SATIRIK	201	d0a05aa6b7009a05bf0dfe6f1d62918d41c143f57f12349a4a1a2c63e6056d5e
a4025	GERCEK	196	e91519c7c9c28c9e89184ccb8a21345ea924bc98e44b768dac55b1c2830649b1
s1244	SATIRIK	200	3d1565ccb334301f72003385c293bdb2f15613a3f9d85e11bbafa8dc262bd196
a4847	GERCEK	198	8000e0a822936cc6d1883d5a2aab814791bdced61264058bb75ac014c1b6bcce
a3111	GERCEK	195	94937671965a398925aa1fd2f894c55c486923a7058229117a6ed8dbbdce13ee
a1289	GERCEK	198	b382e195213bd7233bd52e717cd55f16fa6effe27232f4eae463a052b130b350
s1896	SATIRIK	194	149d9c783776bf4e69bbcc5d26dd116ffae82d8f8cce238b67983b2c3e86f68b
s1273	SATIRIK	199	f529b7f4704f93e87e4804b482f571c45b59248b6853836326fbe3caf3a5e557
s0405	SATIRIK	197	054ac5f468a774937028171896827fe3273367fe440478b96c606f1db5764796
a3074	GERCEK	198	62ddad1644ae507af47972f8524c5fbde6935699c90cb1a5dcad40eb49164210
s0366	SATIRIK	201	733d976b9e5d089fe1a1dd904ea35b1a382a38f534260f346a4a51299d5bff5a
a0450	GERCEK	197	4e880e1dafb91501be3bdf7ea29fa0c98a43d8df5c01182c75f8e5180765ef38
s0695	SATIRIK	197	6212feef96f30d3a16a411eba7de3a2f5b5f7cb6e6e336ed5658ad8c05f4b734
s1503	SATIRIK	198	52c4d4ef396fd66fe0ec7e9a043a864a26d70e2fae2e23dd091a0f83fef166c2
a0218	GERCEK	200	70ff1c28dad7a6e406551f72dc5c568fb7c95f63c3d790cbf27fe8bb0168e92d
s2153	SATIRIK	198	c630134ac0befc75400a8c572b32abb928d36f67a62eda3b35bb637639599b61
s0623	SATIRIK	194	d730e1fd3bbb5957f22451af1ba40fd31be0aa9269f1348eb7aa26adeb1ac9cc
s0143	SATIRIK	201	e2d75829bd02112de21c6f3f1b20e0dd7f9a99973f86617e37ed6c9264be6674
a0062	GERCEK	199	5db69559044606a2d530bec3085ff22ad53db8775b041e82ea1bd9fee5ed2feb
a0269	GERCEK	196	2db982a7c5349b89e92898701b633bcf2d0af069e06d18b72509e8024b8ec9b1
s1568	SATIRIK	201	2ec478e1c233323b3504c9c82a0f86859d80570f2e3c01dd6d5c7ced6ee02341
a1748	GERCEK	195	f46c784d37a05c956aacf53cfa962f58c4cfb4261836c1f6cc03378e78bbe0d6
s1447	SATIRIK	195	302384f35fa2e870969653547a3fc3df1cb8f2c959a678704287835facac4f33
a1800	GERCEK	194	2059e121bedb84feaa877a5769d1c037597e5825889ef46ec0c0bd27b0ae82eb
s0888	SATIRIK	201	f96f5e3c3a182cf2939182abad2fb0d1cb06598fe356d4f7616dea24749df8f8
s1077	SATIRIK	200	0b5a27911bac933339915877d2da7259243cfe50d4ecb70983bb822932a9c288
s0261	SATIRIK	192	d44a6dd03c6306ef2541f4eb3379a7b66cabce5c703b3793748c67692ec8bd8a
a4389	GERCEK	196	f3ea2f75d22ee0acc4551c71a147961336679e569a508ba159aaa78e96e5d92d
s2099	SATIRIK	193	b4fedae78ab59dade73969f3521a5bf91c9a0e42a6487542a4b1c3d17dc5fe3a
a3745	GERCEK	188	0dd97c8ff566b6e0cf73f8c412b86998f2a0ef1f1917dff07651326c5747b0b5
a2552	GERCEK	200	b74d009a223f56929403dcee879813069591aeaf6f230265ca856ba4235d6871
s1779	SATIRIK	194	19120edb5559b4f829b4d846fc7e083ed1c3e00bd506a39e1353da9f5fe38334
s0171	SATIRIK	197	064076211b541f5d53cc950f4065fc0d90cb6e537b7d21efa4c8347d77d1074e
s0217	SATIRIK	201	03c014d1025c160417d526ec2a22dcc5e755213672f7194dfd0910af99c30c30
a0891	GERCEK	198	7c4490249b93d7764cab774f5d918a4c3ede19844a4360e10bbfac284fd101df
s0021	SATIRIK	200	fca9cbd4c79b7ad82591f1ce900056741e47a6d850f6983f8610665d700e9bd3
s1399	SATIRIK	200	e00ef7b5dca4321934998eda0b735b56494f36b6cc16e21e2ea1f1b9fe550bd9
s0662	SATIRIK	191	4b42000d4a510b358c8a51be944f97d4b0369866eb918eb43dd670bd7d6fc174
s0613	SATIRIK	199	44756b8eb6c632a22a9c39aa785e439c99df1fa3c3ae7569150635f9f0b44ea3
a4207	GERCEK	200	4d3d4a6bef381076c48a359c25cf91469e003683260524e4443d10887eade6c8
s0115	SATIRIK	190	ecbb3f481ec47d3eb0d29474e1a31058d601e5f0997c275cbd0dbb90da1089b5
s1262	SATIRIK	197	01522b67cc469bfd79573f0d8659fb7b51e897b0676191054d273715c8a2af42
a0882	GERCEK	199	042bca5adfcd8927d9c7af4acc852ae892d1cf9a052f4032ba1a5defbdfa42b7
s1671	SATIRIK	199	916b320515a615e3038f1ca7cf4492be385034c4235757373a6fdca850bca29c
s0487	SATIRIK	199	f20e3cad7ad8ffeb8e4dc662dd9e0b3c2ca6a99541a7209467a5320a8afdf20e
s1293	SATIRIK	199	39b6281af4e77461e0b217a2bf657aceb3992e1249900c1ca804a8ffa25f299a
s2096	SATIRIK	201	270fe4cc128bb928506ba5402828753e2246c2cf70564ec0bdc8597b00dcc9a7
s1455	SATIRIK	199	3c9f992fe5fde403509700e6b47dddf1f992044177f2f375546175865aaa67f5
a3942	GERCEK	200	3cff220f292b19dc2f554e28c53aeef0090c63d706d49781940822d1bc30ffc8
s1895	SATIRIK	200	cf22593e8d03ed09fa4554d9e16ba246c675acc2f8cfd1de98f197e75a2d2554
a0492	GERCEK	201	7192407c652a962977ac533958bf37efae127efe1ba86e19dbc65e98a7532b1d
s0177	SATIRIK	201	be56dbab843d156f425d6ced3cdee34e87d9ac1b1746badc2f2a425216e1a23a
a0029	GERCEK	194	6958ee3c7079f877f46f582dd724e00d9fc3ad150ec3411282f3b1cad5bec22d
s2184	SATIRIK	193	ec25c5c4e83cbce438bf36221e289617fa916420eaf505b73f2cabbf2aa0049a
s1275	SATIRIK	201	5ec8ee815a1f83f5543d04aaa5c897ed7e38d531fbc2f020e6e744624a67eb77
s1845	SATIRIK	196	84e8af29a004488728b5b063fc363f561714b14b85351096a4f19c6003f2a190
a0955	GERCEK	195	22a3f417592183e837163c4025c9cd0e049affcb65f626984240ed043dca5070
a0353	GERCEK	196	abb6163225a49c5cd398f91d7e2c1626ceb9de392a72d3e15feb76ba4c6155d6
s0814	SATIRIK	199	eb44c3e517e53c615222d6ceed20766722ea2d79cb0b1278c7185d24a36862f4
s0511	SATIRIK	197	f97654a6e3b0a3f37fe3394007b190900a69262dac744596aaaa7cbfc2de2334
a4448	GERCEK	200	5e448144fc88e90fe046ecc735e9ac353f6ba729f2cad722d6faf1447bbbd206
a1803	GERCEK	199	631c33ac49fd4ef6692359fc4a2a689f74bdeb93a6aaf18ab2108691649a5566
a1637	GERCEK	201	8877598a6bbb3c7f6dab4aa7f1a9780b02e1dffdb237e8d7c9e637c46933eeb6
s1673	SATIRIK	198	a6d2395e666d966248ed2951ec251bf690c7b977f6b2199b0713b3959a22f995
a2668	GERCEK	196	b7b17fb305d5781e3a79737511ef590a2796588cb81c91494d1d50cd88c2be47
s0027	SATIRIK	199	3e15cf265588e09f2c029f900488f645d6586ea92635d6aef69e56d3ecb9e016
a3336	GERCEK	201	15b7d9f69c15a753d171d7bdf59ba2de5059f04c02a18d287cd7cce6c07c0912
a0518	GERCEK	195	7562e9e72a5fe5cb846b31d2f0950a6715d4704449fb367da57cd77980588578
a4189	GERCEK	197	4f1af682afafaec931129631b6991f00c79b57418b58f76bf2206c21bfd6cca2
s1350	SATIRIK	196	cc325cdb7d7d3fef8dc58dea8a2ffebf4149b6fa403e5faaf93717e62d3e404a
a0792	GERCEK	189	86ae3e5410a262c7ac671b3233687376f08f59817391ff3701f5c88403cebc0b
a1542	GERCEK	194	2a799e44ba458bd0ddd22bd3e0761f37fb2d4c34f52a58295c6223fc533eaee2
s0542	SATIRIK	192	ba6bf22d837a062c1fe6bc2beafee2c50f5a00fa72406bae696f453d6898881f
a4520	GERCEK	198	7cb9a3a85fd74d6d4da7370b2178e96a04558cd3bbf047bf8a3032059945b07a
s0802	SATIRIK	193	71afe8fcf34c5d551bf061dca03781b42687d6bef047d5eea5ee5932ad5ab74c
a0272	GERCEK	200	b700b7e5d34a00fe79e531d68189278c3a5d70e47900aa4bfdb3d4de138d2c70
s1734	SATIRIK	200	b3cdd467ea667bf5c1cc15dcaf4f55d521da044f130668fe8b6e7faf0e1d7937
s1304	SATIRIK	197	c562e305fc96024045f763ede09a55a7457985d9c5350201bf914dee63d5f72d
s2067	SATIRIK	197	c3c54df99555064143d840e9879d1e2c1bbd4f270c323b4e889fef0cf66ef007
a3123	GERCEK	195	20f7a5e8219ec5ac0cec802312a8b11bf9c32384fd160e4c1074b00b6a19cf60
s0246	SATIRIK	186	ded01d2d3adcfaf855dd8b19d71b844830b0898478047ce90f304479b895a967
s0566	SATIRIK	201	4b451ceab04ce685671a9b3ea36e819402e4af6c2b8206609210d80e435030b0
a0693	GERCEK	196	cb3c52db1c633175f74a6c8006ee72fc55d2b761b7fe2dde7cedea53ea42dff9
s1906	SATIRIK	200	ea29e96993ad203433e003af98db82af13958bd1620d4518049f12757ca9f8e8
a2797	GERCEK	200	0ad3dda0eccfe48a9140ea74a6f838ebe48f9c8170fa742dceb57e2f1f08b31a
a1165	GERCEK	200	83a67be31a83d06813fae3dcf15725961c39ee9cf907498d3bb3a3d7a92649f1
s1708	SATIRIK	199	00cfc8b9a69cbc08c5fded695b8a25acd3bd8517ee2c5dc2d78f569921711fc9
a4110	GERCEK	198	342772a365eff2e4f1c55ac3a6c8048fe2a40a8605dc2915f48741ef305d008b
a0625	GERCEK	200	fa116a4983cee7e334387e97fb8d031dc043ceac643de93db688274f3d40b3b1
a4492	GERCEK	198	9201ccd19eae5729f77d6d96c97b4d1921c63875087f815dee6157cc8cb32a17
s0796	SATIRIK	197	ebc83c6a6c5a2bb1c6e276858e44a9b71540cd60e87eb268cf344a7d88b86015
s0339	SATIRIK	199	352f660c0d1799d081c0ef4ece2712dbd95a61df78eaa2b2f69534c7eb974d88
a3240	GERCEK	200	98516b7fb5717c3b3d16ffd58b3251933b9cc992f885495043b21fb3bcd38f15
s0772	SATIRIK	189	e8a96fc5a847b0836bb8a6b73e47a51fc0b625c55cabb0e1f3834d1643c416a2
a1506	GERCEK	196	8a3843018dba48c62bac0fcdf0f2d112098a29a1a630efe08fc353b91828b51c
a2993	GERCEK	198	7fe0429d02d57e8915532ad8001204ebad4e7857cc3379d3c686261326eb1174
s0683	SATIRIK	196	423277478582b808924f72cb8130dd9dab427982976ab498e70880fdf378e203
s1278	SATIRIK	199	74caad5922f2383ff9b4ab8bf03842ee2fa9a32c4a548351638fecce9319f3ef
s1095	SATIRIK	196	4c440d8a00ae3907d54fc985653d8f5ae495493158e520d9244a7d28dd18be99
s1570	SATIRIK	198	592e9298369057cd465d650ecded162a2c6e1f14d2e09e028e454c8508b5f1b9
a3610	GERCEK	195	4f849e8d2d9916a315b89aa6557facdd9ac7a4202acc018d469cc1c234c3f218
s1653	SATIRIK	194	21c68a5c3bc60fe94c364099cd031797333183d33ad2024337b3726d0f7af506
s0253	SATIRIK	193	6fd73ec7e46798b1fd9a7cb59bfa1ef0c746c4ce7989b433ee0a5c29b2e8963c
a3760	GERCEK	185	32ca9c7e8fbe12a1ff62cd0cd43ea7cd9d05bb764c53d07a5d87ac182794eb05
a3233	GERCEK	191	81ea1f1cedab66805aa43432dad09f3c7980b4fcac25b33dc1dea88acdfdb78d
a3735	GERCEK	197	c9e550934e2c6681913f3a59c809b4839f64ecc98f71c7acabeafbe8537ae33b
a4336	GERCEK	200	b3ed04a15b2d799a1c4b25ab81046a8c10df5b83ba57b56c1920ff562bdf03cf
a4833	GERCEK	199	06d114340254ce5610b36eb7c4a1e06fba16821199ceeef0e50127728dcb65d7
s1153	SATIRIK	200	d85068c053dfcf31127631ba78eb2f30d0246c75a9e8134ff0bac89a46a4f148
s0203	SATIRIK	196	502c4ad72d29fde73f460ea38aa015efe0cc963ae4d7b2c4669c3b07fa831c51
a1153	GERCEK	197	660561c29c22aa053ee00cb38d32b25efccdd64ada6908cfefa85375607d83ce
a2026	GERCEK	195	89548777d83f214cd933bb758231edbb36430bf2a7c1d3053d7ba04ed852c6a0
a1494	GERCEK	196	992cc8347a7bde568880e052d2b260b7733cd4ce74f7303378f982e739e2f459
s0660	SATIRIK	201	700268f46730d280c7f90fc3776fcd399971638543ba46c41ab15b8de7efa160
s1231	SATIRIK	199	b32ee88e6cfde4e475b52011518272d6120be1d9ec978fb62f40af592cee5953
s2108	SATIRIK	198	e77cc871353bd589257a9ecfa9e57390bd076a3c9bab20fc98a4677c4fdfe650
s0992	SATIRIK	200	971b794bef8945c2fa03bac2083ae795c870c0d5ee131586cd4eaeadbaff10de
s1735	SATIRIK	201	d6fd8382e95f511678fe44bde5dd93a029d70f13b1795fe514c7c88c0d425586
s1557	SATIRIK	197	9b4dbbc7da008283003731f4952e5c5332f29bd2183330148133600c4e6091e2
s0668	SATIRIK	193	c0cfaa621348045adca5cdd7ef46eeb78dbe590274fee2606e709e5947a402fe
a3486	GERCEK	195	e520fee0eed8097be46151044d694df07c4b588dd4bb5f76b5c3934613a68db8
a1822	GERCEK	193	60b37c4b1a7e583e518b7b9ea86e9641352243f0b7e3548b157fbdf0d7f58628
a4586	GERCEK	193	2e4592277698f635a3321c0585262a0755cac4ebf694fd2da1cb95b81fe8caf6
s0342	SATIRIK	201	a2411ecc656b8620c09c6b8976e2d2e676900e5e480fd86e704f8a7401ac0f40
a2853	GERCEK	199	69571615eabcd15cee1cb685f98b533dae76b616711be8f33a74ea17f6ae4b59
a4316	GERCEK	189	d37310e0afe085c9a0eddfd98104da06fdbe35db4e0c22bc014859672aacb415
a1332	GERCEK	196	94d285bee3310ccfb7f9cbd2460f27186dd83dc2552d740bdaf55039451b0f3f
s0183	SATIRIK	198	b3c3de3ff6f2dfa76afcee496bc3db20ea986d16595b1d3f98a8a191b016b491
s1956	SATIRIK	191	86d226febe01a3f39f03a3f2c6081f836c5b809d91dbb58a0a4533172f2d8779
a4141	GERCEK	196	9459b391db44f48a8c6b81d1d99549c8233b813b31b0b5554fe52f2df97938be
s0555	SATIRIK	196	2b7ea490aca1bb9613590e1ae21cec18b59a5017e717fcba95d4f9f113d12a91
s1365	SATIRIK	197	28b161d9dfad05126ede1baf964a7c98733567cc675e028e4893dcc58891d866
s1272	SATIRIK	195	989622dfcc535b126e0dda09b8af09da6333ba65bbb486c7a28939336a3af37f
a4469	GERCEK	199	ef630b8003880c36c54333e949e75c0cb5415648ff153731a0514fb63016caee
s0438	SATIRIK	198	596ac64a658ea52fc52179a285a9f3ca00e76e1854c073249e873460646dfd55
s1869	SATIRIK	201	a41098d9c0259429d3ec55c76bb90b4c2144229aa6ce9089fc79c272bb628f74
s1933	SATIRIK	198	d46f46d55f9803a10872ae20362a30dac41955ac1f028b8cfb1cacc7d2f0ddb7
a4349	GERCEK	194	b81e179246b0cbfaa8c6103c66df3b3a16a742c7b0a475ecffdb211f8baa20aa
a2859	GERCEK	197	75023abb46de7b65dd20d716aadc4ee05f0d30169de23ccd165a24587f658be5
s2103	SATIRIK	197	985c1296cdd106f171fd488f5e79831d6c8d5df94f9e616e585f64a155523ce1
s0119	SATIRIK	196	9ae11e2b9c9cb69a77a650c796547724ef3127ce1fa8ba3f0a7bfd5b40a43cc4
a0282	GERCEK	196	5ac75233fcfe9920b7251a4edaeb0f1f0bbee3a33482021aa5580c82e9eae600
a1328	GERCEK	201	35b0641f93ff1d1da815174d8e42d0e00a0cf5e82126d0b314bd7ea9e02d8dc9
a1587	GERCEK	200	496aba7e9c1460b3d5717c5b464f9429faa0cb9e7758209c6c6b737d8eb922c4
a2221	GERCEK	201	4b4eadff853010537ec96e593a4ba3715620bb57134414f12e15489a93b4eb5a
a2751	GERCEK	199	552dbb93ed1de290b668175ca6f5195882c080df20fa805abcb97f67d45ce839
s0162	SATIRIK	198	0b12b13a643f090518a9a38bda5406600a9bbaa794f9850388b2ba097e51f68a
s0417	SATIRIK	200	a8693730fe9278d1f3ca6fdd1af095958ec8ce1110d32f36f39d902f83c52bc0
s1629	SATIRIK	197	c75e4a1af03176a941098b1c52a85cbe88ac525f3c12d35403815d73dcb42ebd
s0632	SATIRIK	200	fe53b41ba306fa8fff58d939f04b28ea3698d7cfd9640df405037666ece0caf6
a2920	GERCEK	196	84537024aba0ffa6fa2f5448b90a60d0f16b5c1017e9617398172ed67db8d836
a3706	GERCEK	198	4cb58cb09d0fae637188f8bf14e3dcc2d50c62a8ed42e5136b91a4e0262616bb
s0867	SATIRIK	199	0cd432b9db0df1cfc125237e6128ef753601d6310081e5b9a0f0144a9c639672
s0169	SATIRIK	199	6d194a6e8707d71c08e8ef4ad7849961cb87eeea62271ebfb3e1d6c7f315c3c6
s0531	SATIRIK	201	367730c3422f9ff217c1216d5a823c3c7985ae630f9c342bc5dcc01d0cd3b422
s0605	SATIRIK	189	92a2fb7a9c7647a0135dbcfd969879f743eab011f67862acda38fbf567629466
s2075	SATIRIK	196	ae0903ebd8f465be1e42556a6685a34aed7ffa29b4ea9cd890d623ee6d5653c5
a4115	GERCEK	199	e3dc801505f29dbf6184c8a9f7617068d56e4a42a2fa48918341c250ee727f0d
a3324	GERCEK	197	cb5c7e269ca35f77c4520f0226d91ba0367bdc0cc829062efb58c3b56a932267
a0862	GERCEK	196	f35fcc93f638aedbe76ca54ad64e73bc08a196a86d52f4b2c24f8ebb77942bce
s0206	SATIRIK	200	d4aabd4488e660284b10b0955af3ef00ac7ff91ccdc7562d78e4e2d79d05f40e
s1241	SATIRIK	195	719a06a66316647c18f66d170e5d03e36ed9f76093c1a1fa9d5c1efe6f6fdf6a
a2570	GERCEK	192	0d648bd5d9328917b87cce14664517a633914bd8cc2c48b4c0c488020183d97f
s1614	SATIRIK	195	f2287fdbdd5357e687a1eef103602632fc7ffb71f985e7cb9ed6d3590a6e189a
s1105	SATIRIK	192	17a135ac5531ebc2a11475d832e8f8ed8802044dd47292b2fcdf176f1f446591
s0387	SATIRIK	197	6c9b6df4929da49002de1cd3c4275b850a6f1dcf502dd7c79280a1f67a98e51d
s2118	SATIRIK	197	ffe088ee682fb3810784785d2339a3dfcb65303681853734680172eec9031335
s1894	SATIRIK	192	119887b38ea1607511d4f6bb83c59482210676c15c703a3969fac6e278e8a560
a2100	GERCEK	192	5161c995d04e5353c92a5a6094619c03c92a3e17cd63bae20e25323a54c4971d
a1459	GERCEK	195	a6ace928ccfacc90d1a5e67986a277ef741080de4efe8df97fee61e77d9a0a74
a4679	GERCEK	196	9f0ec4fa1f558bcd74b30dab3ef23ac00a825391b22353f969becf1341df309f
a3040	GERCEK	192	a836b3e4b2c5afbaa15b8f2787904e45588b1f9b24f075e40dba93ae5c34b3c7
s0674	SATIRIK	201	15e4db52a105bdc989ad395a66b2bb3a7e0a22b2a1a977886d6263570eb80420
a3688	GERCEK	197	b9961543e16d399902e569af1eb64277748ba981ca2ece57a32d37fe9b1ac607
s0726	SATIRIK	201	37b07a4c1e33c98ab6bd75586cb2d95a6de2975f72f97747f7ff60e549ed32b7
a2461	GERCEK	201	c617200e412fc512c2bd5d207454069987fccf4052643211e714c76c27f04f7e
a1811	GERCEK	193	80112be293af2562494731804446843d67e7ecf456f3c3e4088896ac356dc466
s1208	SATIRIK	200	4783450d280d0be0d792bd9c8fca8816822ea495afd48c90dc8bb49f12f01012
s1393	SATIRIK	198	d381dcd67c84e287008a7f7d0ea97e387a0fcf7b68b91cf3eb6ef9573edad9d6
a1510	GERCEK	190	56c2d306904bbd2ad71d89e3339e22c1a5d8ad379caa939c78ad7ce9bd741f80
a2097	GERCEK	201	7cb7c160a05b104eba9b69235462ffacea108c55135735bc89960bb562820e56
a3604	GERCEK	200	1a83ce32e6a1e19079641824ab1120abc107d567c8f05f4c80597c19b8a8e89e
a2469	GERCEK	190	cd084b9f572bc77b5a9415201195efa6ce0c895be762d208b11303a5d7190698
s0225	SATIRIK	191	9fadfba14241d378e160d4459d42ff527d61a376ba608d5e2d8a6377553a1c80
a2177	GERCEK	198	2b35fc5bcda854493b7faa769dd716edd401dd7fa503fb3a49c426566823c3f0
s1295	SATIRIK	201	2d64efe8f12048a3f1fcb7da2d21557997f5eda43288ad638ab94ac2e42a2d05
s1006	SATIRIK	197	ca921abf093c1e5b71242a9b3a0d367c589074c298f25793ebed4122d5cc5a61
a2467	GERCEK	201	c5ebe3d6194e0a464cccc7cded297023bde8cd4d0e49f3570694027405051892
s1936	SATIRIK	200	2249aa7c8633ddbbc39fa3b3d52eaad832064911406f2afb1aa4e0a02f4ba12a
a1372	GERCEK	200	1d1f1de369bb70305d636293a1257637a210247a6219d91799f5985a9ee19c0c
a4323	GERCEK	201	505aa170e4f1806a7d339befd896d4003e9226fff00bc7ecd805a27cc7cb74c4
s0510	SATIRIK	201	64b873b254a6f6e371a06aa3b025f6acf9fe240bb1f11539718cc5b420a579ec
s0651	SATIRIK	198	a8d2db6fe82282a55ea4dddf635ab794461cc9a585836974565b461832f78d46
a2455	GERCEK	195	d2fb1cc92638108d97f1cdd1b31e961cc5f8811dbd20fb52339dbb7cd090cc46
a0979	GERCEK	192	cfe18d788d67204e7735aca8a42ae4eab9bae270923cd5e9978a580a5c84b29a
s0523	SATIRIK	197	457c728684b74b57e6fd9d4901f335402bab5864aad34ecbce8008a97de3cd5c
a0751	GERCEK	198	ac2c9120d92557625645029ab3ca6cdc668109a6e5b6908e6b874817d8b7e9bc
a0331	GERCEK	198	12b1e6466189f47a901f64719c55ad7243eee457ad644e193aaf2cfd00de3dda
s1493	SATIRIK	195	dbb0648367c0eb3365c63116d4ecd3889955110e0543e077483ee4b8875d1bff
s1702	SATIRIK	192	f7e06dff4fd1a2baaf3f397b46b95077e21c6971fa7e99616e7bd051d502f58e
s0284	SATIRIK	201	7ec98e0cd837f579173a4b8999a9e969d303694a0aeddbef2e35b1061badcb93
s0474	SATIRIK	195	de254b20373ab22185dbda9166375dd30082a38da1134d71669a5e8439fae877
s0157	SATIRIK	193	4593407387f133994f81157e38b7f5fd82072fce42fae4940d7ce02a4d6bc969
a3321	GERCEK	195	98666ecd2285e8cf51106580810d0f36bb3235a3a068565f15c93c228b6f313c
s1988	SATIRIK	198	ac9e5af9539b1245c26591667d537e11011f49009fdb5366d6523ab2ace660a2
a3160	GERCEK	197	712d6219c0cee45b2d1dab624cbfa35049b22a8283ba549f7a7bca569720f1d2
a2368	GERCEK	199	77c51060a0992d98759ba018b76dc36ef09c3fb5a9d5a02242d702b911ab4f75
s0828	SATIRIK	191	a5d80909d3d3069865ff1710b1b5315ea4b3b53d6b1374bc2d1f3224f832e920
s2136	SATIRIK	201	40c4d083c4d39d552f352b7a6d1d3ac089f5718a58c691d665bd98bd0f105e68
s2106	SATIRIK	198	f3e572b4c52c46faf716cb32303d21f6a1cf4feeaddbc2a984258e377edd2636
a4250	GERCEK	194	fea14dc2f88bc36662eeb04c0b5c7887ba3ca950bab102c66348283d830f40c0
a2442	GERCEK	201	3a53b35b2a3a5edceaaa655460a13bf7030f736f55020fb3d253241f39af387b
a2468	GERCEK	193	ab789ca5e75ff128c4710cd25229151ae468214279a3e1d42b1d92716268a7af
a4077	GERCEK	196	ae1364d79bb7eb27e5a905b74f1ae2a117c3f40dc21a62ef9973d13ad104a4c1
a1068	GERCEK	201	bb02722645259b6dc34a5e1152c0b67fa9625c38add914128ec7e22604de3574
a3556	GERCEK	197	6c5a5e6ef53fe2e8e0e3ec819bfbe7cc5a3bc7edd2c93253bb7651411b93c460
a4844	GERCEK	194	f134cb10b470491b5c632e6f370394e6231052b75ebb96ebaff226ac011e723d
a0174	GERCEK	200	bfd64c61ff7deac19618a3c7a137366a47eddbff19a47d36b3e41f35d6f02a42
a1471	GERCEK	201	eb69095779a3a4e14afe153123ac5f2dcf76d0c4a21278404478d1958edecb75
s0472	SATIRIK	195	effeb1090467786b756585a1e442b8fbe64a86c85645a52f975df0144b19a351
a1263	GERCEK	196	286b9dd9246d66025f0dd1affe569c7fce95f201ea9f1bbe86d474e2ffe16eee
s2046	SATIRIK	188	19fb94b9f7e6ba4de8bafafaf34982d14a94a0e24c2803d90982133babced4f0
a3016	GERCEK	192	474ef65505cf2d4ed8c375c850289e1e3ae7151b3e837989e7d279cc3d8489fc
a3129	GERCEK	197	3c1453188b6a82e5b6ce4b8513ea84eb506535382888717fc2f95ebb2651c756
s0433	SATIRIK	201	892f4402932eb698b43ab771f20b0c3c106a674c4ca5c0dd636f29376872c4c2
a0947	GERCEK	200	d2735dd5a6cf8ca0b43d284951f971b47b0d2efdf054bde1245f37872879ae9a
s0305	SATIRIK	200	9516a1c4056918fd92c63bac4a0ff6f392432fa8b976053b8a5dbea7555dd5d6
s0112	SATIRIK	196	4135f37c656c1d3e8770ea8b8845dada3df4b56a05f0259a1f21062795edba6a
a0124	GERCEK	197	201e741b83892e4ac797b8f1301bc77fea1ed7b7f5d5c932b3025f965ed20ab0
s1752	SATIRIK	201	a33d72a71e95f8fec151a3f502060a8752ad3d312f086248cabe1e0497eba867
a0853	GERCEK	198	8e742364eb6b0036ab57e36036da5aa0e845d5a4df23a008c1df534978532a7b
a3927	GERCEK	196	1eda5a49fed736ebdce304dfe2cfc37f15b15c98b0e04c8603bd6a20a7a0377e
a0058	GERCEK	199	a2bf144f5fdb8db2eef14419f76f0a03c7252ad41f2ccf5c1534262d5c3c3597
s1821	SATIRIK	191	24efcf5e1052c1c34117506c3f68e80b60b6bf557f7428ce97f382ac3f291468
a4600	GERCEK	195	8ba73b3ac40bdd1669aa1c45add64aaf3df91a4df4806aeeeddf0c37af21284a
s0655	SATIRIK	195	c7aa9ea899811cfc367a198b5d4abad6f80ce923efed2a8e700a1a3fe3448192
s1737	SATIRIK	200	6e8de05acfa8278e3904f96a6aeea7afe0a7434a47463f31b65105a77ab1e11c
a4682	GERCEK	198	a7d4b161c775a0b47436821762d6b51cdc1980b11702ea3de6485977f0a0fb3b
s0176	SATIRIK	197	6b44a8b53da58ae59b25a82d4a3c10f59caee480f1bf0e1caab5f4ef556d50cc
s0656	SATIRIK	198	6c8b718f28a169d99154408900a8fe23b922e4f75650f665520c2a5be5740400
a2330	GERCEK	198	b3df68bf92c913811fdc4079fb686f58a7fb4787118e3fffd183f158b0d58c03
s0562	SATIRIK	201	4bc146c1e0064cba99a604ab34c07f1daa3d97a3e049c82d2edec18f0e140a34
s1491	SATIRIK	185	c762790cfcddc80736a8c2b24139143eb688bff2404120e8599dcf3a16b89a3a
s1929	SATIRIK	201	4c7624f654797b21159861200dabc8096b28f6b44c560b1b846811cc19a42214
s0457	SATIRIK	198	c6c0ffb93736281bb49a9d4d10fd78164906346679fe446d3b78a796e8a0bece
a0823	GERCEK	198	5d0b3b13f76fd2a6835d12d8a16a85f3c5a568b1e1d216a846101ff7b1ab16d7
a3976	GERCEK	198	fce429c8c6a4f293836cd8a7a930768eca3d99f760471bc40ef5ddd113edcb45
s0292	SATIRIK	192	874f2ac17d261213b640ab1ed0eddec6b08c5e87620e37d36f7308fd2e94d3ce
a3162	GERCEK	195	455ec84c3c2a3cf2d96e5d70efdf787e9c7c0273a022514faa1c8b0b6e8acf62
a2195	GERCEK	193	460de09f5e1b07208f5dc1eb9cd75f4b812a9c76bc5009ab75f6b2a614860993
a3462	GERCEK	190	9c52be2b7e2a4e28f71cb2a233563ad4cfb06f7f625942238bf0c28f18200a97
a3156	GERCEK	195	66ca70ca63256dbb57103052e9ceb208cf84fb1e2d889447392b43fdd64661bf
a0247	GERCEK	190	29a954a41a036a3660cff7cb7713599157fe1ad29b1e3220059ae879977df1de
a0439	GERCEK	197	7acf28065dccde6f23454ce82949047ca983bc6091b6dc02dc084b4a2b5b9f64
s0273	SATIRIK	199	1e82ebb98b77ea6eaf8f8f1ebea66adc1bc7bab63fc1dd50ab2a8d6694303ff4
a3291	GERCEK	193	c82aa5c1a069415a495b58de560f23f36492a28484faedf49d25fc34982c719f
a0951	GERCEK	194	703a92ba3c55f6735613c60ec7c2558ba96045a46c1209da42c3dedd12e7c99c
s1960	SATIRIK	198	e17d0590b31faec1addfd7e229783fecbeca26751c0deb47bd37292072500940
a3634	GERCEK	190	fbbe0e57269aba5a8720b7b15276ab5a69e68c7f8f86374388e8ac4aaff21ee8
s1191	SATIRIK	196	5b2fe7890af75e47108f9a206aee5da6fb0f76f37b15f1664614611d2ca30e3e
a0262	GERCEK	198	c74e971534625a12f5a17b04ad506daacba926e181e7b76bd7c1050ea7df77cc
s2132	SATIRIK	191	f9d5aabc95ec5a6afd45c0b6b5432c36bd96013538d6181b542505b9568ac80a
s1578	SATIRIK	198	5ca9e37e35d0b7d455e1d1981bf386c00818b0f84d596127d96d773ee4e06cf6
s1213	SATIRIK	200	bdb86970bdd5f55d1090ff2e862b1e0e6a0ac69dc2bbdd2608a0f00a1c8a0929
a4690	GERCEK	191	013eeb6194b0a61674d7800f721323e83eac9b41f8673f7cb24f9bca59b64395
s1068	SATIRIK	194	baea538648935939fe28b73e206dc928b740186dd824f8fbaa8534ae78d352ba
a2955	GERCEK	198	295cdb7e088acfe71801d91106c985e73790775860a0325ef858c93fc2aace85
s0310	SATIRIK	201	4877a99fcfa808badc7ddbf995766e40227612a145e81ba4c78c4c1c5213f843
s1860	SATIRIK	196	dcc24859c5b22abc030dd1d4fbf2ddd88508055fed81cfbe985fbdd19c12dfc4
a0332	GERCEK	199	59cf03f147e691dee074ae94f32907362582511b2b0d982de024aded3135f147
s1991	SATIRIK	194	4b87e869badbe32bca743064e4ef3246722489704d49f99c004509e724bbbf7b
s1233	SATIRIK	198	28940d4683ed92721b2fcb148ba00559475d4c11351c2343912debceaecd432a
s1740	SATIRIK	200	d055ff67e38fcac9361adb2b48d392d5b830fe8894cbcd773ddb271d3bb65012
a2698	GERCEK	198	a0e5db65ef719a9eac639a497e3232fc1f20f6ec55d9a44ae6a53f15e7f1c07d
a0084	GERCEK	196	7fdef13fa7f54273ac2ebd98ab4dbe146d87756304c9e3473a755acde5015dbd
a3338	GERCEK	200	401f00243f4e937d036bc56333d07baa47edddabbdd6bf4619c4885ee000ed62
s1064	SATIRIK	194	fca2df2bc348916ab4d4b89e8881b23e227f2ea07ab7c8b51b8395f091fa15bb
s0541	SATIRIK	200	bcfb89ca96047243e5ba57158472b6dd10ff3c9837f7b19a86efae6838c2aad7
s1537	SATIRIK	200	b771ca5e5180e8940a17411bc4f99db315703a2d5f74575ea992b788747b44e3
a2917	GERCEK	201	596f664cfa442584e920126abcbe22967488f88b6d49affea577aa53fbccce40
a3659	GERCEK	198	cab8835fbbdeba94e372102b2afbfd3fe0895410c285ea8ea4c77ff8cf703ee1
s0701	SATIRIK	195	a49641405fcadffe01ddba16b36c9c4080775bd98105b2255ee181279903f486
s1938	SATIRIK	197	9ed59a45436f1585019c26c30ca0b0e7c0280c21ec64079c04aed982e2f14503
s1286	SATIRIK	192	ee46767ac3310b6db5fd92fd3126ac4053d8248066684a53a5d13ea202fcaa0b
s0238	SATIRIK	197	b41d36be4940b63f43c95970020dcb08801b51a08fd89ae0a490b316a684ec33
a3772	GERCEK	199	11f836dfa9ecb3fccf7070b1a1ddcdcf59edcd3253a339b7eb20648d110494ff
s1831	SATIRIK	193	2bf9ce57bee049c4a601207f2cff0b37235d5e137b4f183c74cfb16857d08f92
a1861	GERCEK	193	940de6febe28a03e45353e0781360cff2e4ef4618d00eea5503dd1f9deb5739d
a3720	GERCEK	195	60945661a3af4fd8544ea3ae442508ebe133aa0bd00636fe4dcfee6996082785
a0159	GERCEK	200	c5bc98b9c903b541ce411817724725bc453cdafdeedb37ef1e0a60f40f5af998
a2631	GERCEK	197	055dff90d8ba2b04844b830fd075e26bc3865a964f5e1e384b940d64ccd7fa1c
s0904	SATIRIK	196	6abbadd207c2572ddb0fb52fd9c1e5ef74375680cce52fc22aebd4a6210f087e
a0546	GERCEK	190	3b69aa849e664d135045a87ad532c1c768592289332d5f748a93c68b29a1ce87
a2260	GERCEK	200	14cf07c54fb0a2df6af80df0a0d2a8b9e5b16336e63674df5e9e89737b6a822f
a1199	GERCEK	193	1d55667a684c4175720014afd73db13833701cdb3b42f7f04479e2175282205c
s1741	SATIRIK	194	0c36e7aaba10d8c35aaddca092bff258c1b2fd62e32404d8eb3e767e876ebf34
a3623	GERCEK	191	534767bd7b3d6619ea106982edd1043340da0eebf37590b7cc30c8c59126f4d3
a2677	GERCEK	192	8cf37c5017922e39c787ea0b7eb499cf65ba1ae4e24badc6882dc5a8482fb155
a0766	GERCEK	194	5a0636acb1a63cd8c297c0ab63bb79a9f8e283d4afc20ae72d70e012c5739308
s1569	SATIRIK	197	2687c52a0c10b166a6ea3905365bfd6538fa3fd82440f12793f17f1bb4e5c868
s2054	SATIRIK	198	61e68fb7de98afc872fcf816074afb4fe95dc1b9ac245ecd5a8e8d88849f7fe1
s0234	SATIRIK	198	fea1302d140585e7c6750568d9eda9f15c360921915eb13c41503b1cc4d69e12
a4084	GERCEK	190	75f7d9ceb392719566f5bc5c4bcb851cc5e666b5ea22c1eb9d1f751ee3a0ce41
s0556	SATIRIK	199	ac018d6e88a68554f5b423a569e3a9d66f546deae93e5459133fdf54a2cc3c48
s0341	SATIRIK	197	12c1e65f966335d65c0a0a60f2c69f714a1d3d913f5fea896e5343ea1ee5c95f
s0242	SATIRIK	201	47e05ff1485a49b03efbed095fe0dbbd2ce99c755dd03e43ced1b6f6d9da46d2
a2711	GERCEK	201	80165c4a14e646b5c99b23fd590d084f6013731dcd426df58c61e6abe829bc59
s1609	SATIRIK	198	5cfafcdbb11f44d5fb912dab787247a834f456c18de7bd4a813b06012ad66f59
a0260	GERCEK	200	8e3a3a60437c05cabd156fdcfc7443008832bdda4118efa4ee637887d3b67bb5
s1982	SATIRIK	198	ac9a3a58a09faa6eb49d8ec6ec1c9ff300f03bcabb498a1c43d9cbda039db9fe
s0948	SATIRIK	199	d49ed4b324fe918576e3d533b45d1438f7236b40e9a0c816eaa8b75bbb5715b1
s0846	SATIRIK	198	61b6e81dc89c4df18babf5519cf99cd9a8f0350c54084f7a9d709c48c803ef51
a3859	GERCEK	201	38d719721cc50ff94614c101665b3f2ca31c6be7f2a85c2250ac1a5da33c85ab
a4805	GERCEK	198	283282348cbcf9429c93b421b791974af15b2eb3f9d5eb125f8af79d4fe0f6b6
s1675	SATIRIK	191	a1ab6ad844ce88e8b29410d3422c3a089cf048bedcf707b7e046dc0a4c1a653a
s1719	SATIRIK	197	00cd52343e6c1150deed0ca306e1776fe1d47036d8cdcf2f83670d33fe586ac4
s0716	SATIRIK	196	f5a8be962a85fe16a80434a064d0a30ea5d1be44d667eb1e8c1930ab7500ffa0
s1346	SATIRIK	197	1b031d7efd3a1b077883f99f5d3f51d44c21d3d094057344c08781ffd31b0e4c
a1475	GERCEK	191	20f4b1067fbb407cf69d43b7e23c92a0d2f55c5cdba59ca534753dd432f7fbb8
a2808	GERCEK	194	e67342cd7dee68b73b3d562993c6837162178a90b238c164b5f1d4af3ae98f29
a3689	GERCEK	192	f665633a5dc0eb6e4bd4e9196b6d22ac99292339afd91b61987675c0d93fe0c2
a2169	GERCEK	200	267daeff25e480dc55ccabb942ef169a79f14a3fa1941cf9ea4e0283355eae2b
a4031	GERCEK	201	33643b3c545a2eae35cdd7474f15208896ed4d2b94425c44b99520c64efe8038
s0937	SATIRIK	196	e2a59c70405e114d06a4085cfcc8375d4b17848b6ae824c9eebb55f515f320e0
a3254	GERCEK	201	ea4a72df46c3bff49a289c9906c95ca76dc94cc6172317db3c52b25556d5bab7
a1897	GERCEK	197	735669fb050faa5280424a0c2ecb72a8b359ccca376cc6c7bb81c465ff0e4fdf
a2277	GERCEK	146	d3c98f18a8d9e317dc2cf9d6e333ef1398de71eca37aedca6c3d8113ea13129e
a0783	GERCEK	200	793f2e45c4085fc18d4b437d865b453a40fb4cd7e192da992fc6d4cd8fc51bb6
s0448	SATIRIK	199	769b645028abef780655c63c7aa8081444c5f04db37578f789b62645fdb9468e
s1497	SATIRIK	197	f479d5f10765f6b5f71b7061804b6866bd2da6af5ba0aff81f707a3fa169260a
a1719	GERCEK	199	9f3d734bea47b9afda39213fabfa2f5e95702f4aa04319371bd789e6fc08419b
s0709	SATIRIK	196	3a588e63759ce82f78de9ba73b9ce4fd93fd707aa9e7922847f9cc20a623e19a
s1349	SATIRIK	195	5d493b7dbbc72197929f65d3b31d2436de60243d16e9f3588bc0e6a254d14736
a1644	GERCEK	198	252089950cbf00845bab0473a3160ae93089aee39e95dffe13b80db9da12fcd4
s1118	SATIRIK	197	0b4dc1dd90670d7982808da8329a6fc0731d999d3b60ebba3d489c3ba924f111
a0765	GERCEK	199	ef3adb3d1746ea6f767d81fe37a91a2a87ea1cf0e35a64140aece71e184d8993
a3811	GERCEK	201	c94afaed865a8dc7dab070467e4cc19fcde3e98860c7b21c03eb5e1fbb199506
a1790	GERCEK	201	18e51e04829fbe7d213f02bf5a5e03631219f9c37b4f09a6fadcf3480ffad537
s0742	SATIRIK	195	fce45f2fa04eb526bdf6a15e28799c1e5afb8d0442417e4368b2ea08a7b406e5
a4711	GERCEK	192	f0f0054d729d83ab0faeb3094232d2d23446d34f96ca06241bbc346dab0d6865
a4042	GERCEK	197	88a2a382a9484dd9c18d8da17b7bbc7ccea06994ccf15d80a9ae71c3728d08be
s0798	SATIRIK	198	bc90dca06e645a49f26ce048e4f3d1433cf95fcb57a739a63773712d107efac3
a0960	GERCEK	199	3ae672091f7a4557e3123b093afdc0ba8f38a7d876b05d30ddb4239170802a59
s0907	SATIRIK	198	a770f2b4c3cd60b057044c0fe41c37147cfbb81010505c4385ccac065b6e65c6
s2089	SATIRIK	193	7d7ca977ca6f56c6cd35a9c7fb4b48105c7fa4f383f5f3bfb8dddf016e3e4591
a1279	GERCEK	201	10b434f5b95992dd13d164227c2f80ff101193ff7725a84703c8e5e5db6fa43a
a4696	GERCEK	199	70d7caea30cbe2e2d2dc644efac5fa9e1aa7c97b2f641f51cc6e1b32ed2270e7
s0145	SATIRIK	201	3577b9cd330bbef1b6f5c6b98f63264d8d1eacf36c9f8ae6185baa5396154f4e
s0220	SATIRIK	200	7e980a34769c3e5512849569d3b183673f7032c956a90c8a7c5c4d82b034fe6e
s1303	SATIRIK	200	6afbd8729d9644321faeae32d75360a05196d6a8f1b9f16b4725b23a25ad8977
a4782	GERCEK	200	c8c0c54ad7364c5b18e964b462dfc3b8c319520fd9f9026e7d8b4b3fcb5ff8ea
s0071	SATIRIK	199	bcff74bc21f5ffebfb61fa05b971a8408dc9723b6a395951380ea8facdc6b825
a0661	GERCEK	201	eeed4f9cc1d3c83faa4cea6a5cc3f7c0f1dfd037e948c5763dacf290f518c039
a0121	GERCEK	197	bcca09d35f9616cc4b0b0bff0ae6640238ac12152dc338c94a9578b104877603
s0058	SATIRIK	201	2a24eadf8bc316a2fbf595c3235eb3a19ecb2e78781d6b35524e578903ea9539
a1782	GERCEK	194	e9b29fe28ca1550d2e71e8fb6ca4f7629a31827670beb60ba2304a4fa6dd8eed
s1025	SATIRIK	195	80d26ce62d16fee82e5bb7275fada12b75ca15f2b255781d7a61f3c326a4c4bd
s0009	SATIRIK	190	687693b29343af0021cd43dcf51c1068e56f43864d195648554e5c57b4790168
s0972	SATIRIK	195	96b9cfde0dcf6f2b13bbe2bb6c90cf209c29468ccbae448941bb64a0de73a6eb
a0796	GERCEK	196	a8624c96764942421b56bb6ea153ce55fd5f411e9d8a3dcdaae288393f879997
a1980	GERCEK	199	13520f3dfe310ff2432cf40867b819d4ac39bcc85892651e4d2ddfa8ef831e80
s1651	SATIRIK	198	8f2226bd5b90c8d840a6fea4a0f5ce8a7c73c264ee7b970c997b9a15dd96916a
a2348	GERCEK	200	cc18bd7d9a53927c8c2e1771c246d1bf6a31f2948c2b7d4b42801c2d4a0b06de
a2939	GERCEK	200	5f4e7720b58c5f51b746a22e9417384506b8421ca6dbb83937cb631d3d1278e7
a0310	GERCEK	201	b8360aa7db5692cdecf83bcbf0123a94120b360d303afab117ec6ac89ffd93ef
s1664	SATIRIK	196	1630051f6d994ecce2114e5fde7997ff686deb423bc7fef58093278afeb3b3e8
s1884	SATIRIK	194	e4b4c05a23c29e7851ec95eca417c6c3e2832ba4e70c3ae867606cfd8c566e9e
a3815	GERCEK	192	e4356af397a82ec1126b3bed0d62edd108bba0a9b713b53243a4f327e1e62ec1
a4192	GERCEK	195	3e3d63f01cd26ff5b8dfc0bb50144c95f2ca1d79cefef8b544ff861523accdf0
a4464	GERCEK	200	ae627689b6c6f86ad58c7da8532b86d67d9f95fba44cc52f3810376c12f7f13f
a3554	GERCEK	197	cc077e750ca5dc64e9e35a4ea4f5d876fe3e850e53324688ea1573966e6c5aa1
s0622	SATIRIK	201	c459e4d173d68fa45eab2e060fa71ffee6f136a80b38b4606661df4af3e7e1e2
a3530	GERCEK	197	bd9d91a83e39020fbae20d18ce70dc5d7c745dac508d70830becdb4702f993cb
a4198	GERCEK	200	cade047dfdc6cc56589f8fc3e1cba1e3ede366958ecf7da8dc290ec586bd5947
a1679	GERCEK	194	1c44b821ba10ddd2e81f348d4a61eaa365829d8d560ae72e9fe10213c0858a35
s0861	SATIRIK	200	b75d7d97be74bb36724441814ff30edcb62fab8e59df32ba0cd651c2ee93beb4
s0839	SATIRIK	200	23e8f63b7a58e77d0384cf7c3a42b3cde9174725b7597b1ab2db38e685e79890
a4255	GERCEK	200	7f925bded4e1d14687e176bcd165136cfe8f9286fb0bf47552a9a441d7ce462b
a2168	GERCEK	196	f183800a1e89d14c836a65935f65934dc03757da1aa429fd4cc3b10a8bfc4aaa
a3611	GERCEK	196	0ec6a55981776ffe88683efca7dd9d66061f2fc34cd00a141073a488d2274947
s0322	SATIRIK	192	13410d7fb2ae0e8ec1ea5d1af40a1e6f4f3d17e969b8eb1d00a1964526284d46
s2073	SATIRIK	201	60039682f7b7b1e16cb4a8a0eb7403eef2f6aa25f37866d2d5ba5227613c0be9
s1425	SATIRIK	198	c350768555bb5cca1ed140dc5187a3626ef07bad5848bc037eb5a175653d75e8
a2078	GERCEK	200	051cf8adb57d34cc5bd137f8c86df8566b97e0583a639fb4cf8f5bc1ca74e32c
a2441	GERCEK	197	6a5dd7f77886a36504056768af4a05d4003636b85f5e58d3f7018032344e8435
a0491	GERCEK	197	ba723088a8f159c34287f735b86646b863c3ad12b2304a3b2d64ff0112675f6a
s0783	SATIRIK	197	d5832c3376798825ca212b1b0fa1d0057a1a1c81b1f45cb1954d8a98e58e5b1f
s1583	SATIRIK	201	0f4fecf59e903349c958050df622a38d0728bd39a77f1ab11b92e792846e4e5d
s2098	SATIRIK	196	072b21d6ccaa89aaa91c950484865592043c8d15752658c2f18faef4b1967c9b
a3035	GERCEK	195	2206dc1c605175b2903e3bbc0bf31ffba2a0d5e31cc9ab9674deffc8143c193f
s1112	SATIRIK	189	4eea2b9297b85e720d1e49c31c47bd18b21f06f7ce32072ef41dc848cd216340
a1672	GERCEK	197	4bb9bd339a37b3767ea50240d2b29b2c3a3feb7f4d748894a725834c938a3d64
a2786	GERCEK	191	48aaf889b1c90af6c732d66b9c84a00843758af8b97ec187231c8f589d69839f
s1647	SATIRIK	195	5ee964a75cd04264c063fd37150e5247c0e7ac148277f4bf15accc407758716f
s1230	SATIRIK	195	7ff0c2eddb929816bed42d1a00266577ea9d8909563abe054da524ec9c7335b1
s2080	SATIRIK	195	e13b4fff80f76262b9902ab21d7af809a96c79f5b3a9d0a791dbf6b42ec7b74d
s0819	SATIRIK	200	718b77deb519aedd1dcd3e051b8161df41650b3f6c868566bf9fc7ccee394898
s0932	SATIRIK	199	9adf7439ff971da3cb1891392ac10e1bdb9405a2d01bba97542646cb61381ef4
s0536	SATIRIK	194	bbec833d5217ce61ee94f32da303ced423d77a3337127951a13c457292712682
s2023	SATIRIK	193	acf36e03d1dfc442b0382d1712010f80469715f121f9e1f07cde9772f85473d1
a0249	GERCEK	199	1e87bdd97cdecc77d2bb7a88ea6cd41c66bfe22803b5b48cc7a8593df597be36
a2683	GERCEK	195	10b6a80855e12d468bde87378847c43d771f51780e1622c79a0c2f768cf81ac2
a1737	GERCEK	192	b0240b476af7a1c99969a2a056c38dff07e1d48dc5ee48617b1bc6afdb2ae89a
s0696	SATIRIK	200	f28d732002c32f76928a1755f3c8d63dfaec693ab41adc3dbdab11cfdd2d99e9
a2134	GERCEK	199	e5d50421ebfffa34bc23efd607b4f7db058447225d0494160dfdb4114a283326
s0722	SATIRIK	199	710669de5b5043ac96c0d8527d28c622173f5514ce21465085950b727fbdf106
a4369	GERCEK	201	5d1a53b4d85f356cc956d0cad1218d271c8e2c5aa18fe84c1d1fbe5eb2b6eab5
s0317	SATIRIK	198	fbb3bf9c457db67e3e090cc174c8dce16b28baf44f2c3663b1d1ee4bb618d1ab
s0612	SATIRIK	198	23defa8579a2fc5602b4a8ab5bf6a102046d7052f6d60154f7a84125e9804ebe
a1408	GERCEK	196	19589b3c96786aa59c189f629137492e6c4edc0ff6ea939ed7a33f49117e4f53
a1856	GERCEK	197	0b33c3b26dac828d602ea7324e5ac9af5b0b33cce05e541578142039855b3c44
a3457	GERCEK	201	8a2fff83366c7823e127cc4b864915f484754bef551926c34e4d69e0e58aacc4
s0074	SATIRIK	199	56493f593497041c9d8fd043e8d14a79b4f641a74d60ebbf0ec32b06b690421c
a2183	GERCEK	196	29aaeb3aabdcf3dda26c8d131b7dd384e952e64e363633c76e6b9253bbf40798
s0820	SATIRIK	195	62c3a46251e5e2280c5d630330dd82f0b9596baf20906c8acd8be5515588903e
a4752	GERCEK	193	ef3b99c796c5a254a684f0695f7ca94c4e790285745d43df1eff7efaaf110089
s0967	SATIRIK	198	f69b2f532951a29fc616551a27267919cd58c6355b43187536b50d6c0aabea72
s1775	SATIRIK	194	4b33c2dc9e186280a4669e7abc04aec5d8beb9ed3fba4f9d08d4034398980526
a4583	GERCEK	194	df1d581b1ee9707e74c5eaac93e6db7b437cda4209386c8e7df535a33390e319
s1414	SATIRIK	193	2d1c8dfe93f381c8ce99c7390f2c5607600731e74376224ccef84b1de36198dc
s2172	SATIRIK	195	875b662666e1df487aae52cc11412f8df8d8fe6324f6bccb23fa9884499df390
a0378	GERCEK	198	9d12a749004be71fa27c4a112242687145a0679fbd21d076a1eb6081d31cedb6
a4339	GERCEK	193	f4c5ccde4c260fc4cb453e5c272c0144fcfbeab3839a4aa05cf416f6cc8f7e30
s1481	SATIRIK	197	535e54499b9d9cb02d5bfb175c27e80f7c6cb394a709c70bcbda483293bcfd61
a3967	GERCEK	198	f8b1d9ec72553a1e45bd61ada3db3967fc32ea7d59e8adac091f675f085e8fae
a0473	GERCEK	196	f58b956ce625689d172e87fb4e889d90d9c1c4313eecebcf009d43895eb235e2
s1041	SATIRIK	200	8b0174fc29afce2c219f7101e2b4b5141b5a36fca5318fcad384a6be39a28aea
s1654	SATIRIK	201	fafbccdb4a55991bfb164d52a5dc88492621d3ccbdb888163ab77e3ddcc3efb5
a2827	GERCEK	194	c6344c1ad8a08317b6dafdd217ed3bf7210213bf595da469a4b021df13d60456
a2488	GERCEK	198	32f322131a82f7f01430a798f34bc6c3d3eedb15d7f2149c524cbccc2629dd0f
a4591	GERCEK	195	24d892270459714b1e840260cef86073e2d42bdf9a03d21f03b85d7ee16eee29
s1144	SATIRIK	201	70d30bbf62787854f689b8f71726579c5b3b5935004ccb3954b73981ad785783
s1345	SATIRIK	192	b6d7aa724f5bf09d575868f11960607aaa82b9a66c0e1660dd6d744d7c9052d1
s0953	SATIRIK	199	846048f68e5917b639fae7e729a246a6b606d745c0b5134435635b86e697a072
s1764	SATIRIK	201	f6b1444d5078e929bd0e315692370b3ff68218ecd83a9c725154898bb3b88ba2
s1717	SATIRIK	199	6e1d14e983b4c7d9c616b6f18e2ab1cfeadf41fa1bd0f620fff08578579b691e
a2291	GERCEK	136	c03c3c9695d01dfb8e7551bb042937564254cc450636f592522a3dd7e52f3a21
s1996	SATIRIK	195	e3712a3fefe37212299e26db05cfe6277d81e2bb6a6b29e6e379057262a46039
a2460	GERCEK	194	fbf10a347ebc6918df2aadb48827b149abf38c1c1bf14d789ca634c223d21666
s1713	SATIRIK	201	129ed6c991246cb6da3b71f9ea1da04e4f5146dd971768243520fc2b8c80f2f0
a4158	GERCEK	200	b693e9c7894922453ba72a412fe9b138616571db8b26d39bc6c0761286df77d5
s0782	SATIRIK	197	eac19723228fec266bc02802a9d042e5e78e11961f8c2943fff34b509193d58a
a0043	GERCEK	199	ec77089cdd37db4a4b54eef9a38322243a1308ad7fbe7bf65d7984d3dae0311b
a2466	GERCEK	198	f54a370a743d8b15a9a14255fc4ec921cd711edf2f814bc4845cb4840d9580c4
a0397	GERCEK	193	074b95cc926045df13e14f1088756697f0f49f90685ac74e509ed9444a7e8eab
s1104	SATIRIK	199	e85afade89b26c89f446f5efedf4383271e33e60ff014cf9616bfbd1e892e7d0
s0791	SATIRIK	197	de1a7ad04d1749510cf4cd30dadeab7a3b14a7124b589e262ed2030da5d683fb
a0569	GERCEK	201	331f952eb6ddc3cf82fb1fcaf86310f47810c51fc6ba3b033fb92d14173510ac
s0535	SATIRIK	196	021876289e629a774f0841bc2c5adb0ecf188d13ee6e3f0e058b61430c2d37b8
s2186	SATIRIK	194	422731c40f36b3fd10dc685b68f5287e21160a34358fc471256a5d89e4d1dd37
a3267	GERCEK	195	8ff966928bd3a04b51c9336c355a923bb7e799ee104a20536160046edb812cb8
a2179	GERCEK	196	d8517614026d3f061e188badc35086adb6cec191d71427f8bbb00df463d10f1e
a1848	GERCEK	198	0a77afd11be95d4a9506a186f16a62c54b8405cea632e4b6753d0189c3cfe412
a1324	GERCEK	190	64558ae47d1b6725466ca370bce2ea3b035001200d6c3d357410c8dcba4c196a
a0131	GERCEK	192	390ba1dae0cb44fa399c722210132260ad9a572fda5da73d93650a3f50015feb
a3252	GERCEK	197	cd7a59ca6615901506d9df27c9708dd994385cd109024a4e2c07ef5cbd81d26d
a2115	GERCEK	199	904347fff5c74e79c00199a18ec74322437b32bd3aa9c27d25a149c4731984f8
a4252	GERCEK	192	0e3d1d970e69ae9ab33e95f96e42ebc7c075eeb58d16f8e597a40a78ba6418aa
a2024	GERCEK	197	e949d9d97c70331dc91e58861510d629d44e15e0c1907baa8264565dad51f276
a4610	GERCEK	191	93b559878bc03e2ad809d536289ec7da3712668721442f63fd002b45ff53ded2
s2191	SATIRIK	198	b9a3d509b8d1793b06aa7aefcc415c3b8f91a8ea7e4bec17a2f5b61d3d05c6d4
a3456	GERCEK	201	1ba9a91531b3ebda3b08ebd54768ea8a49cecb53f4466ffe00dca4baa39f3f0c
a4098	GERCEK	193	326977a1971630b082ceacc5bbaa4788cf6300a2ceb1f557ce925e5fe21191dc
a1673	GERCEK	192	a995d0e19ddbe9e36be4c4241df7896ce2009c57e6fdd4ed188fffacbf6003ee
s1598	SATIRIK	201	87a17906841d677127e44c33ee1da97bde47ee1f80ce25f10ab3e80032d24702
a3001	GERCEK	195	b770a681a7b65f12182b3e0aefe3edc89a1d9c464f8ed93359873718ec3e06f4
a1502	GERCEK	195	2f9051fec3167dfbff98111f63200ed2ded90e2f44a0ad2e48dba4d2fef190cb
a3587	GERCEK	196	7a7ab4dcb9ce9e362a096d0c1e7286080d2084e4b828a0e86f546369f17a2591
a4284	GERCEK	192	97b74168bd1b0c06f826d5f9ffa71a8e46a030d95ad5b289fd0e87e5a5aa8fdf
a4214	GERCEK	198	304a447236131f670892d3ea67abb47e826c7a899c56e430970fbb7c2707171b
a0109	GERCEK	195	8159d59b1b27a01f9c7de3d22a20296760897b552d3f49407927551b22057391
s1057	SATIRIK	199	b186ee496d655b9de092b05b7b29939736ae7387ca524307d5b07af490ed791a
a0451	GERCEK	200	98ec637e24f2418077dcd04c41aad0da28c6ed5f9d23c8c5094cd366cf57d542
a2003	GERCEK	195	c25dd6e37d44bf6b761f97111227036fb3eed9ada4e507ea59c00f963252ecf2
a1600	GERCEK	195	70f299d7298645d6ebe90d0e23588c3aa7dd0e12ff1f97eb88cb0fc8f2411fd0
a3934	GERCEK	200	6d4399caf2e4aa1912a3a0812a0c5d56fc7ce68bf712ce65402caac20e0cca0c
s0467	SATIRIK	201	c2c463f62440b63e9157fc7d290193f3d3f7226ad17905ee71396b0549bbf0a2
a2565	GERCEK	194	0c78e25ec1050e7676427bc63cc493cee00608456dc9ac97c40db97a8f84790c
s0996	SATIRIK	199	6f84e6ac68d3316ad8bd339d8479b2b02612b6b1eef60510872003d6dc7c9458
a1216	GERCEK	192	eb6fa3081baf4a6311e95226c31d78a2750389c9185954e85022d7c1788ad3fc
a4587	GERCEK	196	6352f74597a992812ecea9a5104a7029ca7cfa64f73bb50d1e73b103b9dab9e3
a4516	GERCEK	191	6598b29e63b4657a0eebd54b29682b3e610a4869794d275b93384229beb470d5
a0549	GERCEK	195	160b1bd496f7a9f24d3b3c1b9561b90f88e26e9a9cc25e6599a4b89250f3a0cf
a3777	GERCEK	200	09fd09ad42562384af8a88aede827aa05ebe87c213df6b1899d01f5e2ab3074b
s1498	SATIRIK	197	a90fa1185d16b7f74eb8c93ce347522516bc3d138beaa9ab9e00957c3770785c
a3464	GERCEK	190	1a2b23a415f1d14a76f12f392b299c15a642320fe8d9d029252ec8dbfad2ef9b
s0801	SATIRIK	198	e41d4e728643af92e0b8c2b2bedbc5a7c5906e4fed56f68058517587974bf377
s1107	SATIRIK	199	e837877c36af12c72e9c495c9cd63a30285463cb21a62dcc2cf0e48af108dca3
a0600	GERCEK	198	f611d95ae810bc4c32d57031d96933daf5c3cce7e275f81374b3c4795fb25559
a0874	GERCEK	195	b9989650ca782f7378e514e7f66975732639f29c80bc77ecd6b05e140c793050
s1351	SATIRIK	197	384132f0d224abce335602d47ae946cf53ac90b486a626ec5d5e7de570b0a4a9
a2199	GERCEK	197	f4cabf8c80b19a57393075cf80a44694b76060e44f4835c54a4850f5669a984e
s1594	SATIRIK	193	070f83a4bca021d4283f9962b1cd84cd0707dab2e1acb0b5c565a2c918149fa9
s2071	SATIRIK	194	49e9da3b2d7d900e04ef068bab62ec57a3cac8fce842bf75417bbf5a53ab773c
s1457	SATIRIK	196	a17fd652930aeee532d87a8782d0eca92c65ec54e876e79405e6327c7870e313
s1663	SATIRIK	199	4b5a13c94a2e5e024e6ad7a4148487b167f816cfc43279de6ddd854d625ccb23
a2144	GERCEK	196	afe2522898752fdb98e7c4b28fe7f2d866cfc197e99de32c7ebd3b85227efcba
s1062	SATIRIK	197	b01cd4be4aba827766ed011ded5fce10bcd394a5609f746eec744eb62c5b4e6e
s1055	SATIRIK	193	ba795ff947f249fd2b25a0ef1c7ab7cf5fe3dc752f2d755e43a608b13d0afdfe
a4671	GERCEK	194	efd5b1aa11e9a209c3a9e7a061af2f1136fc752ba8aaaf748a7432f51d468b2c
a1439	GERCEK	201	16609ff935f34fcf1f06bd0489224ca59eea62d1508ad25380d1414641847fda
s0327	SATIRIK	199	45ce328a65bc916a8e37ed1f62b076ebad6f4465b0c7a7d30df702520d29bd8c
s1217	SATIRIK	196	cb948ff0be16d8e2abd933741a2a9b5edc5c6b2ff4cfb55e68cb665fc8580316
s1574	SATIRIK	195	acc2641f22e7133731fa7c5b91700a8aa4c6dd80bdfba4566357117a501e1145
s1662	SATIRIK	198	c430a0b55d6aa22c91995e3fd02a272378c6cdc612d1812ccde1b227a387fa3d
a1914	GERCEK	198	2659bebcd61ff7bb928407f9ca116beb4d0e8c22fb483fdbf878faa785b51535
a3547	GERCEK	200	23a74e12b707ae55de23eac193bec0570850dc5918a52e6e50f84e54df5cb7de
a4155	GERCEK	200	12c8ac72a057f23acc9c59ce2e3640ed1ab5003fcdd776ab516bdaf4458b497f
s0806	SATIRIK	192	7630403da4f1ea82eb4231bde33f33ef2e9e2cda27b47afcc803e3935ccc5f8d
s1644	SATIRIK	195	27c2f64b7f3b1e985ee613097555e67bd66185fd0924780a871b711558f6b6ae
a1767	GERCEK	198	353152d25206dc850b5366eb445488c4371b76546036d972dd59f61d68543e3b
a1205	GERCEK	197	c4b52bdcf0360fe506d1c151d6c0cfe3f729f6b0d3ff0df42d2030b20d22fd2d
a0405	GERCEK	199	e2ba5ddb6f27942a6cdc43ccb24039dd7499dea607758ed4424ed3fe57f81aad
s1793	SATIRIK	195	ab34ab6fc6e3e3ca18795d79811bb121ed361b3e49cee34fd0f075cf3f277c66
a1570	GERCEK	198	0e17ae8542ac0d71eae26fb0e10a63ffe465866121d2e620eaf5ff78e6a1b039
s0266	SATIRIK	193	986bbbf44632374e2fffe0cb7fc238f03bbf4697e18f54c20c3138b83cb4d464
s0066	SATIRIK	197	f5a98f22c6c9b8392255321be387b7ada475458a01814930d6df8760e6727736
s0529	SATIRIK	194	c1827016b4cbe0593c4e61260f05c9c571bf42d5e53efe10b196a430f9bd1dd0
s0940	SATIRIK	201	5bfbc957a0e8d31546226ff55e1c1f5564e15ba37976c3be0bcefa70bd65543c
s2090	SATIRIK	199	9f09ae9c8cbc0ecb0a418064a2f6212e63aa0e25908922c4bb7e9bdf33a5192b
s0694	SATIRIK	197	01f232e0eed53b43643247c7308b8b1da12c93e0809b9e05b39d5e3f0e8448cf
a1819	GERCEK	198	6a29243c981131be31983a9adaea19731727d23f30021b3d062423ddb5624ddc
a3771	GERCEK	201	e361bd7642ac7544e7b4f51f15ffe3a48753f10383151781f9cb8c2ceb85172c
a1207	GERCEK	196	da9f4e0d1fb3a14385245c6147ff9d0c8d28e5714bc3cecc049352ef0873889f
s0355	SATIRIK	193	b030586ea8e936facdcfcb9aeacb6d0e31c2a663e493ff4d07571c27163b4e2e
a1814	GERCEK	195	886eeade2f9863b3f36d03e7a4aa308495d08f511d1e2092d34b17163145e088
a2069	GERCEK	200	cbc6855b49720793039a4bcf3ad1772d864ef194a67bf67ee999ab57dbadb8ef
a3308	GERCEK	200	6654fec28a6de8be604480c8c9bc4d31b693bb19e6915f31f61fe5006356bf20
s0947	SATIRIK	194	a5e7d0a4ef5ee317545006cba2f274fb051634894c7c37a422af5c4285e04aae
a2546	GERCEK	200	231c07cb2ef4e9451451a35d4b43018760219eb9db0bc47fcd882bf74aa14330
s1928	SATIRIK	201	af40090c59c9e76bcaefd95319000b4c5b9492336f6a611a7c81052e8af346d7
s0232	SATIRIK	197	d68c27cdf7fb454ca804e4a821e8e9b24e3ec54a9a1da30e9cf661a791c9425d
s0248	SATIRIK	199	8f9eb033adce708704d6f5995f61c31ade8807df96a44ff48e924202a121e23c
a1663	GERCEK	198	2db0b280a65cb1d012a23ae81b854be990bbb227b2b68ad95a6a93b86eaed714
s0534	SATIRIK	195	55e04a2e4dd1cf5508c58996cbee5a7a9265e49e0460e2644c791c3c8e23fa95
a4821	GERCEK	198	302ec611d72d5bd09649af65a6ad8c0573004c30b5c0aee8a3304eca1d1d0a83
a0017	GERCEK	199	6169fb51a9c197f7c39e7e96393d3d6da7f1749c9b7de9e4a9b1fb29197712f6
a1298	GERCEK	198	5bfb7a7ed15cd45b486238d5aec3cbb6649ceff37486fe4069193c7d2b5676b0
s1478	SATIRIK	185	ddc464270c33cf91f99472a6ada5a5812b9bc866533a5cedc6b431bbe998d7e0
a3070	GERCEK	198	e32580a03c969ea76a4af707684701d88fbea24359682ef10bbff5a9ecc14541
a3843	GERCEK	197	f33ea631c8d2d5e0a5082b3a1369e39b5dfcdc9850b12a688acc7c94f0a2f1c8
a1964	GERCEK	191	9e352a3f7e3179edcdd010e6d525dd5120e150e3d1d7eb6ee512e5c000f6cb31
a2187	GERCEK	195	e7e5b8b2099e58313a7a487508e9de3505e05f6b2ad120314e0dae6321c205a4
a1990	GERCEK	186	8c4ca883e2207f523d11640b4a62e75ae6859c1e1c53ae8602764d38af40edf7
a2562	GERCEK	198	c0c53c6d6178c2556850a85a00f7d5b0d3c7a648182f6c9b5598ef6f9e4f744b
a4643	GERCEK	196	3b4c68f7ea75cca250f15c453ebcb40f528b06ab1e88713567add5c0abee1eb8
a3169	GERCEK	198	2c845b78c1e0621774b8ca3f90780b8a7601241e251f570c878398b46ca49c14
a0312	GERCEK	198	ff87144c15291586c4aa9001a3567df4294a11973cd7142e923977a2b737d33d
a0747	GERCEK	189	55bb1672d02303cd6a0d47b3d4572c85a4be9e18b6f72dac939a7b7092c2bafb
s1372	SATIRIK	196	cc8eaffa0cf848736c4a05dc782c8ab054a28e8c69e4d0ec79adc9279f0a776c
s1086	SATIRIK	193	bc0ab0acadee0763fd87b8e4d12a4cdad1ac23c6d85833b46cf1a6b97a7997c2
a3667	GERCEK	200	841f6e6bddbe89cc0c264131bd023209a0601bfebe3015b96093cd06f98eea48
s1750	SATIRIK	199	fc4dfc5cd75d3ee2b5dfae81e8792c3abcf8ce9d5773e113660b22774f820a49
a3356	GERCEK	198	2f90177f9e75ae567fc734a8cef02914e50d560e331e13b028ebdf25028bb746
a1308	GERCEK	200	8dca90444bd15f9101513babbe53bf8d7c9e6c305d33689bb2c80f645793173b
a4348	GERCEK	197	ee0e6557b05333b97369b6dfaf4cf6ee5b0b78e0b2bb04f93c3338f17f941b7c
s1649	SATIRIK	195	dfb701a1c5a0edfd752a820914f707dad40dd2e72a4a729ea2707068d62f3f3b
a2525	GERCEK	196	b1cccfb1ba9f0a51995d3ea00156723af824b1a21b7a9dd3ce84f136d566ed61
a2239	GERCEK	199	e3591e47b12f0effcd05678fe686e4161936279df7a4cf780aca5f02386588e9
s1239	SATIRIK	194	584999b4c53c2ee5184d00656fd2a0965c877f568de061793605d6c75b6e666b
s0095	SATIRIK	198	d0a55f8964d85000d747486e5540e636c02070f353e1e5726fe05211327ff18f
s1667	SATIRIK	197	9e00939a05cc8e85d849c662e769fe589c34a33c48c27a702cfb705013e8ff4a
s0428	SATIRIK	198	1236f8650193b90c8f36fca3b784f48b32abd52aed81b440ce77e4fc12113f89
a0438	GERCEK	190	1ed8e0e9d9772fa53a9ff7b65c2eb014a70d4cfcddfe209a6e2a58200d608e20
a2048	GERCEK	193	7064ec9b16fd6cab8f940b19b6d05888be187d4cf078f57c117031f67999d2a0
s1976	SATIRIK	197	6c577550673a599fc8d6aecc154ba3c21cdde1e59f3f8a4f5eb2c7ca1899340b
s0318	SATIRIK	196	3ada11b39c7d36a2b362b95d8ced5808387f0eff0588482c148fb6bf762ebb03
a3964	GERCEK	198	6125a922c5df803e2746d8177a38a3c2d6e8c0c3e0ccea2261c1fc8fcc391e54
s1926	SATIRIK	194	d9cbc28175071a66519390c64aec965116670682fa977d66911f859250f44770
a3089	GERCEK	194	f314c3de75c533e0ab536bea739d763f51136d811dd51deab343a7a6412b59f4
s1007	SATIRIK	198	e34093bf5637879c8ad32ef9433e8a727aa890f5ced798cd5fc7480fb3f8b57d
a4598	GERCEK	198	bc27c80dd75df7445142d37be1d8c15007b49fbebe7932e02ec4b04dfcc905bd
s1042	SATIRIK	196	e294dc1b0129857dd7ec8e161d3227c77b419341476d486024c4862386f8bfcf
s0434	SATIRIK	199	0bf713cb512886d093a63d6df62ea2af492a54298d212865e535972fbe5d5558
s0525	SATIRIK	197	273941a562cad302706ac0f7d3f699871ccb2f602ebb2d322d5edfa869dd209f
a2322	GERCEK	199	945e5df00abf4814319fe16bc94fe014e7a1e5ca5a7b05cb14b26ace936bbf41
s1857	SATIRIK	193	442ea5d24ba1abfd5d4a123c3c935a7d5d6fcb47797bacec624a1c3197551ebc
a2680	GERCEK	196	a2c735ff5d44795426288a0aed6e8f6fdc835effb116afedb2fb72c0ce24ab5e
s0373	SATIRIK	201	8ce2c65c5a4f618f093bd78030613b3d1cbf59631078ca8870f92ce16f88f599
s1210	SATIRIK	195	c989ec1331daed0a573c5d85277fa41b3fd2667099675543681cd58bd0d79ef9
s1786	SATIRIK	201	30c8f71ea60828603e3d883199c58d706390ed18cfdb86357dd31cf713cce42e
s2009	SATIRIK	200	cc78ec92f21f61a6c0bd0f83e1cc2ecd353e5fc6607ab0ab2ad0edde3cffdbc2
a0840	GERCEK	201	3424fe11910b38f7a5023b91cb492c70d0c793834a1a2966e6d6f7cc02b8aac3
s1631	SATIRIK	196	c556f453699f1d3db77afea2c4013c196f35baebaa6b21a3d6332a5a99d99fdc
a4644	GERCEK	196	75611779b3e5dfbb45544ecfd06b41d3877da8120ea25db29960d5bcc0a8ed94
a3122	GERCEK	200	f71d6f6bdf21bbaab5a4e917c465cd2b90a6728ca0f96da6d967381f4941301e
a4093	GERCEK	197	b0ce5622ca9b584c94bacc55c7d65c65a94997597ece517524e4c395b0ad0ed9
s0202	SATIRIK	199	99c0d0bf2ada7d8b294e0943d5df8e820624f0807b2f4e0d96982441f1a130cb
s1902	SATIRIK	199	a5726a4220ebd516cf8ed9aec9fbdf63b789b910fa52bef8ef893ff544189c24
a2885	GERCEK	198	d619311130c0607c08e94bed92c05068ddc5a2cb8d20650b9e546bc368659a8f
s0620	SATIRIK	200	0a0c80e5a00daf2a50d2ed0215f73ebd95327e685f40ba9ff4e8c5d906461054
s1931	SATIRIK	198	905e8aa9082bbbf153a9d0cb5b3fb32816356230455bc91ae03482661ba065bc
a1564	GERCEK	195	9229c69abe1220d458273c59886ba34bd7d69657cced3f38b3b39b30c5df3a0b
s1368	SATIRIK	200	d9412a2b049bcc5c94c51e8b0089ee033d25cfb5a008e63b0de813c44dd86f94
a1650	GERCEK	201	616536198a8e0cefae9bdaad2fdf92118c103d73223160efb231c20b96549e9a
a0046	GERCEK	197	ce8f03b4c289e73c81ff6588858d76ddc312e85632755d071f3f77ed18cc0b0b
s0244	SATIRIK	199	7641c7335ac37f4a35c640a32d636256fee4448411833e6bc017690f123a8f2e
a3705	GERCEK	199	4539ce9198e880a8ee19b9393989147d57f5ae1249734302603a7a3a3d200879
a0395	GERCEK	199	bdfd86c3cedb9944b93a7ccbfcc5ae9f4f464aa71e6079ff608c0dee6c2eab57
s0565	SATIRIK	201	b57fc8672c8d3c26de5d7df0b18455fab81837aed5bac660302ee79ac3e25343
s0076	SATIRIK	196	521fcd97827c42bf6242eafa9055b8f53c6c1d656807ba88d45008f8ecd5d4d0
s2052	SATIRIK	195	0256e3912db3ae6ca49c33c8d7aa4c93c8de1b7febd335a6b13a30fc48ad9874
a4688	GERCEK	200	7800aabdfb6042501e91af31c90f868340316025bd95b90c75d1eab14d07e35f
a2262	GERCEK	190	7b41759e341827943c22db7261b355ae3e320dcfc7db741a5e1dd9fec894a81b
a3390	GERCEK	194	5a5926094bcee11ac3a35095c22b92e4818444e0b397c78ee586f10b4557ad05
s1357	SATIRIK	195	c38a4f5e5371f9179201280cf08fe583f10a2250cfb9a0935dc130da73040a21
s0809	SATIRIK	200	ff4a0507ae727165d343092ddd986e50e50c9ffc2a86e99ed422e26c3bc6ef57
s0436	SATIRIK	199	40977cadfae5f4b7f23e69610d49b126d7a5bf7f68f942aaf238a30178f494bf
s1765	SATIRIK	200	167ddc47d4ef456df3f16e3c594ce82619312a41bee50cdec696612f960f9598
s0493	SATIRIK	201	d75428c07def3c84568509ec553f3e6c0422651cfe72c114215d64edf1639cc3
s0411	SATIRIK	197	384ae14393066bf27c422b2bbddd7735f4957afde3349c2faaea773c95fea7f7
s0349	SATIRIK	197	3449cf1098ad2e252cdb3ac5aae4520703d28f4424f91478233573d7b247deda
a3062	GERCEK	195	60c5b3d7b7873eaf83bd569b7fc5a37e6ee5a5068ca4f7032d57d5db956be50b
s0161	SATIRIK	198	19bafbb5e62ea22aff2b183e9583563f6c7102d6755cc155e8f58cef4d213998
a0248	GERCEK	200	aa70169598cb23c13648c39edf3114491974560c4585c1ed603bb2aa20744075
a1229	GERCEK	198	db437bb6f3270ee4bee2cf223ec8be5b8be6e0c4bd1afa0d06163dc0a49aac22
a1113	GERCEK	199	d73b7f61cbefaf1a3f018bdcad051eb8b2415775c5879e7b8bf4a131cb354432
s1736	SATIRIK	197	a8c960cbe67d27400d5d655a25a53e2c245a122b469ff14a8fe98d5078aa2b57
a1157	GERCEK	194	187706630f0a3fe762eff43288befa90000ecb4e4f4951f0cfbc0f3487a265b3
a0655	GERCEK	197	5dc25a1ce74233337e3f64ca17bd76da858dabc23472ffc777b60af36954ca5b
a3234	GERCEK	197	014b7d43ca113c809479f436fd0c94412586e1671852ce35818973c21736a37a
s1780	SATIRIK	196	662f78898bc582e06ea6003d28125f0569fec99a18a1af1d67827ad22852aa79
a1646	GERCEK	201	581904e40d8b71ddf72790617210546b10750ea18ad92e1c9e83cd5bb6fd5710
s1000	SATIRIK	198	4173f7e3f34bbfe8998b855107bb0c58a64ce89be354f7a052bf058d72d1d12c
s1426	SATIRIK	192	fab4693b6b0933410237913244a58556a07ccf534c427225915c458178cf206b
s1203	SATIRIK	194	7a728985e49123b9c412332d1d81c1303c3198f85496dd726a56ab5a19aceedd
a3531	GERCEK	193	1f97c4c3e7286e3be62eae380570851d227ddba52b7e186604bf4156ff67fd44
a3862	GERCEK	200	f9ca871a444811441b30efff75e921bac40324265d1ce5a8b2decdc1c713ebb9
a1056	GERCEK	201	6153ab61d122d5582d830cbae085ce042937822c285f1751571312a12e38ce74
a4453	GERCEK	198	661b04bca3d3001f5be7271e6ddcdad34f68deb38f9a96e7848908863077510c
a4159	GERCEK	195	c60661da2e49648e540b0682738d7fbf0bfd8564406bf7c62c4d61153acaa24e
s0606	SATIRIK	195	1a8385c4aec81c809c941654457082faf2c96e845a2660d1b6a9d89b1b8b3cea
s1659	SATIRIK	201	7a449514b223ce75f5e90a96b4dc5ba91a3a3813398a823f3bbeae0ec2ed283e
s1354	SATIRIK	200	ee15826d624db8d40aebac7cea9d26b0a19c036c470fb1b9071518be9bc4919c
s1307	SATIRIK	194	7f9155b57eb66dac75eb06bd9d71602a28dafabbfb25d1f3b31c627c6544afe3
a0984	GERCEK	195	7492e2d6e426df90781a5994d643de6ce0aa8de764162cc9395e4e9ee10dbd79
s1919	SATIRIK	198	b7775edb60758cf31ab5c95db75897e79b8d71b4fd32e30db083e8aa75336939
s1023	SATIRIK	198	8a4683998f9019932e0fa73e80451df015f69e90d9cf5ae371a5d19e9178621e
a2202	GERCEK	201	7d35a683ad3d5e08b4ec3bdcafa9e8fb17ac98013f886d823da6a12fa05a8fc0
a4074	GERCEK	195	85c61bb9fdcb7009cd10070257c5053483bf27a74fe7680de47c16544810c2a0
a4225	GERCEK	199	92f9d97810553858b8ad2a6cd1efbadc6394187b5c62fd0bcba85783645e2fc4
a1772	GERCEK	198	cbbe66857b817676c95110cf2b629f45f961b09d82cf4195e39c44cb85796732
a4327	GERCEK	201	2cb3df75ce69ea5d6b3c78c4d8af3c9bbea832f3c84897bfa4afa0e850c73cd5
s0736	SATIRIK	194	eca4a28bf73afea8aeab880f98c17c8556e45b3cd9bdea008a04aab815f6fa22
s1826	SATIRIK	200	2b4f6bced4f0143b7bbf65aaef8a4c9855888917be16dc924d19751e4bba6206
s0956	SATIRIK	201	6d5480d5526a83fa819518facf59b25491a61e6c1ee7278b0b838a5922e24995
a2390	GERCEK	196	a3f40b794f7fcad9f1be16889b914b5291eeca711f31e24fdf6d2d0815a99a6c
s0473	SATIRIK	200	a644d09fd3978d50d34cc88cc670f5de43fec3465f0d10494f2d7a2e1e0f8136
s2151	SATIRIK	199	291bb593ef6d55e54912523644b5337252188bc04cbace0c4821719ce508bc89
s2152	SATIRIK	197	ee04308a156de016051a75b3c61752c9961ff210122f72bb2178c8f111857882
s0144	SATIRIK	200	0b0712a3fd48eca663c9f23eb9c00f507cc645a2a3f3113708cca66d46814975
a1894	GERCEK	191	ec0224761bb734646f95f877d403af36233ed05b2067f362d804c361b229a14f
a1857	GERCEK	197	6278ea18df60581629e762bd9fa211c28c7b95cded0ac8381d3298afe611173c
a2828	GERCEK	199	3ea518f6f67edf17ac579bc979e3d49b93940963d35f1acc5ec265065bec6649
a3526	GERCEK	201	8f568a0b1d7ec756a7f0339e76a2bfafd68d73d487265f7388871a651fda5e8f
s0316	SATIRIK	201	a66ba4e6e8ad997bfb206b621d201176b231d1471612ac19157e9c5cfcc018eb
a1810	GERCEK	193	d350e5115e94b031791b9b445d688f2e19a70602a059cda88be71bd86d18f1f1
s1867	SATIRIK	194	e421332b4ee4740c8e96a6a43d5c7706cf32ace3f5abf1afe10af17a07379bcd
a1237	GERCEK	195	6fe9da6cfb181ed0e482c6b0b51b3c824c07b1c60852e5786d96b4e8f8777530
s0168	SATIRIK	196	f52f3b3844c84b588fae91cd9eaf03f2110387c8d24cc4ac6b5dd03ef9312413
s1259	SATIRIK	193	74c3d6af7394d0b2f78bffab843a780eea5ad8b3f56bd7a2e7f2bb8da77a3273
a2764	GERCEK	198	7e2be198d224c7e004109167fc00164ad2e96ad07cc085732d3be809880eef33
a3539	GERCEK	199	2656fa6bc9d5b831b444458df9389bf3abdccfb91aa3af5d1aa53791dd574c10
a4548	GERCEK	195	474333ba68d5741956c550b94ecf98330aa373f5c03c68afafba5adb814b9f9f
a1577	GERCEK	200	6a66e19b06fa8701c12ede733ba300c2cb6b1eb3af032f948d4549d59a76adbb
s0419	SATIRIK	200	5347e65c7491ad4d673362b57d4a955602df9c595128112227dfd326400b02a0
s0065	SATIRIK	201	ba7e813754ff9bb5aa2eca3cfb35e27cfda3893e38954f5d05011e128dc1a04e
a1062	GERCEK	200	ae7427bfbe19f8627f3ae31b0ae7d8d0142643b4bf6fea457260bd949a1ad7a5
s1429	SATIRIK	198	ee7739dcb103a0561c31049cc6b109ded8ed6f978abcab488b1eb7bedae86988
a3194	GERCEK	196	452ba8094bba86b9747f706d709c67b140f196267d0010f25ec5a5ce34ab2924
s1554	SATIRIK	191	c9817f5d11cb3c30d17f13e19e8265d9daee4a32d5f09aaeff140d8d9ce02384
s0830	SATIRIK	197	273aba75dbd0e2a80f40de04d5d3763b5c97ec003f94a3794b045ff21451d6fe
a3615	GERCEK	195	0a907285469bb8577f1bce2e039d817f7762843f77ea43015a5ad48ebcee88cf
s1972	SATIRIK	197	c5470011372ad309a99577df18f4a78f938d1d7ca47c5f7ffaf2d4287101b4ee
s0659	SATIRIK	193	37c15c73a7a11f13ff07f0591f318471b312ba50479386a827920e113dd329b3
a4183	GERCEK	192	9e9c76c7cd2f6f84169e382018112b98701b52608e010afd3d4973bacdda4a64
a3106	GERCEK	201	60a15e7eb84a4e5933f7991924c986aeb21ac833eec4ca92ac370e66945da1ef
s1605	SATIRIK	200	3e9bc1e9d116c674a8e869ddd46eca707d4e4c10056950370c6ecb24aed123a6
a2020	GERCEK	197	574d626e9d224348b79b42520b9029af58bc074257b6ae7c0518ed4c7046cc29
a3379	GERCEK	196	b66f061ebfa5dc6a36b6d6901e208e0cd8421d3c7cfad843d15ea70f775c3743
a2137	GERCEK	198	cee076f27be6f21e10f2289ec945d11a04d9a23dd5787c15e8f575ae0024b78d
a0705	GERCEK	193	f37bf490af4d30f40f8488817e005e780fbf95743050891cb9f135de53f69893
s1945	SATIRIK	194	0aa28fe74319b43bcf24c6e76c5c2b7f87da40ad116bd3f50e5cc65723bb9141
s0896	SATIRIK	201	23acd01a5737a8c57871166301eec9f7f75fc021707f10fc207032349357d30f
s0520	SATIRIK	198	c8afa3705c42f09222b9b9ffbf3caa75af5b673e37d6a52a073337c623161e8b
s0901	SATIRIK	197	242a61fe187c9fb4973adbe2f2c81d08c0f6ba5a83038d9694e7160ae9ddd351
a1489	GERCEK	198	2834ab71914b668a165a0ca383c041908a5f762309a6953bbfc063e87288d4a6
a1381	GERCEK	200	87f3be6a80daebadc44141988ed7fe2052c07ef4d86d7bc9200ac588305a0fb0
a4820	GERCEK	199	f4b72f0def904b0e4f1b6fba2cdb17bc885950cacc45764bca979e1fb527ae80
a1952	GERCEK	200	f63659722b23c3b3364d350637356388277bc4808c4281470883048c9d5497fa
s1602	SATIRIK	194	0b16ed00d059e84567c50051d2f65501f66cc062a739571740afdde516b46a57
s0401	SATIRIK	199	7385ae2109ba295823087428b5b1b630cc97024a36ba2add92aaa6d37877c2bf
s0753	SATIRIK	200	48ff506d322dc184e7361f18646376ecb73a46e05df6d8ed7fe9679d68a66ee5
s0634	SATIRIK	199	e76465c0a2ec52a411c7ac4ec9838807aaba10cf4a9d11dc590f7bf4c4a16de1
s0881	SATIRIK	198	7d0656663572cc339439af48b74f78be440c037c63fa5cb40315792bad277e85
a4309	GERCEK	197	f476d549d06b7d76353cd9987e0ae0b77e82da1b0e7e06c0735ae6e48553e2b9
s0496	SATIRIK	200	75684155dd40a1c7f6e0e4ead1ee28946e104b735cfa01c049069679f3f13adf
a2091	GERCEK	200	ab5e1e09e416e655e82e11b98595e6bd8420a30b8cc00e91d8142a34626bedaf
a4837	GERCEK	197	4719348b1c37ccbdd8925e1ba4fcef08c6346d71d47a824c08578171e6881b20
s1147	SATIRIK	201	800e1cf36882b58f9208d48ed260dbeca30fdfa4ff6ad037e404daf1bef7e184
a2034	GERCEK	195	9095cef39cd2e2d71940b4b3c456503cf46ab504c6b21f2d1596d5463ed10cef
a4808	GERCEK	200	6c22cf21c1c76aa5b4244b0a4ea546151d5e5fb280438393882faaa811c57e8e
s0514	SATIRIK	191	e9cfcfea3b0d06ae050410a485bb7442e377ab4a3138c85695d0f25e5088bf8b
a1098	GERCEK	196	9f493afff46ad4e71a54a93abd27bf403cab60a30962dd8d984f99e90c86be26
a3209	GERCEK	201	6d2289dec835d149aefd14ea1a01dc08836a3027cf802bc532886702c1c2f36f
s2192	SATIRIK	199	add3812c6d162d4878b43022d251508b849f663a855038a294507e29c9768526
s0063	SATIRIK	198	93d7182a869669e49eee6129cf5371d048d9e711078001a18dffecfa10c7e6fc
s1913	SATIRIK	195	548bcb2748c87f10fb6f185f7f442bbc9d900ff8e4eaed968bdd0dd83eeca762
s0455	SATIRIK	199	60fd386ad0e612fce34bfda3aa27157c3a1dfcb65d6f07ded7463307b5af788f
a4057	GERCEK	200	9d9cc6693f41d328112c96f3d6210c1a3b3a3e89dc879c227decde6b1cc2ab9c
s0934	SATIRIK	198	0b89f2afdac66336b23cdbb9db467916e7a6cab3a6a845cfd835278ca55a1dc2
a1540	GERCEK	195	61b83a596c84c344df1ac687d304f928c727764201532adc82bcf4e60905653d
a4138	GERCEK	201	aab44ed36125abefa4a22999f9591f6511d63b8f17d02ef2bdf43bef2174b981
a4072	GERCEK	199	73f2b368b3158b66b8676e331a085c6642127b44ed71f4c4ac576d449a253d7c
s0499	SATIRIK	198	1ac6bd8b9069a072e6e43b8690d9df905c3432ca52e1fe727d15781166674f69
s2163	SATIRIK	198	cadae764cfb4434a7df5c8ca81c5e4bb5f263eab4bcc972be5594fc24dff11eb
a2551	GERCEK	201	a8bcdb47af28bfdabcdcbcbc18ce5ac4a97ec59078cf50829f71b4f5894e5e47
s0191	SATIRIK	196	b26548b3e1fa9c21d4feb2bfd6500114cbd3825f6e18ffc7595551fba5c32df2
s1066	SATIRIK	198	2923dd11d37c9559bd32450fc781a74457fd853efa88b7a82eb80d50e8183c41
s1258	SATIRIK	200	2bd10301c595206c6aa567920243815e03aca6fe938b019547707eaff590bbd7
a4754	GERCEK	199	9980c05416426c007476407a9964ab9adbf9f82aea987bfee9575b6667b26a06
s0630	SATIRIK	196	34fcdd8c44f55f89e2d599e0b9b282ea659afe0fa1e00f86c73b3b9226480f1e
a3715	GERCEK	199	1e6836a999b7ee2253806028dd3f78bf06f482ba9b9ed7631f956642ff6a4a9b
s0721	SATIRIK	198	819ddb88aa7add20d68b7eea65d71932872f318e6f3b41b3fa95bfcb011de82d
s1531	SATIRIK	198	89909eab602b4560fd075f572eb75bd9d3abb5caa88fabd1c0683a55f7e6f35f
a3295	GERCEK	190	251920498703a6ab3466ffc11fa2c1690031b0100b0cc6d0c130577ff55185f4
s1751	SATIRIK	199	575349f217b925db96598644b06e560080a0cee98e47e0cf9757656564781319
a4274	GERCEK	198	360b495c5c706e7ed263f33850dc7b117ca37ca4d54ea8403a8a28fd328c09cc
s1306	SATIRIK	190	e79db5cf4e00a9e9d1656e8cbc793274aab07376e818890df91c6d25d18cfd8f
a2518	GERCEK	198	92eb5a816df4f01efa03bd5bf5e9eb7aa4d2a092be9d9cbd4e74bbc91670a11d
s0282	SATIRIK	199	c554ac25c214460958eb9e10019e22bd33563739842f58d9343f17072c563bf4
s0151	SATIRIK	194	ab7021b0d64040daefe518044b1ba50dfb6e862a984c5b356bc1d15fb942180d
s0836	SATIRIK	200	d26330a6e8055aca133062083d0ba24087bccb35f5f134c2979bd0fa4ab14c5d
a3877	GERCEK	201	58aeaef2fc49bcd35ae7717778600ae073dd7664285812a46bc75ee034015c79
a2722	GERCEK	197	03ff3f80a4048117bbe91b699a057885a537cd76a56a4d432f072e007a8bd933
s2185	SATIRIK	198	c07f92a6f6d801a53b19ae711583529eacf1e162ee56933444474232905f226d
a4374	GERCEK	185	36575212242c59e9a828d6d839b6edd785ca1dedce4785ed7acaf2d4f17798de
s1260	SATIRIK	200	43d89a98b32143eaddb4a26993ad4eeeaed1be2b44291906d9551c3524a33925
a3970	GERCEK	201	832d4819f5c441679cb21038c43a3a53b066a1426f1537ad1cc22ca9a4218291
a3842	GERCEK	193	1994f408ae387d3308a2563292b83bbbe3419a439e982004e29b689b1492e72b
a0696	GERCEK	200	debf1a1e2eee9155ae4d2f89ce8d607ddd00e07084b382a7dbb5c853f8f69520
a4188	GERCEK	196	a349974e358d2e4c43717db50d5f1898205407da27708e18fbd1ec4f6993b4c4
a4753	GERCEK	196	e155bdda0da90c0434e65d151abbd34b5828f3f1772dc88dab5d35c5f63bacbf
a0604	GERCEK	197	3e10a7c7bc84e77b76398bc48bd0f41650983edae4003c7e29b862114ae9f6af
s2126	SATIRIK	198	970f85652bb0c70be2d4492cdc161655b255123b86700d6098e3dba049057034
a0982	GERCEK	190	1a8af66ae82854006e03faa429b5688fdd1e1b026b34de46f39825a194bb658e
s0627	SATIRIK	198	d8351b71fa33662baa7ff1da9e7e73a9bbb364bd8c8732c023ff67bfa2933647
a4170	GERCEK	197	867710c5e5233abee84f7e8aaa02d30f8282594c3cc0cec6e87ff38b81481d3e
a0449	GERCEK	196	8cefa85f7f28b13cebdc0478a8153259255dc46c92b16eb442baaa7613197809
a1716	GERCEK	196	8705f41a716dddf4dd8d334a7809318be82327716b1f9183002fac46eba6e6e7
s0288	SATIRIK	199	a75786401404802ed9fba157069c98f24b899e59a110cc729cace564a94b064f
s1282	SATIRIK	201	37a92559c33bf99a982c87bb71c812d996150ebe60031df8ce5c91b3753a17ab
a0299	GERCEK	197	8c0a20135ea0de4ece36d0b008f09bf4b87cc93f731603f3b6e59c79a3a22848
a0418	GERCEK	200	666908cbffde029d7042fd79fc6d35e00a96df7d9b6a563b819b6178f46dd854
a3681	GERCEK	199	5e81d4d4eaa813ab9b707d68c3556a3d0a8588b99fc67b551a2ae6e2bbb8a6e5
a2630	GERCEK	197	9a0f74092922124197aa9e50ad991257ed598639e23074abb2e8a4350fc8a9c5
a4553	GERCEK	193	4f744ab3259951ed94be428871df9e3678cb79eaf8f21b0f96bedfff3b022e87
a0899	GERCEK	192	c84376a17474a73cc01f570f208df936b309273426a589f24ffa5d8a4d03f387
s2016	SATIRIK	195	24d75a04a4f532e935a2a1f68ebcbc8294b8030af43202a5cbe705bbbfb69b42
s1114	SATIRIK	197	6c24214de02902b292a2a55692fca66623f1445f250981653dfa64da640e25ca
a4344	GERCEK	200	63f90b45380d391e0f7ed3a26ae1894f12a8117c2524d62a216d077f80f7d6d5
a0369	GERCEK	200	8448058513d10e1f38b74218302dfba934e054b633d14564fa2155a538fd847a
a0274	GERCEK	198	4505944c5e2b37400b31d9501bb2789eb86d7eabd5d1c4f4adf4fc0f54c97b8c
a1434	GERCEK	200	edca84fe25a6647780d70df1cff70b2b6f5b7ce5d7c6f942a6e09caf40696958
a2511	GERCEK	187	61d17ee6f67e25c0e8f00bc79094fc360d7df685954352ede6904bbf8b00c3b8
a4334	GERCEK	196	d13873d3dd4dcc2f02e0c2dcfac1e48c54ddfc036be2befc533ddc09cd8e8ac3
s1596	SATIRIK	199	0fe02893e48cd23b56f32f036be48f7c712c824393cd2b4867f10d21920c8549
s0102	SATIRIK	197	fd1504d04c1002a931651c5c2217878ea64416833d098685e08d25db1ab0cb58
s1096	SATIRIK	189	597658957da1cc7b03cc2757cd56252398dd5c097c3f2e1d998a1d6c6e029e83
a1604	GERCEK	201	51119f58436089f4fcc3c9e8c40252812fb53fd19ea7fd38d88e8f95d3a304f5
s1428	SATIRIK	194	288b0db57fe62de84e241bdec88b8a6cf329800906e4173b9fb5456681d93d26
a4655	GERCEK	194	47cb9eca8984f7816dba8b67f79d66e289a7fa4674fd49610365d1ddf3652275
a3910	GERCEK	193	22ef2d2e54d760809d10604b2a92e35b80e6cdef16a1526e44e74fddaae08819
a3809	GERCEK	190	3ccb9c3e91e2c7530d1feede2e67c51ab92495d2d9d6f2d04e17403e8cef4e3d
a0820	GERCEK	201	f756515edceb610738f83a42ae60cad512277b313f48d0ab9cee74cd10b2f903
s0770	SATIRIK	199	b9004e004ea293697824f00de0c4ab6acbc451a0f17caa953d83a9dbf0982738
a2822	GERCEK	192	088f0193bbb9f6f2a23720e3f655bbaf2d00112d7744c160dd75aacd657094ec
a2127	GERCEK	201	6e1f42a402ae4d7f240a20283ae2254245804f0dd9f1d04473491760e893de8a
s0580	SATIRIK	193	e3df51f6de1914a1559322b9371536007d1c5744819196621c51d3c3edb1bbe5
s1473	SATIRIK	201	885b0becab89cdc190bb76396f5dfab7812089e2018f5e8fd2a02337e8f66624
a4142	GERCEK	200	457b81fa9f37931d897004c1c5c6b229d4253580162da6f26fb61ea9dad28105
a4176	GERCEK	194	bd37f176234b357ec81e2fc1579ee2fa354fad3e54a103e2122aa2aa70e330d8
s0295	SATIRIK	196	1fa6392c625a4c3cf6f09c69ba852e57601eb69a0233a3086f5ab849f4a712de
a2531	GERCEK	196	12071522c67e6e45f109cf1eb2f00341fad127dad8a44bfa70443c7daa35de59
s0964	SATIRIK	194	f9d64bbbff8c497a5a1a27d2a47e55f2cb3bd78e94a7cbb91678882cf08ae9e6
a2985	GERCEK	199	d1e498114d516816f569b61d77416bd6878d5cf4482f0e3705ccbe026a3bcbd8
s0446	SATIRIK	198	496571ff11b03927d8c4c3c24e59b5d62cae944802067b81b45bf8ce72ee437f
s0003	SATIRIK	193	2d477a00d3b6cedf5046a7d301cbf5e82762628d0323ba00b6e1981f7cc8937e
a2553	GERCEK	192	febf8a4423d259bcd3fe8381e8e6eb9cca4c371c0699a529a9c308bc438009c9
a0292	GERCEK	193	6855561792fd4057738e18f995ffef83758a9685a30c13511d7bc92a6ffdf3e1
s0124	SATIRIK	199	5895da5f32893ec9304a53e11c4903d4f8546d931f946104a2407e49e281b381
s1175	SATIRIK	196	a7b472810c88d96d404462cf4eeb6d360b2585595d73c07e30cd0efa8c539782
s0497	SATIRIK	196	6c23232bfaa3bfec08d4896311291f55000cc38463969f2a83ff554ae5c7456f
s1162	SATIRIK	193	6866c41133759becf0d163429ad53fe03396345af45749fcf93aee8f176f5ba5
a4430	GERCEK	201	2a2d926d88c4043db358c7b36dba02b6a48788a238f1b3c40564b0303207fdf7
a2261	GERCEK	197	2d444f94d5af016d05090ed48088fc2d5df184c386acc1893f772f43b4fec7eb
s0760	SATIRIK	200	402ff3b379ff5858d5cea972faf59eff96703723bd120a9563248684acff53ed
s2166	SATIRIK	201	19b921a78c8f94be28c71367913691d674f9b90ad8407858937c3227e6d5f046
s0926	SATIRIK	201	9bd2ccca06a0c65fcf97a1dc0c7ae68f8f8543c5fe1e4a555ee1b1366cc4abf0
a1202	GERCEK	192	12362f41b336c38a0a24b9a21635e66a6f05a9b32ff60d49b51de25ac760aaaa
a1985	GERCEK	199	3e563059f4f5d0b826c5f3d27130c1b7cc51fae1c8f1230a24f4a81a22acf9fa
s0170	SATIRIK	197	39be7d9fe0e30093562ba89f4e07c19c054b97968fe25f767ef4c845894ad99d
s0017	SATIRIK	198	a7a7a6fbcf6d7cbdcfb9a6b9ed70fe4f8445df177887c532729a41b75436df21
a4271	GERCEK	200	164933158a0ea5bd871dbf43270a5efdf4cf0c17e36351a58422e31aaf3e2107
s1730	SATIRIK	200	75989fad50085b5babc64a8bf9842219a543255ad5ae469dfe429a377d00355d
a0685	GERCEK	196	c964ab380d16edaf4e9843424382152b6335d74592e3f6c180a02b15348b41e7
a4507	GERCEK	196	e4ea94e44e666f314b59b61d307bd2446f3163aedf4e634f14d592bece03d47a
a1830	GERCEK	198	e6e99daf976866c0905883e77f64494ce6d6eabe5bd38d3db70845b5c296516a
s2057	SATIRIK	196	09b83752057c966c2148ba569cc0c85f3a83f9e3e1c40478521d2509a36b4053
a0359	GERCEK	198	49d38a83a592cdd57e9de30955092edce3438da3f2bdb8b96ba5156f90a0ee77
a3064	GERCEK	197	5105bac71cba1cd27e42cdc5be3651d0462fd97879fbf1637331ab98426292a0
s0682	SATIRIK	197	b22acad63b55436de06ea9d1505681aff3cb0bc3ba0a85c0c84b1fc262cb9d64
s1280	SATIRIK	199	c11ba7921811b35e1b5885d0d4f0cae93d36124dda9ac6923bb764232ea5f3db
s1645	SATIRIK	199	6494c1e50def46201d25a1626862c26d9e957286f1801c321a2aad9b3ab96aac
s0676	SATIRIK	200	fedfd85ed9540144a649caccf9dd61c3495fa2b1a9d4454bc56ba75c97c58047
s0838	SATIRIK	193	64235d7627f1afa5df8a8313950f392e3bb136d1db39976e2cade11b3619bd76
a3953	GERCEK	195	7033838f1e95679d874818ef90fc700c427f6ca25c47d2ab998adb2612f8061f
a2159	GERCEK	195	34aecacd8e8dbd28ef0adabc34831f1c1eb5497c5214c2770d2bf0ec265bca3d
a1285	GERCEK	196	9f7637352d77aff2d1ea500375a616c02e34e8f552d8c687e92639b74535e8ed
s2112	SATIRIK	195	a122ba82cad92b983c7a5582dae6c70f0a722c11f7bf57b9599cd50a1d409dbc
a2886	GERCEK	196	612e303c4043bc2c94a05d9f4f87583aaf2d522e7ac0a346e0393c78b417afc1
a3919	GERCEK	198	dfa2ed9503ca5ae9515de67cc5f3ff723933ac52e42e06d57c3ddf10f12badca
a1413	GERCEK	195	cf691754ff643c470bf344899e1bfc62e2d683e9a6445037424c78097c0927e5
a0118	GERCEK	197	9ca226afa9871c65551fd8ba53c4317d47a1090442ce1a7254e292c2a48a17d7
a2213	GERCEK	200	1f79c2e84941412192febdc34f3e1d49572719c201a36ae7be926e7599bbf23f
a1961	GERCEK	199	0221797449794e0dc45a52c53a3e5355b5febcc66e37fd887c0b78e4a47b8ac1
a3219	GERCEK	199	502795723764db2f19bef193f8248b02306a452254f6fb26d287cbbbec908120
a3856	GERCEK	194	fd20369341bfb900a40e76726cef5c450943e6fa3cf6b5b1da8516057a0a1a1e
s1550	SATIRIK	199	827467181ca0d761a64b7c200b4530a7ab2cbf05c1ab3ecce87646a85379e0f2
a4111	GERCEK	200	e4827d15cb38ff9bdea4e68ccc961caff464cb91bb3f6e4b7c3f62b5b33dd3f3
s0817	SATIRIK	196	7fcc257c063589867af4be0360a76ce2619ebfe4aee3542249a8b13641b73bc3
a3825	GERCEK	195	7a4e739435d47df0052f98a9871949f312f40166adae76de2d34416fa88f6557
s1585	SATIRIK	197	53a272d03e692866e872cb58408818399672ce538d5c2724da57e2eb6630b20d
s0297	SATIRIK	200	2665e28291d66d94192a793a0630bcfc39646209506fbeacbdad20a3dcb2fe64
a0938	GERCEK	198	5bfd7f31c3240d937a14629cae469485c796d3871ad01d354794d8eac7fb1c72
s0963	SATIRIK	201	c2e7b147f58f2a4b8307da5b54ae7aa5b12e7cdb58ad3d343de36450cdc073a2
a0366	GERCEK	200	3f72551747a4a44ec6816cee16081a30a1fc418d2ba7994c640101a72521047a
s0412	SATIRIK	201	0634102b47a54aafe9ae92ea36c301912e050ebdd95212a81a69df1803fa34e5
a3916	GERCEK	197	9212040e97fc96f2e3ee577d1736f734c29239f763046d53b305e68f4f27e248
s0868	SATIRIK	197	53aa655eaa7bbbbaf898cdd423809c947444ed928884999e00359014da3ae0bb
s0008	SATIRIK	196	2481cd730a1584cca4aed702c3aefe0045e0130478f8bc310427208359413a82
a1925	GERCEK	198	9f98571657cbd5c7dda5d77d087386baf28f792401852b2aae25ef5fb9bc4923
a2576	GERCEK	200	af3f175b76d9bb84e1c363a8164a1cbd1d6620fee383b653cb8f4ef59b0f10c1
s1755	SATIRIK	198	0c1458900fdaa73cf5538911e7d3e98b65920c900c4f00fbf7971061214b46c5
a0055	GERCEK	200	93d56f7423f4d82a8cd2719c0b7444dbf3aa526ede31b4c5f2c3a7dcab4b13dd
a4315	GERCEK	194	79c8a29de6d9a30dd2d3a1c8fb4d7e347f599523ed8968707c5a2adeecfa7ef3
a2337	GERCEK	196	eadf05b7c920004352bcab586d6d924b37e88b9a2d2a2949926d405fdf6d2c38
s0928	SATIRIK	194	0590317f6cea28790c20f1d5cf818df15e401bbe82ec37d5fcd86f3708cae0c5
a0903	GERCEK	197	9325a12f5db9afc588654fadf76aca5e64dcfb64ed055e38c6569ac0010b06db
s0572	SATIRIK	197	646eb995c8bb1ae669930d489e8c222b8e383825515e10a6efe6ef9d3d158b18
a2360	GERCEK	201	0a8e49a516be281509d9938a368130515125bf2e7b24d84c347dbb56199eb032
s1038	SATIRIK	200	d5e25e55c3e7c2b40e3fd734cff64d4121d7c3a6a899f4337bc431bcb64a253f
a4744	GERCEK	200	0308dd3c4c39d202e6a92ee82412459a26f21985b323a7de5445dbacab1015e3
s0852	SATIRIK	194	bdce2cc20caeb6d7b01c3e390f607c28674c721eee9d7968f584d15df9f1fa97
s1771	SATIRIK	201	dbdf8b644a16ea94078ea63de91c9865c0029e114c5e4b285024f5c04b5b5f3c
a0731	GERCEK	200	f1e0081043892beae47df167b2d382e8f36432518fbec622192d2b12802a1f0e
a3350	GERCEK	195	2ed0a3a310a2a9ec71f4a5384c59f57df758cf6cb091be90b834092807bd6837
a3176	GERCEK	197	898b655b12c45427e1f7b2267bb7f6cb1c5359e05d4c0b41ef75ad93dfb3c7c1
a2798	GERCEK	199	3659ed1bb148a6966bb3763453f9c34f5a7590f01713291e01dc8c65b6eea467
a0597	GERCEK	195	182514d85c34fdc6ab0aa745f9b8b84fc30aaeffa6b94dcba4882acdf4bef25e
a0198	GERCEK	189	c4616702bb8febda950d73dbe8e62493cc74488b47b152ac7832c0b0e673a1e4
a3501	GERCEK	197	ee3a75f90b71af661f02d2f7e0a7b8d437ae4658fd1e4956ecfc1c5a2b67a866
s0382	SATIRIK	190	3955079c535e1032389de24e7ca643524978c4013d81d6e36edcf57e81a3192d
a4409	GERCEK	195	f0d91bdc7621b2cda8005f968e6d13e8e0cc0f96636f7aaee9cb73593ce9109e
s1513	SATIRIK	201	fe3ac913fbc3e7cfc4726fa2e7ee7dac9ea67e793b98a0cb9556e70a2f1c13b4
a3739	GERCEK	199	6499c4828f6e047d4021943dd7c79d2fe9d352574d2ed5545161d2077d228945
a4024	GERCEK	196	ceaf399b2409463d58c7c555cbd0bfed89b51e3636a1dc72bbe24d48d41c8190
a3154	GERCEK	198	97f1f8ced16651cd92e87721348af6a4efa279f4487df7379534ca81c9be41ab
s1403	SATIRIK	200	6cad601e0caa35af674603cd20193be793dfe9f4473fc88a5bd4d8e5acee39ea
a4046	GERCEK	200	cf58535420b813cdf8417de5e8f711799a5371bf5ab62c52aacf7913a06530db
a0190	GERCEK	196	c3ee079ba72dc9e56e35bb0fee95ad2b4678e4bbd3cab2d30c4d08163b5de955
s0416	SATIRIK	190	a3e3003553de5edeadd1409411198ad2bb0ee58e0ce7bc5fccb3d1ae52aafea4
a0998	GERCEK	195	831476730c37cb08e3153594b60ed191a8cd98424d6c4269053a633f336f855c
s0464	SATIRIK	196	1e5e19a728a63372657cf7383db0c0000af94ed93c7791a53fb8e36fdde1df72
s1022	SATIRIK	195	b8c4382d1e878c5a01d928b38e6615f3555933f4d6134b47eb9f97bb4dc14a8c
a0688	GERCEK	200	52d2db96a8bf15eacd779bd6c192524447beec01aeaaa30672698b1edca78022
a0937	GERCEK	197	2553a8010d7fc48171fb26c0bc83744ab22301d9ecbc1c99f407a1abf45724e5
s1011	SATIRIK	196	1832dff26ee3e833cc475109914d887911d0646e5639b57d5b208cf6da4c1bb8
s2109	SATIRIK	185	d17ee5f7edf78e984dcd2ab677160143a4db874caae1628fb5d4f567b8a0709a
s1143	SATIRIK	200	831d3cea7952b5906b750c18064a27ec3a65a7814e6a9fc82dd95b466b023b2b
s1156	SATIRIK	196	e77b852f0829d97ed98bc28239cced2c0924a0160145e64b06cd5aaeb718b50b
a4487	GERCEK	197	1f77814445236cd043feee88a8c467209e1429650e36f13e0f676d7d80ad6904
a1525	GERCEK	192	3343b1f10dfe0d0cebfb15605260ce7f1bba2344cf47d6694765d18ff5f309d6
s1603	SATIRIK	193	e416dee91fa68dbb911d1608ae8c58dae09dbe7af3fb0f88fa40dc38b1c9f08f
s1998	SATIRIK	201	fcb45aefd15baff061fbfc30be62b53910fac0eb3c5ae5e40d2c0df10aa0fb46
s0299	SATIRIK	193	b7954af05749a8576518a70399dbb839696a52a2dded8b25cdbf3504e056a9fc
s1850	SATIRIK	199	7e25e15b5e1eda4908296b45cdfdce0bee4e54e4c6757f418388ee342d200318
a1316	GERCEK	198	db4c000d9d3e67330acfe0e786809f8aaac20a298219f6e4726d3599a074721f
a0482	GERCEK	194	06d85d7119f0864465a64a3a3105c9ac67b8472efc163e7f96624ae32b663270
s0533	SATIRIK	199	81bf8ecd5b18cefb6316e25f926cda996ea9bc5f9222ed86a4c8dcb22ef57988
a2088	GERCEK	193	b2bdd91e5c9f344004cb0bea1f4f5c970332556059408abc1174188e6d99cb52
a1406	GERCEK	200	0966497428c348425454bb1a37f923d50f7e0854660b3514292c02a121a75437
a0080	GERCEK	201	4acd57a0c896bfbc2aa79f332ed877798f8c3b60c0fc5d630e1fb8faeeced818
a4678	GERCEK	196	f6336ca292ddf704283dc265c472d88b739d675fc36b6030b91bc31bf943f139
s1888	SATIRIK	199	61ea48d34487dcde86b50d7ed521881c60e3ab5dd51cc2e7bc6e36843652da62
s1665	SATIRIK	197	dac260e475984fec02ea6da6a5378de7c7184db0ca9e0f8b2fa68135bb943839
a1957	GERCEK	195	24e8f46ae5e0db7b139b36a10be7f47ec9201733e1ff0b90f2dd1e84f0579853
a2873	GERCEK	201	ba40d6e6c0f0a85712c475e2459fb5604ca291372a2d116f22ca8509e4805efe
s0135	SATIRIK	198	72dd24283b237cbae1456cfebae1a928a8df04a59b3f02525ecd763313b67044
s0447	SATIRIK	200	aaea075703fa33bd8de998eb27e6d6255627972f7e78650b32070d698e68d369
s1953	SATIRIK	195	c707203f11b0100c60fae606f42f7e52bfc0027131f3f2b315e3357dfdf5c65e
a0583	GERCEK	200	d4428ad7e48082a443d693f2d31b74ce8f9b29ec4e9970c398ea84d5b10ccbca
s0287	SATIRIK	199	7bfc28686b004aac6fae7e14040e0516bf217ab13881cd95dda7b433917a4845
s2133	SATIRIK	200	e5c7d7bf5aaa549125914a8e623104179d99d4367f739c457ce3bc989888e2a4
a0561	GERCEK	200	1b3cb34874b6ad42e87783d5153e4d40f2e11ca65703c3e5b28bd84315d7280f
a0273	GERCEK	196	ef14ffffcf406c5de8543acb2d323d66c52714aa23d27359080c360df0643dc5
s0931	SATIRIK	197	57d506b8d898b135b34e29e6da6290ed7fa72d1b0e9843e19d2ea4ba75b09e59
s1060	SATIRIK	193	91fecc5500aa738b9c3c58e0a192cdb9c2cc8ff70e06b8c598741a5847b86b6c
s1566	SATIRIK	200	cdc017ec8a64a128187e1b59d91d649b33dab862fc72cd73be195a7329a25d31
s0752	SATIRIK	190	9884ed696f3fecdbb2c3976e28b278de05333c98d851fa64410ffaa468dde977
a0219	GERCEK	201	2953e5c55961c6b28f13de135e2d4f4d84b88325e4b147b521535ed0376446fd
a1257	GERCEK	195	0545fe8d1625fa04b99c91dad40640e27f21a4f5d155a0fa4c4d53b5e98d509d
s2006	SATIRIK	190	bbfdbe6c03064fc70686d6bc1efa3a9f4f8e9c62efc8ed0672ce928d2417a29f
a1359	GERCEK	198	eab3f5a321b0859af3b2f0d2f0cf59f33f536aee2e959a56236b875732e7354a
s0133	SATIRIK	201	02c0e34e86a5cf22771a6f2ea9a60d78518fa169a7d61329931ecc9c3d148c6b
a4325	GERCEK	197	5c2f8847bf3c208728906daf3514954bf765e9de4edf816bbaf03be387983e5a
s0186	SATIRIK	201	fdac32b8fbd52d019e3b4bcb63d59648766937fc5d51beb91eb9633043655fce
s0955	SATIRIK	196	738a003d6df90ffe3520c03d644a64ddcda22c15ae9698e202e943344f216038
a4491	GERCEK	198	9b8b08964260cc04a7a6fffe0fec32a5420332d44dd9bb086e5a8d7329959752
a3836	GERCEK	201	efb976b2f5a582471005979bfb5318a7e88961c542a4f748ccf1a8637a0c8874
a1543	GERCEK	194	80a02df2a8a15fcb37c0c6fd3546e4caab6bd1616e03193e611ef717526d5539
s1053	SATIRIK	192	4d103bf5e63f066198248ea8cb0c5839ee75cee726a9ca854c7006fac1ddb4c3
a0507	GERCEK	199	efa6e2e7922fc31503ea6df0eed0dc280d25eb1d0089202d692cca06406b583f
a0384	GERCEK	201	4160b6fbdc3935330bae0eb11887fb10d6ff4a33fce22c10a2c9f359ab9abf71
a1762	GERCEK	198	600a90cf6f819dff7d9bbf90a5d7fdaaf5c177137e8bff91dc302d2472829d77
s0214	SATIRIK	196	ce4cab73b1f8978ef3ed773d26b1602f45b4ace476ff54f27707b4e43fb93401
a1639	GERCEK	199	67ea2b6eb5fae3ae8279d2eb70997f034abe0b7f623f14fea828a72c512f5a45
a2248	GERCEK	194	fabe3027d720670a2ffef4d490c6674b87572b5898d78cf04ee3944067e09869
a2001	GERCEK	200	fb324b502598c1ddfb67fa5ccaea264ddfdf339c8a9bda085b018ba7b044145d
s1164	SATIRIK	193	623e659a829a080c74277bad18ae4f43517e9d0acba0ac69d6980d8ec17c99a2
s1909	SATIRIK	199	3a0871b72d1cdc038da65de1ceffec87ff97b8ada234343a2b65f1db1b8812dd
s1538	SATIRIK	198	0623e73e60c0e1fa0da0d9c3a1d5a349c81982c33654a5f82e7e92c9f40c2c8d
s0031	SATIRIK	193	7cfc44675a20fa1630ce7854f410dca313e694a873904130001a649a17e0ad7d
a0254	GERCEK	201	bf8f962b7a91fd3ead6074b34911f87b5c8d880462c87db5523c9cf61a6eb87d
s0805	SATIRIK	195	91b1a05be4727a2d66c773fd52066bcd24f0fbaed76fbde4bee22ac8d9a5c350
s0174	SATIRIK	192	dcc3e16c0e696831f5fa78cbadfe43ddda430834b27be4b0dee9faab56aea44d
s1082	SATIRIK	201	0058c18d66eb44b42f32b87ae1b2b61606ec3c7d08ba95db465bd17a3bd0584b
s1915	SATIRIK	196	22fa7ba0f0f1677527b464aa3a5103600278b5279ec00b53eba8440435c9f48e
s1355	SATIRIK	201	ab9e26952ad53179f1a1a35324ec54115ee19a49a004b30a2e29830062f7d70f
a3782	GERCEK	194	5411439e80bbdf8958b0d3744c95b2a7998c6cc501fc7211baa18307533ff0b4
a0380	GERCEK	199	c0b55fc070563815b73f5070211d5a402ccb6fdda6c876e49889e396b32e6f9b
s1849	SATIRIK	196	a421b8675a0bb27abad7cf9e35100a9bc500baf9f3f4893f8e86e0a813f0152d
s0036	SATIRIK	199	5ed6a97893ad44230452f86aa701fa451e3d227f63f1c2bc951cfdad729b2bce
s0759	SATIRIK	199	4c2647747517ac3a14a6fda2b6d1055e72f9d2f496c57deb4025ca457663c810
s1364	SATIRIK	195	9ec59a510ebeada879b4455b4f67d17c010590d24b79533f7e98cfdccb03403b
a2983	GERCEK	199	b6303f83dc78e595eca5c37857c6465a80585051b5e73285b85eb48a106089c4
a3925	GERCEK	201	ee39ad436ef1c1f1feb528db299e50e3882f396248ddea4b4a2ff60e732cd55f
s0697	SATIRIK	197	d225dec63730b8bcde25e6db4d557ce3a1c5187a17191c96e0283fcf5b32e60d
a0966	GERCEK	199	e936493ba039e4b770f118f54ac054583787c5d1ae0e5882edde5c8028ee504a
a2820	GERCEK	201	4e74f4ca94c8e7a479599e0ca572a237b89c458e2aa26cc2ce1653832ce4aaff
s0969	SATIRIK	200	9fff3117abb9ee4b1640fd3b3c43a1aba5b65d34383eb4bf5f6439ccca9e5d57
s1360	SATIRIK	191	b1c1f0af8f6d57adefe7fcc566aab15144465a4825e106cdd1d3d910b521d387
a3271	GERCEK	198	2bb97e3cb3f52569b2abed27c6f7075e8dcf6024487ffca5807b3721ceae3874
a1918	GERCEK	200	d2ae49a69bffd3eb4c802abcc96c6b9a4386630629b11a437c29d2f56dce55c3
a1717	GERCEK	197	af8ec70ef84ff3ccb4d53c063ccce36725d6de4c12ecb0ae054f3bf53deb4510
a2655	GERCEK	200	b3bf703c2fdc9db307061928f062be6faa3545a491b6d5ee2c71a4e3a36bbc8d
a3936	GERCEK	200	ef9491ef3ca169e5221356bcedb47466d7f974eac31ac67dfddf045de617db77
s2020	SATIRIK	199	d6489410d867a417f41a617949615b84624def98720aaddd797e3cb43f73f20d
a1584	GERCEK	195	a2d2d81451096dddae7438432f5edfcc24995eb35ba41ecc840dcd637c20f943
a4227	GERCEK	194	08d07077c0004c710806e4765c2d47b044da342fa7c17fe9b93141ee58eb8a53
s0158	SATIRIK	199	f5a9f430ac2292c67d55e23b6f7d88e99cd38f45dea770af1c37dcefbea6ed4d
s1456	SATIRIK	192	cbf21839852d450cf4d4dabd27c97158568e06d814ed0337eb1c972b35845ea1
s1565	SATIRIK	197	64ffbf116c68b8bdb891016bebdd8d3ff811cc6bd04220df01454cb8961fa3b4
s1986	SATIRIK	198	06bc0935d9ee98586d4358df6172bff6edef5d56548ac11e70d5b4f641b0b766
a3060	GERCEK	201	2421065357b6d9c59a74c0f089973cdb5f8ff3ed3b057efe3f1d005c5c8c659a
a4195	GERCEK	199	d9ca06ef2239e70235c69e262591d09847065543d067f41ad34295fa5e71dc34
s1971	SATIRIK	194	909860343ea2e17c3f3d9e0f6913efb0c7367f1789723c51d67f99f9008ce567
s1591	SATIRIK	193	bb968288f7c22cc801ae961e05c2cc2bb2a665dd0ede1ff2359fcee20db4fb9d
s1870	SATIRIK	200	840a4fb44d91ff26c19431a1812ad48bb182735b81d1e1bd8a7acde147f0ce06
a4687	GERCEK	199	f84c3ac1dd1624ae63778b88812e044d21dca8fc78b75ff8d3a79f7f8cce939f
s0879	SATIRIK	199	f9d3c6ca6f11b645de91380ece2201216504d4ffb6b28b9ab568bca5f8ae725c
s0914	SATIRIK	196	e9897c497e797c599786eaf6e62187db98d308f438af9faa5be72e75268b6ea2
s1172	SATIRIK	199	7c4caa7b47d98979f532b8e1dd26e583a06576343b9c5109a72da9f2df7533b8
a4850	GERCEK	195	a935ea13d39babe948f55318cf53cbc97239e392cde1c238f0b7732f90f126d5
s2041	SATIRIK	200	1a5453183e7d72e5cfb102fff66e1a8a82ed4a386c71694e5c7fda68295396aa
a0614	GERCEK	200	a74e5af0be0fe3c43b0867a5ebdab2937c684b1ade36d612b5babbad54c20016
a4001	GERCEK	196	f65f9889bcda0d88e35c4373c0cfd553a579c5322bea6d0cc87663fa3077767b
s1424	SATIRIK	199	4eb55dd9ae6b18ec2d41d82bd63544fbf75bfb55082d8e6cb4d0ab36aad15deb
a1753	GERCEK	201	7e1057be7f983fbe67d0e104a6192a5fd516b47cc6d882ee84b1bc6f87581408
s1890	SATIRIK	197	a21ad5882b0a8ea1fbd67b6d71b9f1bc81beeaea422db19ff0ab7947948412c2
s0548	SATIRIK	200	d8369663f0c39d4c44c75774a919daf3f57c587a955b58729c8e80de8669208f
s1248	SATIRIK	197	d03a123330d960430f33043dc59640a1120207313c01afbc92f25fc817e874f9
s1237	SATIRIK	200	06ad4065cdd00dad4e38258ffd1b4d5ceeab424ec5330b8a5725a91310318b2a
a1605	GERCEK	196	0e143104bf19f969f55b08d323e46ebf81a8072112c15de5a1ad03667e6ac6b4
s0330	SATIRIK	195	6ca3ff6752560d3a6a7f9283ad211f9d66f17e5be971f1975c8e8fa469beef03
a4843	GERCEK	196	d1859d75a7ef63adaa34adbe66803ff0244b44e373b6e5c7075e0a56c90e587c
s1683	SATIRIK	201	9ddd90a34f32b103ec8f34d453cdbe220ffcd46478e48a7f24f91713aec27912
s1001	SATIRIK	191	cb2fd51400d4f04bc68ad08e186f342cdaa54e58df42894852d7f775d2af80c2
a2347	GERCEK	196	5d2f72388c38e0bd37cd72572d6b17dff49555ace6a2a8b51ff01ca894ded5c6
a0212	GERCEK	199	751587a052739a15c4dbfdd741d4e8bd35e6d9ea5003052e0279012b234cb634
s1700	SATIRIK	196	8186ec1782def929008dd00881aefc66a26b022e32f67b650d7ecbc53a403e42
a0725	GERCEK	198	35693f99529bad544653504058a3530b840f412f203ba0ff36b9e7a4aee94d77
a1256	GERCEK	195	292ec49eb9d166459427030b2fd4b869a7119aa8da073c1b45aebca015028683
a1240	GERCEK	195	80c8f91ce581833f99415ba5ebdf9a86abfae81c42fd7dbec32b0c4ebfa86b77
s0974	SATIRIK	197	e1ed5ed9b2a84b95aa1319a765f81f895c952332b202041eeae8a64bb5fbcb15
a0229	GERCEK	199	71de47d7feff7d7d48edd8303dae656724d5b971ab3f189a0c48aa73ccb16c82
s2190	SATIRIK	199	df6fbd4fc4629ed6b3614eb9efbce2c194d3987902dd2bbc9bdeaca8d92632a1
s0877	SATIRIK	198	04ad6dbd84db3e4dcf20762985a83cbcef590fd4c4eb4f52c93b3811f0f0b4da
s1551	SATIRIK	200	fb6b66bb1ffd987ab4ea776f94ef35b9f620e65122af079269ffceb4b6da90b1
s0440	SATIRIK	199	e6c7d96f8c9e076247f1171823535958227854560bc72f5f03ce208a7f12bea1
a2410	GERCEK	193	21a9c10882625a4922bbaef852f9a8b6d61375f85cf6e6662f41779d39df5809
a2872	GERCEK	196	7107083d4e94c855d5ee8a7d19180492e29fc229b89f5e88ff5e842d08ec206f
a2963	GERCEK	193	3c4f2771e54a4c69b3721c91543eebee8ef3053a872642d4d366f1d8a8c52174
s0072	SATIRIK	199	0f83de8a664f9d8ae425ffb9cfa1803fdcfe52ab5084b2e28fc926f58687ca8d
a1609	GERCEK	197	273a97152b06402e1f8978bf524f4f91f3ecfe5f8a666b007c1fdb5b7ff8b2c5
a0011	GERCEK	201	de92a4184fbc7db62f2b691a8c699042f4d8e44ed8a7a3edd1652bc13b89f08a
s1061	SATIRIK	194	6061395410ca183d3de8ae9d5b9606b5e18ac5f3f182b1017f6e114a00c7fbfe
s1509	SATIRIK	195	f7d28943db5f951ce9004c778a96b18a8591c93ae63d6150c4c4bb5a45f8b63f
s0980	SATIRIK	196	a0d450d53fa5a19c9ea03fdd5e77ff7b57fec719953e207c69751c70cd213e6f
s0803	SATIRIK	196	e73f7c583d087f1d555ceaf7a6ad07323489de703aa149ac73773370fcde09e9
s1772	SATIRIK	196	2823747aa01f877cea1b608e16cd65672f758232c17f3e7b3276a4611549cedc
a2703	GERCEK	197	60719b5deafc4f92a3613ab45c6cd7cc7134f22015bbfbef6b7d973f6bfe64bc
a4538	GERCEK	197	7b6b217d6e45e33e0be378c63019b405981d285ebc43008feaffa2a2c0d48c62
a4139	GERCEK	198	c45686deb8be9bb063ce96bec327b041f8d38ea93d8955842aa77ba253b9cc0f
s1817	SATIRIK	196	b2147591cf23a6b8648c70adc0001f564a89a55e391a1a5a719e59977ff74461
s0045	SATIRIK	198	f1cf7c7a90a5ae254e59d6b8228b80cc5764a583e8acbf0873e76ad8e047b67f
s0198	SATIRIK	201	2f03e9c15681db0f303127f88b81a85001262b78bde69f3da38bae6ecb77fb1d
s1761	SATIRIK	200	c5d77d00a6cd8e2a13b8bcabbe302a16bd19f1843173f3fe17392f7dd1626e5e
a2577	GERCEK	195	f198e58c649cea94400548185fb94aab5d1e3f757d4c59366585a1cf567d1211
a0835	GERCEK	192	9781cc20809d1348d54db1f91713ac19dfd695fc1753dec186e1f2689f3dc4ab
a0364	GERCEK	192	c072f1e72897b492dc10746caa0a574d874b4ed25ec01d07c7bfd218a33352df
s1699	SATIRIK	201	028c132ace51e6a20f58e3e56baa8aed338b24d946a2341527cbdf572d71db51
s1628	SATIRIK	201	20d85d8cd6cd34df92dbcc04bcb2b1907493fbd32616a9fd37ba2ddb78910805
s0486	SATIRIK	193	40b9d7cf8b006e7fb6382ad3163a211a867da6426f51468eacf5fb298c6594fc
a1364	GERCEK	188	d8d2640eaa8160c950bd65c8c0403a92ec39eff339d077fada526cf336ab1edd
s2029	SATIRIK	200	428517ea2adb34b6af4b9fe98428ed15238ca5f0abe8be063370b7c8fe83ac87
a2921	GERCEK	199	6293e1c39f8b11d18c6ed138daaa6fc152b613801418481504df35d6a2aa1260
a0494	GERCEK	195	4cbbbdeb8737db509932be40e8729a3ee09d8eaade52c7bdcd767e80e55dd5fd
s1177	SATIRIK	199	724333697826228c943c5cd59f97dc35e567fa2d5cb9412832fd2e56fc6d776f
s0831	SATIRIK	193	e3d398152c4cf5bbfd4d5279651a72e95b0988765033a8170d7d3c882f23b275
s0771	SATIRIK	200	d040d3551cf34df34442b48db5b3e1acb45968c1cd1782cb24ffc1b5d9dd9bbb
a0788	GERCEK	200	2377d47bfd5e6a04a957a4efcc8cff21754a18f8f74a8b988ec4d1d38ec73ef1
a0033	GERCEK	194	a3d4e7bf6495d9fccc483fb7291634f9e6428f5b32a8c9dab07088e00dcc20e0
a0553	GERCEK	199	5be9039809e75d4f00009ac5092a3688d04c870c7da2a58812771804f7dabc19
s0628	SATIRIK	196	0c7086e4f6f15da9ebb5273e5b036692e3ff6c00d62d777c5bb265be5b62c11c
s0586	SATIRIK	196	f1bd7ec4ba47d0ac8bbf88ab6c983ab603c5e86355ae79d9bc0df58ce56c5009
s1899	SATIRIK	189	e75be644030b0bdd5e71dded82d77017f15c94e09e75aa27d02c04d6892d5b30
s1721	SATIRIK	201	fb9e09a0a59aa1f6e8641370ac6aae9f6a18702dc016d4e5966e0379f0151a0b
a0581	GERCEK	192	ab96b1011d0c7d089434f7c8f0eaa10a4643ea1645f6cbb2ae79e320d3623c54
s0530	SATIRIK	200	fba49f567c58c77bd7588227a3c90602bd24ee9c2c49cba8f192cbe89e3c9354
s1729	SATIRIK	201	cc95dfe0897c973545480285b6cdc795886e8c7d6dd0eecfcb4cc310272669ef
a2070	GERCEK	198	dcc7a9cc846c041064a092c14e20f734d0eab268a8b370ecd8ce2ed7bc3088b4
a0580	GERCEK	201	e065036343e9f99e88fa95710a841712b59a79c9da1c51a66f7a3a990a01c18e
s1608	SATIRIK	192	fc51ce42b9af4cc50eced0335bc52fd56e1d80b0b96aa28ac04f8c739ef6e64a
a1917	GERCEK	196	e295f6085cfded1a60c9486a9fa0c0e43d8487b1658a51bfe6d87c98b3207ea6
s1510	SATIRIK	197	6dd551036bbcd50feaaed48b5458633200b6df1ae267437631fbedac505e974b
a3736	GERCEK	200	f7aafd1069f9edbb682497832e96e50e39b7b7b97ac73a353cb7a78dae234445
a3529	GERCEK	196	bc2a1b65cd06a754e95f57e5957e6a42ae8b4a554a88d0a25c8709ea2df7c740
s0408	SATIRIK	199	945fc21176b0b4b3eeb1ac586464d6869e399c83d11602446c3492034b0f70bf
a3776	GERCEK	191	32613057dd41686041cb81501b72cc92dc3f10ae6fa6ea29299287fe090824c7
s2114	SATIRIK	200	4f8b7487b7775480a15c69496fcb478e1afb23a56cd86b3b8c467388dfa6e251
s1800	SATIRIK	200	f9b77813a9e50f822ca22bf666822e19471902101e68686388603810ac4cac6b
s2170	SATIRIK	201	1039ca98b5adc902f5e986f1873dcdd54f58bae0c1fd23096a8e43ec7ac0f95c
s2083	SATIRIK	197	0ebb7a2a0214c6721009fec34fcfd6dfcea435ec549a2990af99dd9a50dee40e
s0479	SATIRIK	192	617683b7e1fecff80515a889027efa08c82618e2c91b8d0fc63ba3beaec7a1fe
a3340	GERCEK	198	6e33f8b5cbeea99691f64cdcb39aa642fd45c9293eefa0249032b19b1a5d26ba
a1536	GERCEK	193	11e0f02edfb52dfc7c34d94b471b21c27aa48ac47fae8836746735b065c04993
s1876	SATIRIK	198	51f084a4ace5e2ab308d11f8a70d3497e02e61c5ec583d61e6fc9920721bed9c
a3978	GERCEK	199	a56d024c49af880ba572fe1576d881703916250c668603400b82552707630893
s0482	SATIRIK	198	f8bc75de543c5399fdefcfedade4c6c534d90072b323fc64ff0c85bc362b67d4
s1224	SATIRIK	199	9951ec4ef48a6527967492a2e1104e0251e1a731f4b2ac14f091fd5025b55a6f
s2086	SATIRIK	201	1f2b3959cd8a943b59378c7df187adb2497101e8547b0fb435472e449feb05d5
s0703	SATIRIK	198	4b6a16d47824100355e962ee4ba1d6dd0b5ee046e5a1e7d7ad67572f23e84d3d
s0616	SATIRIK	196	b3c528ffd926e3a9eaa4750029a3aebf0f5966d9fcf635eb2d1292a4d24a77c0
a3593	GERCEK	196	ceec4258ddbedded2c782f04611b0c4a6299034345c208e2c80f954f987ccdeb
a4599	GERCEK	197	2a27d7a1e3f836e3570f34e938037ddec5b77ec56a4aeedd808b04e7737087bf
a2966	GERCEK	195	a0420e10b040b8ee59bf8979e8e3abcfde5d15cd29608a5d8e3b426067c95aaf
s0271	SATIRIK	196	17cdca6cdd419c8825d8c33017f4ae890a1890c70f65f48a18c1aba692d27daf
a2005	GERCEK	201	d3ab44c74d7e8a646611d908a99b11b9e75fda7729b9282d103f08224fbf986a
a1040	GERCEK	194	5620025563bc7d44aafb8adff82426b3f5070260e063760b48df69d27c4464b0
a2632	GERCEK	200	b010c4f88cf7ea1f71185f2a61c1638e9c302b9c1eccee961a5065ed394dad82
a2352	GERCEK	195	60f33e240bc55cfa2dbfb77cec13d65c3612332fa19e72591c447068188b7fce
a3104	GERCEK	201	9d09058531a8ed269079da70939029a80df65068e2d62a67bebbd75cd75819b5
s0466	SATIRIK	192	443eda8addb545472e3865e43f881575514e8fbad0069df6cd944e002f61b5e6
s0517	SATIRIK	197	f73b3fa4ea31b2e7323696355eed62cd005c536db1b95fd7e8a93e65922376c1
s0128	SATIRIK	195	0233f8c55dc56fbe1590ec18241a18a6254d9c714d9b5968804d34a7b143499a
s1443	SATIRIK	193	ea3cc03a9d9633b57b5db39f51ba0e57d2693a384340380fd3484167206ed06e
a1366	GERCEK	198	300955c89234a7ef116a26435bd5a6486de3a6878011c04d6f123e9bef51a7c2
s0259	SATIRIK	200	52bc9eb428ac91a3af8e19195a54ca8c934e34439483da8f876090fa17bf8ee0
s0708	SATIRIK	199	468b9a9a7a1c15d06c0808d11e291fce582f83914c28ea5ae028358ebb6703a7
a4550	GERCEK	196	f81c176d5c59970e9c899a7933bd036d7c7d525efe40713362eddcd39eb29a5e
a4609	GERCEK	197	efcf777e5b4039ae8367b66b4dea5466f5c50742c5782ea0da2e0640d2e7dbb9
s1427	SATIRIK	192	e1311884ee3aff1c170479b5f6e1a80e1b6d711fb85fd4dae4b3b77dfd3b7adf
s0983	SATIRIK	195	7c1f5300a8588d5cf072395d88805f82c39afb0022b940a7dbada660df9673ac
s1530	SATIRIK	201	e20aea8655cdc25adeb39aec8fc8a3f76aacf9c1594006f5b5e699492a60488a
a1958	GERCEK	196	a07f09b39f3fa5b57952596deba8b400f37af48f13d5c3e9af2592f813b510e2
a2388	GERCEK	200	462997833390a02b2f667f7b25a644a55eaefe64ee2e5730f47672f055514360
a3788	GERCEK	194	d300f70371e46f9fa8cc37e64342793d02fcda3cf1400519fbabfbe3518f343d
a2499	GERCEK	197	e698c70d3c9c4f48f1e723b4b27063e491fd1a44598558d4d9d7e01d0adcd436
a4554	GERCEK	199	36ab54d75684634896267d902773d13dd6140600cda09e62d1a2de422dfc4687
a0648	GERCEK	195	3d7379e2b194a29f2fa4c46915751b4850a155089329c8057d356199f5f4201e
a2833	GERCEK	201	f1e5c65ca5360a516f8b1106a0b3ce013b29321724cbd7d2bdc72e9fe4fa5ba7
s1440	SATIRIK	200	d603ba2d09833dc1bc6033646ea8bb659638f1c2e3b7fc51417573e5a9bc6c2b
a3816	GERCEK	193	309e6a6d553553c0182d23b87fe5c13d04d31c049ae4c9791843e94a011e6c55
a3416	GERCEK	197	9ad54138c6c21d874dd3428fd8835c77693b2bcfe860f12620ace6f50a0fe6b5
s1417	SATIRIK	198	f9874982f8a87e85a7e8f10755ac1dfb28357570252b0cd2ffc0a8baa14f56a1
s1211	SATIRIK	198	32ed974af0048cf85a8765cbaa589d11f3daadda530a556b49754f9d8be4aeef
a1662	GERCEK	195	024b713e65f959d794c47aaae1f497b742a23c3ffb5acc7fd6020c3aa1531bae
s0075	SATIRIK	194	d2ee9fd3ed25e75979941025a5a70b1f982a6ae505a9a5fa7886b502ad97fb42
s0815	SATIRIK	191	cba932a2e4507591162f30ea5d1e0c019afc9af7123c2c10b40c7dc1931c8e61
s0153	SATIRIK	200	83e90e408b8e5161a3bb9c7c6302102e46a9e010557747cd7a5826bb6f582771
a3025	GERCEK	200	9d9f8c010973ab10577dbcd6ca2f55625b02611a8db80f39dae9a52824b03cec
a1802	GERCEK	200	c538e0b63aed1bb16ebdfb8b5ac4dd0cd0d4fd093700fb48730d4dacf1bdbf31
s1572	SATIRIK	198	819b436fab7937873c4b9f76138654511d9783af36153a3a0972f0d49a50d64d
a4792	GERCEK	192	52b3eae670223a5f4163e35f3e90533ff58dc7b09d034eca7b1beea623f7e151
s1632	SATIRIK	201	765aeb2de84066cb453d1540a65592a43e3c01845279e92288a357657bd0888b
a1947	GERCEK	201	fef97643076000c518c5582da526fbda6a40bef60d8f26a1656fdb3d1958f25e
s1308	SATIRIK	201	29210c15f9c4c854940cf8e9c3b0b7926a3a1edb550a4d2133473af21f93b38e
s0575	SATIRIK	196	d15de48e26bd4db01e7141d126f57e67d252c668dc8a7d9633d971e843de01ab
a1949	GERCEK	201	f8302f64c3e3d07b77bd11a1621ed5d53447696102ba8883c416611902f3a325
s0375	SATIRIK	197	a76a11c1b7769d37f8c1fb5509b6624595808825486f3805cfb11d2f3e999edf
a3157	GERCEK	194	6ba87fbee7b8bb8d08818a455a4a04555e0a0ed0dc98589b89164840378062c1
a2795	GERCEK	191	9f98fb00355c87c0fd696344f8ec79e3a2d3d3ef01601299ddfe662e7b4dbc67
s0326	SATIRIK	193	423c9f92a10fab3da95040f76f01b07476500b44a9084e5e66ba542201cc79f2
s1722	SATIRIK	196	6831bfb894d3a100982b888dbe6671a668f289fc30aa23eee9838a753ead164b
a4707	GERCEK	198	0f71f00af16c38ef8290a18283832b1b41f64f3884574352dab2337ae1518170
s1319	SATIRIK	200	5610be2ad100bb48342f1fde445a0c0097d64c9db22d15f5bbc0a86430097f57
a0805	GERCEK	193	281a698bbb0d369167b60fe139b4d6a127e19a54a04e7233596aa6dafbaa4f36
a0703	GERCEK	197	1ca324faaddf39783b5f067abb331d8dfe3784d82bb9cd6a14f442ebd90ea900
a2799	GERCEK	196	49e10e47abe8468cbb9e28c61f9c6a67380f413b6a2463e5e2d171b6ccc5c842
a1118	GERCEK	201	f70a1d62ee77aba2c7ba68c4b5bc17b8c6eecb9b9ddb23a3b6514fd4cbd5afde
a3845	GERCEK	191	8cb1894198c46bbf30d626295d77cbf472c28f916c11a242d7fba1b58d3a45ac
a3091	GERCEK	200	582112a338f9e14a72a6a7ae3714eed1683ff21960d6846eb494f2989bfca598
s0406	SATIRIK	198	9810fe0a5de99407c90170cbe2c9e03d8357f47e09a25ed4dc36ca1c5b4c9636
s1710	SATIRIK	191	b39d54703d45deb619f88a834a4cf5eae2f7d440d196314720ae81d2c543d360
a1011	GERCEK	195	21278f216e76046d819b80385acd228bcd45dbdd4ec571756077bd731d1ef022
s1201	SATIRIK	201	322cc96e55fd43e5b77cf83a925eef8961f5050dcbd0412e63776c466a5175a0
a3077	GERCEK	200	7f18414552077b1b02ed2168a2d0d0e02110d8f73e9a0230bfab62c9dfabb9e3
s0057	SATIRIK	199	e35e226a6815ae0d27e63ff3d7636ec44bce6f017485035815135be00e28b470
a4652	GERCEK	194	cbc4ae079f171d205ce81f2203bfc8cce0084edc0985adbe50bd1652b4dd0e5a
a4228	GERCEK	201	6eb50920a52a2e2208d577a533c705122ba35b6e0d0f212e608bc055adc7e685
s0918	SATIRIK	200	0bda9201a31a6e92fbf04dc6742052e1031a46f1a1174b9b6d91d5cd9a2ba30a
a2550	GERCEK	198	8a2c780a9dec7763588657e934e273db0413a61231e04e9bf6384362558c145c
a1932	GERCEK	199	03c435ef84b79e246e47de36be24e67c5155087da9486514f28b88c7c83183af
s1584	SATIRIK	201	4ede7630ac5b4cb56f23545a3da19ed51768a45bb299986d29d9e77c40b3e0b3
s1893	SATIRIK	195	7715b7b98b4cb3a068e20529c829c61e97b39f111d91b57a4c2f170c0c333b63
a3792	GERCEK	198	3ffa9f80f4b8b2a15841da4635aaf3f9fd7b9d755cc4985641ecd1b6017aaa0f
s1704	SATIRIK	192	1665d68a3a693c33e93b3ee7e0a9a207a2d779510164fcee48bd94c3ae947b3d
s1923	SATIRIK	194	4e6d8562c8ac520b6002efa2b66519ed076748bf8951152afc96d3963610b383
a4525	GERCEK	198	c22afd3809f49e422d9c849055eadee6ba4961599125f1f9ae76c9cca56bd86f
s0026	SATIRIK	200	509acd5f891adc679d8ff94b5af231c19c44f7d97d1a68ae6009e0446663d97d
s0014	SATIRIK	197	59577c6308f70dc8af939d03e5a570b6d632194ff43675fe07cc5bafebd498f4
a2350	GERCEK	197	dd417237378baa52044e45c51fbaa4e2c0cfebef2e94bad09ad1541c7fccdd1d
s0738	SATIRIK	198	87e1010ed54b67446fe93214b5c1fb3561e0155a0e7f74e54c8d5b5571a0c9a0
a3490	GERCEK	187	136889fd1ca64d458a95759fd437f9acf50c94f4348dbaf0e03f9fb63bf74ba3
s2154	SATIRIK	200	f28408ec2677561d81afebf03f58256e5da6baf10e17b34cc047317cf24bec77
a4822	GERCEK	198	72f40db90ee3bb5ff46f70157aee70498b852510e3ea221a39161be0b3e79d15
a0945	GERCEK	198	7ebd3201cd4349038479a4efe9d5433d59e3fd016953e372b1d8ec1901e873ba
s0960	SATIRIK	201	75a3310f96ddb6c16e2b434d389267a062ef46c4f71aa24c4287a1e4cf9c5cfb
a4119	GERCEK	197	72c932bd937f54994e7ccd56fcc4eb1891afef51307ad92fb0266b96062b06b3
a1768	GERCEK	198	6f93a21f1044f954e30fe765d1ff1e78bfbff39bfb61ecaa6dc9fc721f950475
s0854	SATIRIK	199	25a50e391864835f8e5cbd833d46acc76e9f7f05bf0bd1179d27326e3622542e
a2537	GERCEK	200	de7f78b5a5f701efc6c5132da7dece8f30d460c84d59cf8b8b19087975f43e9e
a2817	GERCEK	199	af7a7b173c8090de3c8c6d635378bfd0260e1e530fc9a68d70874c8baef27206
a3452	GERCEK	196	0d6d85ee89c04c83294a18a106a717a2a6e757649de5365fcb593cc7a494e6fe
s1453	SATIRIK	201	801c4fd63084656aef34ce5f6751421538e034868ee9ac534f3edfdce5a6296c
a0926	GERCEK	200	2dfb77bdbca709ec822c7097b3a6897bb6782ced055f7d79d15129a285bf1c18
a2866	GERCEK	195	7c6411ceff3fb049b9d23e311bf7235b6c990c19563795773f51a08398ba5e04
a3673	GERCEK	200	9abe7e23144f09ffe7f52ef83e04090777a4ea35cc9330c769def2046d1fa2af
a2621	GERCEK	186	6142aa2b0be0deb8844d081d3c284b25ad8cee544bedc870da98ee15de2c83d5
s0822	SATIRIK	200	56bd80d550d18ef0625a5f227d6a96f851c302d1a00d7e0fc589e9814580a9ed
a1733	GERCEK	193	6c01fdd0f86d36bf6717e3474ed69ddd293b266d9216d06be1fb3c4be07f7238
s2156	SATIRIK	201	7b2812fbf0b236bf14e685559981881ba2729b91b0464a942df5ffb5973844c9
s0380	SATIRIK	196	e68656939fe88a58ad429c94140eea300c522aa86c638e3427e7b8555ae8d030
s0583	SATIRIK	192	54cf176765c28416cc3ca610a657c5ff7db02a87e62ef4e0ddf46ec86524f187
s0194	SATIRIK	197	519dbf6d3ac9a67c75fb71f87e78357528fb532f8d4e1f2bfcbad7ea7dbfa9fb
s1990	SATIRIK	201	8e6e5486295d55163a09f652b096915047844b5d80efdd950bfbf63cf516b7cd
s1747	SATIRIK	199	805f7f2874e5fec859428999565034e8a09c491be4bdd8e64950725cd8d079ac
a3618	GERCEK	197	7794b37499ac9d2be3acd71d296c883a5033360b4e69a3f522264ad665e23f1e
a3852	GERCEK	198	d70d665372fb33548de65058cf3ce768ff511a99854d5d4637b4d19c016ee454
a0993	GERCEK	197	e07aecf13b2a02a81c8cfbd121ea2882df18ea61183f4265906d9950345fc1f9
s0410	SATIRIK	191	120a3a7f787e3c6b82ac911f2130cbf7da3a085520e323d690a3c5a089cd8c74
s0577	SATIRIK	191	29f73a2fea79ad29e88e1305b7bda9cab5d332a8e838d6addf139852d70fceed
a0707	GERCEK	197	9d8e038d542a12a0cde249fa2b0338f46f6c44b224f1c33d8433844892d4a107
a1336	GERCEK	193	a68a37a6b065a55c4a5c27fd0a9479f8ea392106d9b650a86999f1f1ce782764
a4172	GERCEK	198	2f0e4db03eaf71d886e2620d4d49405f1ac991678833dc17a1cd8eb10bf33995
a4089	GERCEK	197	da25fc44b90b724fb8fef9a8ab02da809d9d50e488c4fe40f3cf5e0521d494b5
s1935	SATIRIK	197	0dce0958c74a4ff1035b100215d8863ff25bbb94b7dcaf735d8c138c172666a0
s1868	SATIRIK	201	11388b985fab7e28d99ba3668119ef0440040f39cccd524164474fe49369cf6e
s2104	SATIRIK	197	31dd05956f2061f40235efc8cfb0fbf55e5e7b7ce00c60d72be499b584dcfa7e
a1812	GERCEK	192	4e8637c20765a03be0b21481553186e0e30a167c9f4c50554344a4dfb8ccb932
s1705	SATIRIK	201	fbf54b53e5384c78359b0ece66136cd8f2ddc230fab11d8ffe1d53febc111b94
s2022	SATIRIK	200	fad6d4b93b1c31a026e924fa1cadbbfa6623c8361e7033c504b14e94ea035427
a0102	GERCEK	195	62ddba000a6f8cf5b5383f80f237ea526c85e754f49812f340b9852bb632da96
a1412	GERCEK	193	107dbc4ff852cdbfa587a19db5ce2bcba3bea5f343f4adc288e59878cb0fc538
s1093	SATIRIK	201	be7866e12ef4db442a69d700db6ec8d8a5e9b7e4e06f089ad1acf6e9325d06ad
s0377	SATIRIK	195	1b790a578cf64e29b17d37ff521ad880fca65bfe3739651ff2971f1a372668d9
a4044	GERCEK	197	8f9255a7071e30fe44a213e769f4b1ec5a1b26af39707ebf69b14c769d13fd58
s1505	SATIRIK	199	5ebbe693edbb39fc51502238ea3d80c0c3256e2b4d5c196a9ac798818a1fb1e4
a3496	GERCEK	201	408e83bee42c748faa4a16a454b0be4c6f31513d5bd3ac08d3bf2f3065b49df6
s2095	SATIRIK	190	5d06d95e683b561a517565c53b8ed25264c1d8ffff560ee4ca3f775b8f163980
a1544	GERCEK	193	f6270f3e5acf4a7a9d4b3c25dbd776f3291be80264cc9918c00dce548982321c
a3441	GERCEK	195	6724e305482675711f7428ec9db62db3c8c9456c075c595d906e6a3b4c34904a
a1084	GERCEK	194	5b5d4b9570177e027e483f453ce47923c135c1b183e633f3c62b043f03c10e9f
s1724	SATIRIK	195	ca1c2f9783ee8b2e5216f2190d007d0ccede075cc374a6d66807637c8d5e89bc
a0264	GERCEK	199	f7a8c12ffa70bde689be86c208184e3586a380dedbf208b27c1562e0a4a9c5cd
s0832	SATIRIK	191	cc37653e8206de7ababd7a00cf4cbf9522b8e4353390a1f1216a63afd92a9285
s0361	SATIRIK	200	339c8e7eacda7379936cf9d696a50a78f93a96eb895c9b39c3ce8abcffe46e1d
s1305	SATIRIK	196	4840dc5ff5c50a93974e0d6a6894c13eab03581851be93e3545952f4f7d711e9
a2671	GERCEK	199	c77784a7a2544cdc2cc5b5fe323515f4ce9164c854352fbdde2a14cd0365bda7
a0948	GERCEK	199	bc09a1e908a0941f232d344f969fc718d1488f0cc46077e7f3b33b56bebdf8a0
s0985	SATIRIK	192	855db741ce677b3c7a82a8c3db2f097434e07f249146890b24d18176df5d6d7a
a3719	GERCEK	197	19bc8ba926e19d8831defdf64fd57146c7bc3c172bda267d11e3694f2ab2326f
s1912	SATIRIK	199	8e2bbc02eb95afdc5d6e8eaf0db2b32efcf96f01222af281d6c70506ff86ba33
s0336	SATIRIK	197	5983517d0e5b50fee69a596731cad023dcfd7835bb1a820096018cfe81e37c9c
a3569	GERCEK	198	878571f7be844bf78d8d62965ed185545691a8d724df73960914336eb577f9a5
s0328	SATIRIK	189	053cd08b4e54aa546537c32bc78c95660692286111e16715577965ee17616804
a2569	GERCEK	194	5a03bd77bb0a4af9e61dda831ac35ddc1024238aebab215d103966709158e061
s0592	SATIRIK	201	f9529f867fc909850c6acf9c1e3e23eb92c939239d7d127bc1afa60e1992a38f
a2581	GERCEK	197	ce522d0fa9521c9e71e0188b67056bffa55c1ef2a6dba49125bf725f0aa32f7b
s0223	SATIRIK	191	29308c1ef2ac8bd47538f733350775dee2494d4ade256b9fa1d35fe6e3689ec5
a4337	GERCEK	201	fa419b175deed7bc19f64538619783a56ec15b953f3a3c55490ee80cd52d973c
a4439	GERCEK	193	f39bb13be1b8a3453e62a4287bbe6596d49f06d46b88abe7a3e245c351c79921
s0122	SATIRIK	201	4d54ca9799e426ee05f4d28bca0310e0415597cff3ac606be9214c34107bb26b
a0161	GERCEK	195	165e822ee9ca7fa9068a8d0020bac906a79edbdd33550113b6376c1aec0ef92c
s0595	SATIRIK	197	295212bc6a1ef5cfa7dc17e57b7f454ebe3eae31259cd5282207de64e5eed5f5
a3986	GERCEK	196	b9b1724cb71cbe541a0b526201993bf2846f401ff93549d0e606d07910eb7e5e
a0160	GERCEK	192	d512bf6372a0e9e62348bf0e15edd57910715556081ac9174add976b2e5518f4
s1626	SATIRIK	201	0bf9cffa37590ad08910c2df26e5736246b7671b9cfa6d8df7be55eec6f42298
s1450	SATIRIK	196	6013e3ec7c5ee3bcf787b64db644058a3a750c253601ef9af087dd20c6811621
s2004	SATIRIK	197	22ec02cdb456620d9cd1ce7b0f11c329ba8e659fb2fd2e3b927a48c4ba6ff35b
s0930	SATIRIK	198	7a335d3e17c76c3a90d2d8d8991c373326f7733071c18f9d28972e5213243aca
s0988	SATIRIK	198	8cd5ec826e338cbc65849b60a523ab3d0b2e8751a483609a1fb8282ca6f724de
a3559	GERCEK	198	c687c8ec9db8ca2fa31dd8c8a4a859f4134b98568c81e1e27ed07f7f7121f52f
a2025	GERCEK	199	9733d3ca641aa94fc32a97dc0aa0a7c14b303e51e546fa4743772e6f619a72a3
a2490	GERCEK	194	f7815ca9b5f876e61d90675c33f6f0edc7f94b6ca39179d50a1665402c5464c1
s0149	SATIRIK	195	2eabd90fccd27f35a8788482a280c3e9c864aa3942d35c1d213b92968732bece
a1442	GERCEK	194	99c95e8e630dbaf37e52a15fb946e6e3fd6dbcdf563dfb91da921439d41086e8
s1291	SATIRIK	201	a3cce04c4651402b8691688e1a24f570f315d59f3718decad064088a707b682e
s0231	SATIRIK	192	52c7b512b48e084ff4c70c6130a5a70247f9e78ec76229fb6143220336ccd3c6
a3848	GERCEK	194	7ccbfc70d133321fd185329e414c4459a70e2c05b18b20545eb7732f2fe66365
s0260	SATIRIK	199	66b2ca1a0f3630d28d0471b9034e35bbfea9a343ff32b568cedd7e9c4a4a73f7
a2899	GERCEK	193	f19331fe87d05e415e5da00e6d4851400aebe6852b96f1ecbef77c753914d392
a4202	GERCEK	200	47ba4f90e480033b3573cfb41ae5684d9810dd07fda52fa641d1fd7202805144
a0069	GERCEK	197	2c607c4012c3c6587d768da9d662a2d8533fd007cdff13b9d153aa7b2ffdd448
a4122	GERCEK	197	64884714ed3f8d8234a3dd3ccd94026b35ac51c3d3eb8bc57e8e7cfc0294952d
a3478	GERCEK	197	44ef794f49b738027e769a54bcfa24ca41c0ddea810b25c5ba6a2fdddae1ec9a
a4010	GERCEK	197	1f25b3c893bdedc97cecc2f3aae4a1f2fd1a790d5a1616856ee57bf869d27b1d
s2193	SATIRIK	191	a861a40bc735e74ea0b0d1431e7c6e3576b4d29e19526a63386176bfe7d7898d
s1154	SATIRIK	194	acb12b67a7e5e0bec1dd0122a5a090ed6c168768c54cac5eb5787278f2d2af43
a2398	GERCEK	197	96087ea6014f1dc577029dacc6037abf6a5b91f354712c5573b6b5fad3db21b7
s1490	SATIRIK	194	9b6995736909147063c899c2af69fb83888b6ca958f90fb2a40f558ce0fed897
a3600	GERCEK	195	fb0aa1b9165042a641ff977af6ee6b4892cba4302c38b1fa7d6f2f701fb12270
a1299	GERCEK	189	f4917573ca65e1888d589db98662945587bd99a477b291762a16dc2f68a1b2f4
a0358	GERCEK	194	14b1e51e230c107172675b96d6b4fff0786a8de68758b21240e9280ec8010714
a1735	GERCEK	198	483bf2c790272b09971eee0a32d89ee5d5ce4d97559b12700fa699367df9382b
s1075	SATIRIK	201	8cbddaf0adc4cd87b546ee5ca0b0d287b5e90274a51d89e506cd5ec07d977455
s1160	SATIRIK	201	cb4f3631a2fb2fa081d02dc1190a2ad588b3395fe96d5eacacccc7fa7059da93
a0125	GERCEK	198	de995cf1ac0dcaa2e651dc92456b486c8c7be9528eccd6213b60339b26a6c7fc
s0959	SATIRIK	201	3218a70cd05df149f2715a7e4d0d2e56e5c9831e23a11a58d393f022bf8c10f1
s1247	SATIRIK	198	981c83804516c7fbf5821ccffbd19a160afeb331ca4dcff01e21afb34816ed37
a3251	GERCEK	201	2481f0c712c164c21f433ab09dd59ad36fb836a1be43b7ca9dbbb0ecbc57680c
a2087	GERCEK	197	f05d602d86e54ef0e0c4ea56ad5d4f7177d3c1663f763d112dec368cba4b7084
a2287	GERCEK	201	5eb9813f76866ad413c0c044e3622488153087de147c381be179bc40243d7028
a3783	GERCEK	195	ded6d4e7ef50435eb50fd484626270a21535c6cea0fa3eba9e0c000662d25299
s2173	SATIRIK	197	ce896cd0f6281f87f28bd37b441c994ed3b538711ab7ec31367b54b960830d7f
s0400	SATIRIK	198	17c70728e947e2e35becdf621e7fbe41bc1f298e970ef2a83b3bf1acf3a2f415
a1610	GERCEK	200	9c798aff08f47daba6688c13926437277c38702bb1e4ccb2891a368646ac4fab
s1412	SATIRIK	197	717e3a60c01b58e82dae03d0c7d7c9a5f1df3002f39d8764628ab4d332c27eed
s1535	SATIRIK	200	c0ac3aaa8d59682dd1e04350775834e3cb86e9344fb75be5f78cab6c0689c462
a1177	GERCEK	189	2c40f2803f2cda628ae68ffe0d36a1df5d8206fd6add64681976329a9da323b8
s1065	SATIRIK	195	a9e17d6af80a8444f27581e113acd8d38e35bf95a6eafbbc000d07ebd527aa5b
s0329	SATIRIK	197	549272efb96debf1687a6abfc24c409756f0ee6fd0b698f71f11f768b3c11461
s0454	SATIRIK	193	932e72eb35c039173732d5f0e6cf555bd9d66f9118350bc785f76b2202c7a7e6
a1195	GERCEK	193	07aaf6b81ed292ca1f3f2ee9193198bece11f8718a13b7d5e43f76fcaf47c5ee
a3498	GERCEK	193	d8dbee625a782c4d7ed0a7d0fcddfcf1a9e2c787f4eb0d4cda20fc8a2574c65b
a2382	GERCEK	193	4e76a38c8b4198e66699203ddd71adc2263af110941f258883d01cee5df434c8
s0430	SATIRIK	201	89e6cfa2445cdec5faeff3ea1626db2d7ef29ff6b810ede869796df88194339f
s1492	SATIRIK	198	988243af690509e9141ba7044e753ee198b55dbcd9c8e4538a8687525d889a52
a1410	GERCEK	196	12bb928a2f8251f6ddf2ca5193868f8a59ada53badbee4ec10abc4fe5b83fd2a
s0800	SATIRIK	201	6800aede7fe9bfb35e250b3297a174b87e1f7ce53774cb53cbd7544aba12fb68
s1149	SATIRIK	192	71cbec5b8c7a65fe248867f214bc9c541122a6a7b50b7a82dc7bb58e154d6fa6
s1943	SATIRIK	199	571c20643f4c1fd301ae686b859ed154d13fb039c06401057e9cefecbd75124e
a4613	GERCEK	197	879b368fa30530839cbd9069222d1a59be12f21b4c4f65493201500d32ba5ca6
a0099	GERCEK	195	ff9524f0cf00b59b8f1644a71be6a3f11ea392d7b8b86907853b73070652dd48
s0085	SATIRIK	196	d0bec371e76ed9d1143aee8a9459c19b47a2654ae9cd18633412e8997b85ae62
a3076	GERCEK	197	cf82081f60e6c818ec5884c3e298fcc68ebbca392aefed716ddc679d5c969c26
a2432	GERCEK	197	8b55a2d4c7ee8857d1721d414d99f49b5005f68c775a01d4f8af4b46ac66f5b5
s2068	SATIRIK	192	883521ecf7515784849318ce288b35794d58242099ceb912de101c7c4b964cc4
a0094	GERCEK	201	fa92a81de89e1a5ce69ae956ba7d72e11700ac4d64e84ab8f62382e2d6aa8f67
s1341	SATIRIK	201	fd153ebd1889abd349f2ba7bd3dd3b2d931d0c291e6c7ac8a8f5d18f2dad0066
a2614	GERCEK	198	43ce11f941ac15a7ab028bef4c9494780bbd5b3255d4a92975c6f1358172a10e
a1343	GERCEK	196	7d110612eecf003dcd41479d60582476101f0f77054019026d63e53ae11d7f28
a2445	GERCEK	196	fc14a87d0198fe91e317f39216257f86e2e1b875724cae97e42f124f315d5254
s1877	SATIRIK	197	cb1ca7553fd62419b44402aab400693945671b1e8e7060daa234c615a7e95856
a3125	GERCEK	200	c7f1d120eead9288ea98ab003d56ddb248410d90979bee620a08ddba46c31f9e
s1289	SATIRIK	192	9ed7cd7ff48de7a60c5004f99caed50ab1e6ec9b138868d7042088abc1a5432e
a3171	GERCEK	199	1a23337f68e169ea4b3934393acd4114aeabd33ba4fd15c777eeee18311cfb02
s1207	SATIRIK	198	9ec9cccfa915255613e87344bce18db63aa1b1c8d935706740f83d034addd1a6
s0477	SATIRIK	197	05f8c990d9e11b95dfbab80acf10b874f7472ee0e8978599365546a83804cf60
s1983	SATIRIK	201	fd2b81fd998e6f9d2369ff99dee520e9c687ba7ff96ff055da6bc20ebb74c0a8
a4719	GERCEK	200	863e0e1f71880d8a0aa02b7a6ddec68b3086eee51c5323c56875eed87848ecca
s1622	SATIRIK	200	6eb048c79b17e74ced2c88a71588518b07fa7333a8a8e608768f0653933402c8
a2066	GERCEK	200	0f1a2bf1d07b09f0af0698189ed0c2286dce472297621c078e0162a9553990cd
a1228	GERCEK	200	d636608832e92f0bf5d5e3910e23e29d27d5623e5baef9fa28a1619061a37270
a3312	GERCEK	199	c8d3f3a1f2a5431cc0b169857fdbb4d14ec9715d13caa7e15dfc8fc531f75f9e
s0018	SATIRIK	199	0727b84d442379a6e435789a87852407deccaf1f6865bf474fb4d9d0a3c95ab2
s0127	SATIRIK	200	3e94a582b5a4385aa99394badb5455afb1b32cc7ad29dcf21843d99220c9da3c
s1221	SATIRIK	199	a71c1229198d08f2c60c1f88c3ceafff086baad08bb5dd6692f557ffb674d626
s0281	SATIRIK	197	2c503702473bfed0c6cfed454f85840d2cf48082852190d01ee684c563694404
s1030	SATIRIK	199	75f5f58e600509cfbfcbddf3aa86807ab7211de5a3ad6f1079a74bd2df1329cd
a3337	GERCEK	198	38b432154fbce1bc5ca202c755555fed86256859107f81ca9b9eddf112134811
s0601	SATIRIK	197	3d5d76e6a8ede4becbce4241379aa4efc4466008df63bd589857f0f02efa8d76
s1439	SATIRIK	198	bacb103e85c8d92aa6dbb0032eb4dc467ba4133cde7811aec02c47a41142d0d4
a2818	GERCEK	197	d7633af6609ad2a0aa40466434bd08ba3820ed79ca22a8776e067c4dfa714953
s1020	SATIRIK	190	e65677188eb82c74567ad38fe5c990d83ee9e8b578a671ed68cb65bb2db32405
a0916	GERCEK	199	09e93b701cab4ff2d3f046b72a64f36ecf2747e6773779169c6c1b64fbe51510
s0064	SATIRIK	199	cfe1b624bf9f9d2227b12fd986b7775ee4652e8856c3cabff22f0e53292bf001
a1435	GERCEK	195	6573492c908839ee78c00507b2727b451074773993f3c4c46e2edfbf75495028
a2105	GERCEK	193	e2e5802deb7f9336fa130a7840c2016c0671515e195fbdb1cacdc63da6f37cdc
a3056	GERCEK	197	8d143196df876bda507620603d7d3b1e87739330e96e03b771c0cca4b13f14d7
a2667	GERCEK	201	bd087cf11294592757fb1f1bda82e044ad4d4652b9e4cdb3a853f84b855ee67d
s0089	SATIRIK	194	b4e74ec0f1732b55761dd9b9a6f6faeebc323dd1e3f29c6ea999b19e26af21dc
s1947	SATIRIK	201	093dcfcd922b2367ed0c5ee41ea969deef9eb5d52b65130912c4369d0d5c109a
a2645	GERCEK	195	5d448e15891d8af374745a9c2cefc43dfcb2d4f70cdc440a8c2fb22ab96c3d45
s1774	SATIRIK	192	70036dfd665b47b3d41fd2a0cf6be427e38f0786a9fdc423bae889e1843a09ee
s0152	SATIRIK	201	c40cd918aadb8e1bcb8076b6617bc8740da84d4c32e94e30c4e4a75142eae433
a1898	GERCEK	198	5179470007846953d1eeeaa36d8a0d32e1e3165c98589676ad2f5caaa64f3e0e
a2121	GERCEK	195	1a7ed197506df2e7115c44bd8001477fe98603852853fd2b2707d8b88899b3a3
s0560	SATIRIK	194	1801e60459e049061a42a3b8898c8c2808248d9148ce0dd4ca4f0d9d6f655a2b
a1930	GERCEK	194	774f12f9d427e627cd5ab87fe05c5d4e27b27c0d97a32c701f4708692ac1be79
a3608	GERCEK	194	a53d98fee444c40e820c7aeeea8f694e9408024c7bad06609d34471f69eca007
a1187	GERCEK	193	46f485d3273916b9c0b21def49761cd49d60768b8be4d0874c7d435dc98a4b9e
a3909	GERCEK	198	6fe126cc30f75df51cf932c0fc5e287c7373528b0c7f46f02488a28dfc4e23f3
s0909	SATIRIK	199	ce09dd26e4a0716923508f4c30aea016afa0e902ee85197f0c8d16044af50854
a2605	GERCEK	195	85beb7e8bc4bfa5b5d38b566355fe332bc3eacc320e743f28341f1736e9650f7
a3341	GERCEK	199	d392fe2530fa1e69de786c05cae8e1cf1ff4b301b0fd03d14782032d8aa748eb
s0751	SATIRIK	201	260ddab709103993591a6fcd3d9dbe82f1ee0eeb3ff170ea35eec6bb02c7a936
s1727	SATIRIK	196	9fbe81979e1d2f1535f9ad0f53351667da22d8d56207a3c13796685dba9a5036
a3218	GERCEK	196	c173d14466e21fb8cd99c58447b7f8422f45c4fa1d334cc4a0fb4debd5ad1f16
s1165	SATIRIK	192	a5ef4e85435d103cb7cb2d61d4f882f592e52f6545846f510d4d1ed5a6569916
a0123	GERCEK	198	4c359b0589edeb81d6837f5dbb53ca0e4311158161c23a543bc8e4ad5481fea6
a4096	GERCEK	191	d146fcec301af47bb5eab248d482b01abe4c6cc9ff0a86c8ff8122240dcb7c59
a2327	GERCEK	200	23138f18a89e985c78040722595e9decec025692f43f4962970d1bfb67d3845d
s1805	SATIRIK	192	fdfbd7574a29e32247e43bda375eb5c30aa1c3ef185f2803f65236a638b3bcd2
a1730	GERCEK	199	a8010c70a6759f5c06cdf92cafb810bb9772b463ce8234820cd6887b88fe1a59
a0502	GERCEK	199	4438edca28707727c329bd5ea522cf2c358044e572b25b908a5b54a593fe8ced
a4008	GERCEK	201	7c4c39b44d9f20895ba3af71b075f5d556e3ddd6a58439baba43ebada2c54f8a
a0671	GERCEK	192	edcde7611983f97640fa283d016e1e667a198921d27bddaf7f40e3a0669665af
s0348	SATIRIK	197	cc5acb59c9f8bdf4383c2b5aa328e94bc2d1d9cb7e5cb1567ba29bb3d4abd8d5
s1697	SATIRIK	199	d3354c99cd0940b87b14aeecffbee397f32b91c85d8c06d1e322169dec6e7909
s1008	SATIRIK	200	e180fe330b9dea8c65a0c312744548945f04d1607b5c45de5fb7bf809c297849
s1381	SATIRIK	201	eca3ba4c005b95e1c072349a70931fd20290d95d3a59d209a93941922f8977e3
s2037	SATIRIK	195	3319bb61d9a964fcad0d2c2690486a9c1deb08e30f6fd02e60da895c65daae34
a4641	GERCEK	196	40c079d08c94fa2a9f87217bc21e072288ba02738bcb8ee26cceb5f8fc9ccbd4
a4622	GERCEK	200	29b4327dddc9dd0e224a1f90a2292da77ae26b59ae060361047c142f0b5aee60
a3109	GERCEK	191	3205238e33e63c76033f615fb5328e19b2b1b3de728b7c8979cdd193e3b5f92e
s1113	SATIRIK	188	4872b0189d8db772ce10745d46c8c19bd23274daef2bfab0faea7b8c041f7a13
s1400	SATIRIK	200	aae23197aa7f56ad49074c6198dccac9c9d1485c6a5d1ec945353b7e94a0fd26
s0181	SATIRIK	198	a1774c06e1abf99b1f6744c16bd90f3ee1e5408d43b2915c7483e38d8809df7f
a1193	GERCEK	197	ac8f54942806a64dc50e4109d5003a767f98619343c4ac5f3433b9e4e4d8bae0
s1168	SATIRIK	191	ce9dfcc7f6665f0133f736db9889cbbdc469692bd309c1524545a9d83ee602f4
s0698	SATIRIK	201	3254762760d80a103843cef7e535dfee4b3814a68ba801f18dc7b7282eb3e6a6
s2038	SATIRIK	200	6a7d8efb00d079cffc52a2012f13c09f095cffd180c53f04213e3a853d8b9cf1
s1148	SATIRIK	197	c94be069fce690514d6b9a3462a13762148b51e070e4d3b23ab2fbe60bffafbd
s0958	SATIRIK	195	54e63f07ba684b881657a121d752e8a88fbc5a0876ecaa907342798c4f47803b
a0120	GERCEK	201	4f8680992db0c9fac2d8194361b8426fa01f950aaadfe0d6094fd74966afc91a
s1485	SATIRIK	200	d996b2bffeb2b71e20ec046c7345e21139e0c3d15dc3159e3eb59cf8944d6d32
a3323	GERCEK	199	1b4d9cf0527cd14219978c42028b67f40d229b5d12a2593aebd7c6cbefbcafcb
a0495	GERCEK	201	625405c8664e092cf56dc833b78ba7de5539e8150e7a498ccab9ef55917c6bd3
a0713	GERCEK	197	e5d97a7dbe9a062b04cf69cf7d7efcb4625c4fbfe2cd1261bc617832e9ec440e
a0789	GERCEK	196	e962c1d0cd5e29e78eee85e7971c447c02eb49949aba8db6330108ce68fd787d
a2561	GERCEK	198	43194b0e40be5eca5e81d233bbdc292ed07864fb0021426f44a4285e2a8cd024
a4802	GERCEK	194	d1054c3b9225aa68f78db46739fe3d8f55cde40c07d5a81132f9dddfebebfe5b
s0379	SATIRIK	187	4295073ac03d844f898c85f7cc65ce581a39618727586503e5c46720f0faa778
s0178	SATIRIK	196	0b8c43d29983e034f7283673485651bb98cd2a3f156d17f677ee2bf227cf824c
a3524	GERCEK	194	48cc21e03d37853d950e411a80f6abbaf662b167f38bd9808902a473b658a7b4
s1903	SATIRIK	200	782f3ddddfc20634eafbcf24c038c12723828d172562917a056390e17da8519d
a3650	GERCEK	188	5c53abe69a6cd9c2625f40eca814933121f00acc5dc98b28411d6c5910df131d
a1120	GERCEK	198	972f9153bcf2924a819feab2b597b24221a0f0bf2901f24ee25c331aa668b3c6
a3263	GERCEK	195	966d3a3d700d303d5e7613e5f3c1901d6d4a4c110d2abf71c7eced57ed3317f0
s1718	SATIRIK	192	34e45532dc2fc99bdfecc3a1b81b2916bc2a72d0a00fdbc7d82395ab44d6fb2a
a1840	GERCEK	193	5f4b59100275a74fd3f936df019944d8af5bcc4258496c97f0dabd4afd6c5358
s2048	SATIRIK	200	4a7d0e1043e920c665d5b39b8737755e42a7d88d84d2e3c93b2a303bd96167de
s0827	SATIRIK	196	fc6570e837b455e1ce8890aa26bc0fea378e0e1ee41c2581083825410bb77be2
s0256	SATIRIK	196	f9689e9fabade250c9f0c7b9b2c2dfc8465868873a1db91639dc733a94e64d5c
a2589	GERCEK	190	2f808a14185c5e5b7a720b52d0b88d42cf8714d2b287093675c953ca595f81fb
a4029	GERCEK	194	c7c97cff749ac69aea23dc1367c1106a7bcb441494dcc31fe0504419e6d3c5f9
s1480	SATIRIK	201	58aadd2db7bd3b601f63e5cc75082bdd45471da11fa8628c40e59ff3488c0493
a3931	GERCEK	198	343ee5aa327a3796528de2922a2a7da16a40ef4fcb0a2d52626bcdb94c56fcdc
a1144	GERCEK	195	de525e959a3bb93a2e6fb01131dcfc824f0ae6e156406ed0c2e1c8dfca72841b
s2122	SATIRIK	194	7db9c0ded99371ddf63cfd8a14e6fb3da2358c9442e174dce7b43f2f3f292805
s0699	SATIRIK	199	78b5112e31ea7658d273319a13577a520d71e3cc77fd553a2c5865011e707f30
s2044	SATIRIK	198	09fffa11339482776eef79c736baa8060ab3760c90aa0671ef49a410357e1c23
s1026	SATIRIK	197	8fb618b3c493e36fd4e1c9544ebf52e657cbed4321bf88ec337c34fbd488e9f0
a0128	GERCEK	199	c25de537bc6b9941fe73db70f8aab1c292c08cc819cafb7fcea73c206727e43e
a4003	GERCEK	197	ec4a2db8318db02d51835e8fea80328f2749645ec52dccc5c30d5f17530b7955
a1112	GERCEK	195	85f6ae3fd2f6c74cfc89f96c0896800d7291921d5b94f9bcc6bc85b738167b8b
a3499	GERCEK	197	2b318f3ccb72c1024d0b9e305af9b211808842ff55da0417a9548245229b8323
s0776	SATIRIK	201	f0f6d0e5a2a3df029a854d1cc1d07b33763b90e4c7ef8dd204aa3cf0021516f0
a2480	GERCEK	197	18f366af48411726478c641a4326eda6ef3dbf3fc274cf95ecf66c528a85e19c
a1375	GERCEK	195	ccb83e959075b280e9052e0126e6c48f5e790bfe77a3de6b28cbd3b5ce43dc3a
a0692	GERCEK	196	77d481ad64e28808daa5d9540084fc6d71c7c0634206e7217f2d9ec1f589b246
s1939	SATIRIK	198	e512b50cacf570c3b4c937b5ef81c913c0e40cb0ed5120c070d3099d08cccfb8
a4206	GERCEK	201	6ce7d92f083827225ff2eb63b62bb5cc3b52c03a87986dad4af33ef4925beeb5
a2727	GERCEK	196	48e9d7519b1a2760cac89dfa7527d1a41b807c0f777c0cc4c2dcf09c844a3aa8
s0107	SATIRIK	197	769534f394a94d3345006efda083878f8a366dad3139c492a60f1f1788c790f3
a4478	GERCEK	198	e9f0b46b1c7ed86347eb2f315f0a3832b5895cbce1ba05570933d6b968dc2ba9
a3655	GERCEK	198	0cecc73848b615cee755e0f413b85084635eb1ce6f801d71a0fb3b08d0c88ae1
a4629	GERCEK	197	c6abb242c2e504f621568ed345fade1851450fe2e423d530eb1ed0946d1fe5e8
s1892	SATIRIK	196	ff522deb0b9deb7292e9d52e236dd4a813f83260be17206c22b90d31cfd90559
s0025	SATIRIK	198	0a17ee9923c9448426f09f48b8e64d7f9f456e445bc3c943e25dc497dcdbd7f6
s0893	SATIRIK	195	eb36c3a6f903f938319588d82ff9e692c0162f1f706c08e8df4ab636b9706a0e
s1452	SATIRIK	201	f8549b49506f4294cd7483d74cd8cb0b8bfc5213093d8d30ea9a294a6c330763
a1162	GERCEK	200	b8f66e37a942d1a0d93d96baaf4360d7b0a7a57b2a845302c389f3717ff637d0
s0681	SATIRIK	198	798f667a9832e9ab6d58f75ab788f66ba12ac70b6c06d48209ba30830c8c94b6
s0714	SATIRIK	201	68ccd5b7042d4c2de92bb6a6344cc69dac5ce77ef8e71bd71df13d9ef80aeb69
s1539	SATIRIK	197	505bab122e2975a9869a8c9f307719de66bec289e9549dbf8abda910a84510e9
a3974	GERCEK	197	2333b561eed1a32024848ea6873791118e913e25b757349293ce880ae8ed1ae2
s1678	SATIRIK	194	f4dd4a4b56d6f2c185f4e24be9439c6ffdbe96d6151c69e6f29816fa29fe8910
a1274	GERCEK	201	0b1a0313f3d33d9eb3f77d86c2074013e0963066cb8c00fb47212051e889fb87
s2159	SATIRIK	191	099450ed8ac0c41a33c6d03f8e868d261b25cebb9401d020296460df09634ec3
s1125	SATIRIK	200	8e1c387bc8bdc505f0f6e79efcaea7dc8e67885e78e693c7f7202260d5ebed3d
s0522	SATIRIK	198	c070d24a5339cfd3823ac444388b9a86c1a4c332ad576caad4046c3b7e759974
s1599	SATIRIK	196	449d4026c53c5aeb854f6c2d2fedff7c7fb6aa7a4078500f8d5dd80fc37c9351
s1396	SATIRIK	201	3712096c37e91c97fbe868fcda73cad7b2056e2f8915a2f6d5f9c2357b9bcc48
s1726	SATIRIK	201	f790cb72c0210875c3960bcc728fd138b37227c8df535335c238385d49e1ca90
s0713	SATIRIK	199	983787186215070952776d55abd234a110fb0a6d6ac16b3cab0a06dc44bbeaa0
s0685	SATIRIK	197	215b1c0f3d7736dc0baee98ad681e286dcf5e9875d85000eed1fc602a68b287e
a0980	GERCEK	198	55e658750161e75c2c7196a5530f1b0b72c59a14218d3e448c542a1345679c0a
a4680	GERCEK	195	04416daa0e1e0a4c6ff2d0c1d76911efc08c48fbddcf2406ac643654d5e24b80
a4662	GERCEK	198	3103e4fd692186eebeb00f44dc94adf88a073d67c93090a1362b5e201cb9db33
a0952	GERCEK	195	fb254b719d5d3a6594a693f4a9f95dd1cc7ceacda12b9493998aca128ee95d73
a2923	GERCEK	196	bce724d92e608c89431e5c4e925599dd3889aa9e6d2542d08ca66fe60b273db3
a2498	GERCEK	196	4d21d970ccdf3e1cfa1750abd83af0d2247755e96e340034438ccd597ab6fc04
s2125	SATIRIK	197	f2f0a2f35710d45d2efa9a952d15aa3b0f88dc5234577102de8421f3555efb4f
a0309	GERCEK	196	9b8d7a3bc4cdf1b00d43ad178efceb67b59a7d1f21265ed9dd60769c02d570f6
a1572	GERCEK	195	86814c3a22272b3307331f0c2e6bd4aaf64c0057adc13f4196f8fcb9eaca9803
a1804	GERCEK	192	bdad3a4487e32117948e7e2d827b1e302866664e7769314658f468cd0e428a3d
s1886	SATIRIK	191	154d754f6cae78c72e0bd3ec6e87f71d8cd21ac1c32185b61083effb9f68ee1a
s0354	SATIRIK	198	16869bdbfe16b222203902c7aac3c9adb705f9a118584a9d2e7438f0ac35a15a
s1167	SATIRIK	197	abf040f3a5d960d0b060ae3588cc282d833497bed9877861ac42a349dc3aa834
a3793	GERCEK	198	48fd17a94545136aeb61a72ea10638ac91b7fe92b7864f557133b369645efaf7
s0644	SATIRIK	200	165576cf2a9299d6eb8d3855da542f69eb96ece1518874bd68b442dd46ee3559
a2471	GERCEK	199	31b84eb9765b76c014653eda39834b06cb827bd884b1ee497c33cb1636b15aea
a1220	GERCEK	199	afad01f0c4a4a39a6c888d130f06fdad55e26bd53a8157567f0ab1a8ae51cc29
s0902	SATIRIK	193	c4004fe7a5e7957d391925a0bc2ce0eb4e2cc61888b39afd904514364c8c59b4
s0208	SATIRIK	193	1821f0337a09d0621bf1b311f0374de56b709475898f5facfe315674638f259d
s1897	SATIRIK	201	d3f40570668209d7fcc30e706dc3c24ca2a2f25aa9bf4b9faaafa3bab080b0ea
s1159	SATIRIK	194	be7d444bf816bc24a179da5779f0b2426c168704191c64fe5a6b7c646b83f83b
s0850	SATIRIK	198	13fc79eb88d8fba2d977b9111ffb4681b73fa4735226ac4f00b5342b4cda3de4
s0558	SATIRIK	194	a9b1b15a075a0a032a13796eaf4f4f8d80c6d75bf377bd2844336a09a49b54b8
a1580	GERCEK	200	9dfed97b4098541c69863bd732f003a84c5e13377574474d57e069e83181819b
a2414	GERCEK	199	8723b33a96d0ad87a61c0c02aa5c1ebaf7911cfa0fa4ef197562766eb196c995
a2458	GERCEK	201	dd2779b7d454a6da6bafb0e6622a2dc3a79d5d6a7c3d29c9154affa6c405f5ad
a0334	GERCEK	194	896d8b0fbeae1dea539d57b30cd2974ca1d52d137114a5e38ff2f84f4bce3007
s0156	SATIRIK	194	6c34df630ba3771178c0b65a6e3b91c8ba7b1c798ea06dcc46b7e6aeddaa4e69
a4806	GERCEK	200	4111cc1858fb617778afa09f3a817105bb63537460aa56a59b7d312186f468ee
s0979	SATIRIK	198	859301be83febf65af9e1ed6cf6339f67797ef60444d09c92651603ebb28f015
a2118	GERCEK	200	d0782c9afdcba48e49250a88fc02d67b619c1d2b41245ca07534bd80d9d02112
s1316	SATIRIK	201	eebfa9c81dc60659973ef2196e54a959d6683b1079c2586d72230ce7b1c76def
s1558	SATIRIK	194	272feb7aff6609f8f5e05bbde3b1e43ee4f7a896b4dfac981fe6f171af810e28
s0188	SATIRIK	194	ac11a77b2711939a760fa3a71621729830c01ef09a0cc596d529d610327edec7
a4262	GERCEK	196	aa979e472de5749812982d9062c815dca17512fbca92ee95d4c86f4f64ab1c6a
s0933	SATIRIK	194	cd991339ea47e64462e8164e8da74ead26334017642edea9fd2d739d5a070658
s0077	SATIRIK	193	0065c2c18d85b4d29e641bb2cd60c70ff21c05578b73eb6d22913e1d3d3ec457
a4234	GERCEK	197	86e4497b6768613f70704c81391f90bdd8a4c84922f72340d049869ce0aa8bc0
s1223	SATIRIK	197	f2126566df59cb61609751cd2942179755965149f3501bfebb7ae0c12b3460c0
a4834	GERCEK	201	ed461ccf61c31a09eccbe3e6829a93345eeb9d818362ca0a669ae0f7c4780417
a2558	GERCEK	197	c55af4b3b6b3e7e01ddc5b76e1ee5fac949e7cc4a57645d3195f0de724151fa6
s0746	SATIRIK	194	c67017780f8da31600d2d57e0109f2938e84cca6f2fa7fee9f15a286c5aed568
a4066	GERCEK	199	2af055c15b5ce9dfb938b2639b92156d5e9fbba306535be08a0c248734e9713d
a3484	GERCEK	196	cbcfa6d2314970d6afb012050e72713b02cd346413d14db5744302a87bf7fb27
a0698	GERCEK	197	0c882f1d924cea4ea898906d558e97a963152d65131fffc3d67c020cfe74e913
s0966	SATIRIK	199	e2a20ce4249f0a83a07775ff9b8fcef7596ad153aa6469523411c464d5161d06
s0470	SATIRIK	197	60b6204c35bfa8c37a0812cdca755cb4b6c7bbc29ad020602d73aada91f6dd3b
a3680	GERCEK	194	6610719edabf1133beb3bcdbc5c1bd143c41ffe14f13fbfbf39e9ff70385af27
a2406	GERCEK	195	ee6207eac199539f19f894e71da851c4f265f58d72a46878ded1780fa6907ef7
a0969	GERCEK	199	67bd00bd98f4993594f3bd55c2a375bdb49ab8e5c60e42f7a299b634de084a52
a3907	GERCEK	111	bf9702ea5015817a1d0c41900aa4be020d49c287734e8a20c87915bdeef8a8c1
s1848	SATIRIK	199	7a6dc5132a47f0149d6ccf3628940f60ea2beb2bd29b9950bf9f3ca71574efb3
a2268	GERCEK	197	9e30e00682d5d3f915a6b6b51b59c5b3efac96480a604a9bacbb3a17aba8d43f
a4269	GERCEK	200	7a3c5f8d1fb920a7ee6961dd1618b6c40520a7cc383eb67386382fdf1153c3e9
s0526	SATIRIK	196	1ef2dee875592021af3442d116933567ae1ed569a92ed0ea0d11662f828f964c
s0667	SATIRIK	199	38a9d1acfc5c91064f41d13b5aeb00987dd02861f88ae6e790a5677a98f0573e
s0125	SATIRIK	193	3d88c0a3a689d5783d3ccdfb51e4f257708a48efd80f84accdb0f953469ea47c
a3966	GERCEK	194	bbc03820e7ab4a89609c82e3b9cb02409331f52248ff8a51180c285fec5695b7
a4197	GERCEK	196	5538c1b9748757cdde0dbc4566c57879434bc088b1592d5e3e5c58b98844b87d
s1337	SATIRIK	195	2d9ff00b8a949f8dfffff05476d7363fc04c1d2796e5a6f9f58ca8687b8e9b91
s0654	SATIRIK	200	fe8f69ebb9c472d6ef2b8335dbacae5f1f7bc3e3a673f7de1a0791ec990d3c3d
s0568	SATIRIK	194	dd8fb992addfa47ad23f34d0b90409266c5c675dd229788a6b09f8db74a82472
s1475	SATIRIK	199	802f6cdbb0d9a66a9da8b618e6abd74dfaa54356483edbf2dd0c4d4382d6e74c
a3922	GERCEK	199	136b39a84f797e9e20a7b88a3ffe36553c5e8f9eccff26133524f281bc00dd76
a3583	GERCEK	201	a4718e53d10a3121033193f612acc5a4bc72bd736a78692bf63547989fb3bff2
a4194	GERCEK	190	bc4259533edc61ea822ae3359a87ffd53d2c13e9a6ed2b43675809b9341ef047
s1689	SATIRIK	201	1ba501d45401fe325627b0659f5a6f1a7c79e5d4db6a3a987d6f57d8c021a65d
s1732	SATIRIK	201	fd711fcd46d5dd81b2d4c9bd01ddf3513a391dc10f6de9b106575545d6a303c4
a4421	GERCEK	201	00da05bd429d317e69e42f29aad7425de8e0691db667afb4c661efb4a4c984c7
s2162	SATIRIK	196	521089c7ecf10b2a004a478fabff4f90826ea812d48140748c0b6ff8af9acc93
s0189	SATIRIK	201	cd39b06e672967d828a993dfbdfe84242739463bf352e690e548e3ff8868b5fa
s0040	SATIRIK	198	29c4a5696d3708994673958606570620eab4ec6c259f35ff1fc19c8c91e67612
s1816	SATIRIK	197	93fdc58e73096326fc9965a9ee08d901e1a3b502acdb2ecbbc6646b9ca53291c
s0345	SATIRIK	196	838143872b04ad00fad2952003b90af1a6b99896502a9ac4b5878aa41fd24fa1
s1050	SATIRIK	200	c26f1aa8f93f068b5debb3155236b97a4515e10748f8a1244b47b01630cd619b
s1380	SATIRIK	195	40c3b920e97d1c1719a6b232ffc83a9f324233a79d1f1cd3441cff7a73e2645d
s0744	SATIRIK	195	5bcb2b3c0acd5235e5e7405c64f100dc10095996cc26fed45de80ea5149e528e
a1879	GERCEK	195	3e5e79e35a8d147c5fde0af431b8db8520cc3acc36373e1b8f73668fee5aac3e
s0537	SATIRIK	195	a45b9bd5ab8a514abaf2e9fe0fa6b94e26455c76e44e912fca05e800b3a5a011
a4162	GERCEK	193	5c86855efc557f8848cc0a2f5ff76fdbefb01f4c3e46adcc7806717dc22031e6
a3628	GERCEK	199	c179c637206dc6143b210b1999be3ce9113e15ca622682417030e36f64c7447b
a3900	GERCEK	201	6f032162290fc8c60de387d1cbf5591bc239e471456669d2e0f3cedd7f102c65
a2191	GERCEK	198	83688472951437ac7c91096ff527eb51541f067d355ce0cf87a9e89c8dc9b54b
s0044	SATIRIK	201	e7cdf9e9649c5b7d4b83b144a2421c796deff32865584fbf57f0ab709e563830
s1024	SATIRIK	198	9c10beef344ca9566032fcbfba2f05890c9085c7263aaac6a55464aafef2f9c4
s0633	SATIRIK	198	ccc78589a9282bdc8e7264799136a2ca391304ef69a03b8000484b0f7639dd8b
a0973	GERCEK	200	a73da224a7a0bf818394c09ae07cf4fcc651f5a141d19c2b144b5c842ad14ce8
a1175	GERCEK	198	46d7588c751be4ad515d536242c86f388f303700737c50c035b9cc3266b7d439
s0939	SATIRIK	198	68cf8d31829c6570f18f42b2a330437239d28c6fa9a7a971db4bc473f4a4be78
s1679	SATIRIK	198	4f95b08695a00d7a5edefb8bf0a8fc1d138afced09331937d4c1f4b8e0f783a3
s0976	SATIRIK	197	4d67b694d86b97122d08013a35dc6b33d0f50322ba80dad3f306b742bab6fa57
s1056	SATIRIK	197	7a047f82e010dbd90177b61172ed198949418fd979f0c0a9ae01b738b0cf046a
s1245	SATIRIK	193	08cf49a892cec276145469224afeec7d8a227373549f5796e44551c429b37eb3
a0844	GERCEK	199	f5c5265663c4df32869f3f72747fac67e90a1c5320dec08018df8b8ef4faba2d
s1577	SATIRIK	201	21e57c596bd90c9d9d095bf024b1f35fd1a4a88cd9d0ffed574da26b6bf19a64
a4434	GERCEK	194	b4ef016654f822b421b50475c995304691024966ac46085ce0a465b61515630e
s1123	SATIRIK	197	98e205fd33d0bbde20279b8fb6b68c80a896bef6f4f506edb73a4d2d096d5ecd
s0993	SATIRIK	191	a5602d2c970d96202c93a1223bcecd4ccd81aa769b426aca10116a094ec2f841
s1279	SATIRIK	196	1cb509bc1f80ca460253c218fc6b22c049539f54a26bcf026f11e45bd7ffa326
a1226	GERCEK	199	a462bc513ca045012cf3a1165cf7497c2a702ec93e5773f21fe01c95c4eab371
s1215	SATIRIK	192	852c68fa496b0e10924ae080c5e23d1a2ae7979e21d8593a0fe5987bda08b1a5
s2164	SATIRIK	196	34c32236a1492b6e659d41bcd4471bebec84b922ed416b7a2372957386993134
a1003	GERCEK	193	fd16e71f90b3042cca61bbca9efa4ab77f37964f51d2e530dbaa092e3ec863b0
s1371	SATIRIK	200	b54a1dca1c709a76e66f3ab599879ebbd6ead7e3f2bdc80ea0f7755400541f49
a3474	GERCEK	197	0cab30c0475e879734ec6900d81835c0f27093108202039e79c8e1086857c7dc
s0059	SATIRIK	192	dbb36cc03617065b01619d9be80ed6f549448e31bb2364d8997dcf0cb4b2e8c7
s1220	SATIRIK	198	f394c0c05383b62d1671ca96d78adf649d4c01be82302212fcfcecba279d20c7
s0114	SATIRIK	201	a1794e56f6d6354b8eaf2f71b7681be206096e6513384b3edff91f9f883b4366
s0277	SATIRIK	200	71e4eb5a7036bf16e7aebd47659dd55feab5158caf1ccb3b20acfd33dcc7392a
a3692	GERCEK	197	18c8d083c179420ed31e08d9edb069a057cccd64c07c5dba3c9fc9bbeda92aa0
a3155	GERCEK	187	d89eefe520a5e504b13e26e6a0caab947fd6e6ad0f132f07c960b100ac1235f2
a3437	GERCEK	200	cabaef4af4ef0512c7237e1c75fa0ba6510fcb1287a041cf103ba04d047dc17c
a1362	GERCEK	200	b667c0bea02908123243394b42f562b484383fe87abdca0c6ed6de97276c1db7
a2652	GERCEK	199	0163761d173648589fa5caa1a8056c1e5664d62ad7bade1f272f2ee385950c18
a4532	GERCEK	199	600559740647af04d920ba06adc218a31a5868cd51341417dc4543183e3bb7fa
a2636	GERCEK	198	fd3187f4954db1f962734bffee7e68ba156e261f948a1499916bf66abf546930
s0643	SATIRIK	199	db168bf74f6c71a351dec5e3f8c8c2fe49ad0f1d4dc42aad38c0d9ae5eb877b5
a2626	GERCEK	196	95489eaf9aafa20c019e1548fd64dc1fee5e3acf39ff8d424ae8eda6a03575ee
s0994	SATIRIK	199	2da4d6ee0c0f669bd7d377a0a48cfe8475b541f1bd01ce0e69fea7fd9089b56b
s2135	SATIRIK	193	9a847732893a865226cb924d26c57df5feca2eb14bcd3564979cf2770e1f2453
s0692	SATIRIK	199	3ac38147baa6eed8dac4fc69f4411f10b6307301a8e96e476ebef99a51a5e285
a2381	GERCEK	191	ad8271210c5b5d277cbf884eb7670f5bb0c22fb5ed631a5163673720c87c51c5
s1652	SATIRIK	199	2e9fc2cc05102077b36194c50a9041baa6fed174d24e554fda656e24703f9bf5
s0068	SATIRIK	187	13d2ef21aa31933818a14c968f3f576ddf55b9b78d3ecdeeb09e054a662eeb25
s1790	SATIRIK	197	4f70ba34837ddee631d107388713c83078550d67c3eab077ad44cf02f8e05c1c
s1049	SATIRIK	191	22f124fb0b8150ae59187527bd39144d97e15e4a1215b15ef04181a2c6f826bc
a3174	GERCEK	195	c57cb540f1d63a93fe6ecb5b39ae5cf0f5083007bf2880c139db2ee987305d61
s1553	SATIRIK	199	9c28fc7f3e0845988dad4e2b27cbd12cda606b450ff5f228a53e2ccb37a05fd5
s0139	SATIRIK	199	8bf2887e299a8e591a424746fe1c8099d4e08f61d69137838d87ed43b3752413
s1769	SATIRIK	197	fc9a0d4b6894692197896ca5d0b499b2b1d07c23bde68abd50926166bf5b3e73
s0665	SATIRIK	192	dd8ea129504e903296fd76d575ca1743b68042c79363ec20f11be6f6e64ca5af
s0038	SATIRIK	195	7f0d60a292ba32f3f613e920d18f92ca21374943f7dea3a6023b463dbd7bd4d9
s2115	SATIRIK	198	d3ff2a5f474bf2870af9b647a55ca6a249c480eda39a1bbcae79936a334930d2
a3414	GERCEK	197	1e5d7ebd0fc9b955f854f9f2dbfe216eaa34caf385fe274247a604c455c0d219
a4397	GERCEK	201	f5575645f75ac2d401ed13221b9bf06b63788724a3f3016147fb4ac588d537ab
a0225	GERCEK	198	ceacff3fbc50b42bceb2b7a48dc7d3c2d0badd5662bc2dd20d4fae178adc92a7
s0005	SATIRIK	196	15c30adc1073f5eb58811b3b9978ff547a7238d2142774e0367da43c1f39fe7f
s0052	SATIRIK	199	6a03baa62b9c2cf990d0461ef3be31afd390f44c3d5a33698b3ae35ea170d29d
s1463	SATIRIK	197	5ccd4ae88a27a8085f2995a32bc83498187a3d7afafc3f9d3bc5941f7cbc3d20
a4018	GERCEK	194	da59c9f8b59cfdea7cbac462ed80663c46c65ff0f08118edae30aa989cec83e1
a0669	GERCEK	195	17a0d3f3ed6867d5639143a9426edc6d8b8416998af4c0c1e1d4f927c711c26d
a1346	GERCEK	194	5e552f92de746e3f316627284c74033580cc64a67a59fe5a8b67d291b3092955
a2686	GERCEK	197	8e81850796690af8f56850675287b63bb0fe12674eeca7c1aa97fb2188bf1d19
a1070	GERCEK	200	3a72c95274bcfbc016093c98b9b4dcebab6f451c707be725079fe444591f35df
s1318	SATIRIK	194	3fb508c93c469bdb040d3c3d98d622f50aff54a40d45a9a62c2f0034197d895b
a4542	GERCEK	200	c690be2610cfceb44eb2a76e006b4fbd720ab1640a77a6df9d93309c20ecde45
s1047	SATIRIK	194	bed09cb2f20fd5ba6563fbbeca04203cd1c62476a14e23bd859098b8b451bc5b
a3721	GERCEK	199	390f4a9c494296eabcdd1954afc12fb8a2755268f15326028f4198c11f0e2fa7
s1579	SATIRIK	198	0578d53a493c2e6a3100bfe8afb1b914b39a7aa45a5332846fe04da29401c6ad
a3426	GERCEK	201	d35271056bb7b1bd0b536cd4a5bc10a0e4f4fbcc45664bf9cfa0e1ce7dd903a7
s1731	SATIRIK	200	d741c0a3ecc3e7716d5993c633b4f0d111ab4c38af038c1134eb7e0c1d22040c
a3690	GERCEK	201	22a4a3aef2298505b7e6f77925b0eae5bcc8c3d79be3ad011cfb707c18f1f3a9
s0126	SATIRIK	195	120a2910df4d197a2a0d132b559096b4fb223eec15d6fd7e7fee79c0ebef7f39
s0462	SATIRIK	198	07e78bbc841f30cc36a8d1e7ee1d6292fd9969e2656b134fbdf300dcb6cfe9b2
a3451	GERCEK	199	0652161fd80cc093f616a23a7facf66d0206a58687d825578e0b7c4daa9c7f00
s1852	SATIRIK	201	e578a8e839be641186f68e110c88b658df8ddc9942c45aa2c5d893750099556b
s0187	SATIRIK	201	e9dcf2eae75199b649679ada3e8def9a9ab5b9cb0a13c969c996626875a54dc3
a1539	GERCEK	198	fb010caf25bba88d056f615dfa3292f44b31fc78c620809e50512be55993b2e5
a1500	GERCEK	197	04bdde098104a0d5a78d3ccf3ad72dbd568aadf9a9b2cf94a8e2bb22de211092
s1676	SATIRIK	197	0a26707a655b85b520081bbb06ba80ef335503aefc710f989e04aace132eb868
a1325	GERCEK	199	7d1a4e0de31c5f347e35b18e0ff940ed61f662d49edcc05c147aa6b2af751882
a1282	GERCEK	193	8e588cc986d00a9e51deedbcac2efc974bdcff71179fd02486b2927b8ce516df
s2093	SATIRIK	195	87de56f654e2df430e6c3a48778a2d80e4c9235cfbfdc0842e4a8b23e211a01c
s1781	SATIRIK	198	3ad49d3f569a8b030176e6770d15a5fcae755086a4be236107c6ab3fed221a2b
a1047	GERCEK	200	b86c69dad1518cf679b0dbff85fb0add2d4c06a5d24ddba963c81ea97b4217a5
s0758	SATIRIK	200	fc2e739b6cb2fb217e37c9c81f6525be42d8748f5077ada794d1132b29eb6786
a2227	GERCEK	195	493f3c424c84b8ad0f57349b17682773747b9d7cfe85b69175090ebb3920a07b
a2241	GERCEK	198	7403302a8e9225ab760301fbf4b68edc135469d49d960600aad7212b74d04a12
s0516	SATIRIK	201	83bf5ffbf1cede805e95b385ca6009baa25191479978ecfcf3a0bcde72bfe20e
a1320	GERCEK	193	a1714b889ce6a124b801974cd3a3c1fd07d533dc655a56e7bef5723ff33ffaf8
a3648	GERCEK	201	a585fc8b026af8d08bc5ea1346797a0aa639cc093776b510f4918574960e8799
s1010	SATIRIK	201	92e81870a8d7310cd0636183cb19884d0ebe985adc2a4c90ee7fd5f4bfb3ff68
s1995	SATIRIK	199	42978680cafcedbaab54f49ae76918aceb3f8caeaaeefe7b97772700443032d6
s1744	SATIRIK	196	18903ebd451ea2b1c99ee96921340213a09096f5ee1990ea099c462847d0746b
a4133	GERCEK	198	aef5e88615da28cd3087c4394742de058e8e608463c634244a8b83960aaa4cff
s1500	SATIRIK	197	45195f8baab9d40687af8d76333dd7f30712ab75ebbca7aa3f006cc4ddcbd470
s2082	SATIRIK	200	b0a2823810f27bdbca91ee0ddeb73e32c0c72c4290bbd66e288fb12df22e67b7
s1552	SATIRIK	194	f1b39720c96527d4a16995b91617168315f68bb4899ff35c476d182fb7e0937d
a1259	GERCEK	197	b48cbef854e2eba0e72b5483e603d493993d4a05b072b8ef7823321d0ff5495b
a2975	GERCEK	192	b1d104bb1a149c24f849392002afe69a525493e7bc5947f2efc2c28eacc72fb7
s0648	SATIRIK	198	6dd293bdec02af3363786f1d2e3a1499ddec69e4037f4cdbf2997cf9f027a2ff
s1668	SATIRIK	196	bbae58bfb6d58c6f94bbe315e5f6648a8329acc72064af8fa5b6227e0a4bb423
s0512	SATIRIK	195	57b6ca408d08e2b443ed584e2514071eb53cf110b2957a08a672e77269eaecbe
s1253	SATIRIK	199	53833091ab0f6e474a728d00f9110444e0f70efdfd96c2d691414397599ed9a0
a3797	GERCEK	194	97141d993405cfdb8acf288b6fc14b0c5c4e962f3e72142cc98f12609eb3d682
a3860	GERCEK	197	44e2616af97eee124027eb8bf7953017559ee118f77d6b9b1b5237df6eb621c2
s0598	SATIRIK	201	e0ba3f580bedd16f932b8994ad5f9c7637262e6676631fc9e3d3bf789bbe7eb9
s1999	SATIRIK	196	23b7d50326c0e5da0befe58c8adaeddddb6bb66199a7d682404f2c2ce71f586d
s0154	SATIRIK	195	e9dbfc63e538e28d452fe10cdd4268f85a7593e0e90b77ac9518d9d03140c956
a2174	GERCEK	193	ad3898ffc6a865606c16ae6cf0f43604704faacbfbb2e0d652867118b71cfce2
s0180	SATIRIK	192	63c25e21b87f017d0769ea70a7cd9c6cf202617017b6efeb4761d2570e0922d6
a1908	GERCEK	200	ad2a5a865fa4ba5d640c3d3ba86b47a398581dbe8cfd4fdb59e41750532ed10e
a1831	GERCEK	197	c832bd055db00d2002d5fb5ff6e59b88e623d558a1188e12871441f3839a6630
a1188	GERCEK	198	70e87eeb819b7b39b0eef37ca67c26ff55010b773fdc3640f3eea92b39fe5218
a3805	GERCEK	197	0e08908b6af63cb87c6856746ed8956ab50ea21213abf36bbb6fb12d7453067b
s1527	SATIRIK	200	4d7e7897f74540c8a97db619001de2fcc7a7084e2d31539192a2ec7ef286e29e
a1050	GERCEK	196	9802d0fde865a654efff169b628e5bf5b34ae7ae3dd830c5abb1f389ee4db5e0
s1070	SATIRIK	199	b1882ee4154ff0d6c4108ad6383d40caecd27caac9b28aef7f7e7771a64e4478
a1920	GERCEK	197	efc46f67fceaba0275211928b4c55d6c4de97b73fbe269dca616519b1c8e9fd6
s0061	SATIRIK	199	c821f125b8116472732e676ce1bc83019d6be2094134a442e60980f2029e2944
a4800	GERCEK	198	aea6193dc446bf94be3aed25247e1df8676500cae74b6b00fc540746765c3a59
s1543	SATIRIK	197	5258bfa4bea8280c408fd6485b2b4f43900a2ba9b5660dcfa91d1bb24f562e6b
s1265	SATIRIK	199	2d7d295ead16c10455dc7a0fe997e3090900e63c79f4156775361f54d1d8b006
s0478	SATIRIK	195	ccd00d2a62c32e8213da647dc9a14de4d7b38ca7d1c4d7ddd47c2a42e100365b
a2416	GERCEK	196	6c6788fc4da3a3cff513516f86b55cff2a9bbbcdb48c202f16dc6bd7221695cf
a2891	GERCEK	196	dee068368c39be550d46714f1d9b1f2aff6d7b9284a5b57c92c6e2dd1ecfe357
s0910	SATIRIK	198	7df51bcc6516c2be763c7b4f3d2c8a3015d72f3e54662e21857e2c7855e51702
a2254	GERCEK	195	9bda4e7a4004822c47447f4a41e779137ee7e42805d4fc987d149836c9818b22
s1968	SATIRIK	196	9261b585a75919459b280a4bb45e320b003d6a61ce24166276096d126d847a2f
s1051	SATIRIK	193	8ec4d63e44171d3229a29146f94979a65c638116e7b1e2a796e141b37dd13d39
a3695	GERCEK	190	3ffe90ee24193fd13f64d6e18a1dd4ab551f903897c7a8f5f66a659f64a47768
s1590	SATIRIK	201	568cdd85298de54e86d1acfe5a4adc8daecfec5ca6d035950f3b2e1a5c05844e
a3389	GERCEK	193	eb78a042afbeeb3c7799420ac9c419f26be734ed9dfb81a24754f98667479cc9
a2743	GERCEK	199	05cda4be74db57ab0e8a9a30f2990c36a1a4957d2567f21e2efab9d944b55779
a4735	GERCEK	197	954e14448b4ceaa4a2043a0160e0e20e257afbb37dba75e393032748af28558b
s1961	SATIRIK	196	ab287d68426dfa4498fd4e4f703e8655276fcf9a3d4be4c5c39b3060d48c1672
a1892	GERCEK	200	481bf11fb6e39ecaffb443ea5efadf9727a8f14145f4b306540b3f6cd1a96eee
a3236	GERCEK	181	e35ea982e0b28e016e65cd0d2b816e3595ba4d44165f27676d45f160ef807e5e
s0970	SATIRIK	191	8c9dcc57dc53543997bb798fbbee0870a80ca8d0088a80afc1c387a60afb2658
s0258	SATIRIK	195	283e1e3df369e91d11fdc00c3b7e79845eb6dfd1a6b39e1664b2a8e592799dcb
s0134	SATIRIK	192	ac230eb057cdbf4c7c2569c01e63ff98fd50661eca0766474cadcd15b9d95f75
s1967	SATIRIK	200	47cd2030b1be27978902e712e4f6d40ac6c6b901563ca6e9615f4234c108f405
a2208	GERCEK	193	68d6bef39ea78133c13aaeb002204d771a01265d31e5529c99cf8d9821fdba20
a0920	GERCEK	197	8c5ac3c6eb4776cf6b450b775837df8ac2b8aea43a1df47cbf8d04893196e66b
s0212	SATIRIK	196	d3372fa6b7ea429936cf2028e692d183e068830034297c90ea16566546e3842b
a2755	GERCEK	198	17e1b346f0010f512fa9090949fe4886ed474e0b4ea3d181fe07d89a75ada861
a2447	GERCEK	200	15874d0e68b911b88a842aa05c3f64f663b57334c4833f47a1e5e531fcc0d201
s0855	SATIRIK	196	c257814d1d549891099f61ce3bb4b03307c5dde99c5e6beced4ec5104c292e5d
a2249	GERCEK	194	1ce8eb2dd5043dd763cccfdde3b423d46c4ba021d3cecf3e21f46346f38c1647
s1189	SATIRIK	193	c244e457eb78f5a2305361aa11e07cc28f62a91112740ddc8fd5d15a5789cf1b
a3806	GERCEK	195	24bc4925f56a1905d81a64d43ec83ce27e80317fca52b47bb504f9aef312fcd8
s0371	SATIRIK	196	feece08c4aac0c2deab8e08dd8edcb7885be30b2926962ec7e1c63717412efe0
a2559	GERCEK	194	f535c2edd63e0419baf942d964d0c66e8ea77ebc016020afcf58c43666026c98
a1959	GERCEK	187	cc9752241e8576865c311b89d26a1dd98eeb5e2a10acab5c27a2c69238fbb0bb
a2139	GERCEK	198	91991116507ccc23e27a2ab9ae77cd6bfc9b6ca1034b101618e103c925b68f64
a3613	GERCEK	199	30788684f697102f799d88e32d66d6aa554cde80cc4256eebf6f443abe0334f7
s1601	SATIRIK	200	a0e7afe7cdc61728c340918290284406cde49c16f5e0476d8a291a94b03c7c03
s0900	SATIRIK	199	8d83e9a92fdcbe03f292fb742c3842f86e3020fc9d02426f709557e88a18f6c7
s1623	SATIRIK	200	851ae056db32ca18ffc94c1b9286202b50ff9fc957f6527833664da634c4a2e0
s0209	SATIRIK	197	55586e334ac7757cf5d5528d4e2c50c66430955d09ffe22af49478883d6774de
a1429	GERCEK	201	eb5fa491d0ccf00b3722e1ba08c7ddeb04249b8d6a6fd231ac4231e931100230
s0117	SATIRIK	199	5fbe2a03e74181d5a3bf7fa9f758766f05f2805c5299bc30970c7ca216f55073
s0013	SATIRIK	199	72b06c6e364b8230d400ee63102012ccde4eddbfdfe0cc34f7040f85ce203333
a4582	GERCEK	195	a022681417378b31b7a01c3adf816f4beacb5d0afa38c33e274e3b2e53052d96
s2150	SATIRIK	196	dfbe9ca57f1e8391b1f35115b1f55c7dd0fccad02c4dff5b7ce38a5ec8096119
s0442	SATIRIK	198	9452a521a1a6c2513ce3d8ca5647c000fdd5929ce40c7af66de7785947fcd975
a3117	GERCEK	199	d81eb0676d77b8438cc027f2d2516675bc02bfaff9af10d199e2be07d9946052
s1134	SATIRIK	192	dc1ee94fc96e86028f7a86b1662603c2eaea83749eb610435f46b72b8613c869
a1348	GERCEK	200	5d2c46d6eef32abc62dadc529336d0f7456bee32d8b56c8656ccd90244e05c3a
s0347	SATIRIK	197	06595294013e53f4a5ca940e2e5bc1be3eca20f39b104a5cae9f8a84366077e6
s1794	SATIRIK	198	0814e14ec22db88e13ad0ecf9aba7003f693a3c6b0773e8149daeda3a5f39d9a
a2805	GERCEK	195	058d544a8945318048998436b404d53ddc06bd2b6aa9ea79838d80d5c5c47676
a4102	GERCEK	197	b712b8e765d6ffb5efd360cdfb541059dd7435f1f957fe700e7f62a6e21b036e
s0035	SATIRIK	198	1614bab7ad3f50b441481d46d77389e7c1e83c42c16b5d7b48070ad2555e970e
a0399	GERCEK	201	4c504323eb1db3304e02ed4b07daecd99537e66895fcc5499672627d631dbdae
s1597	SATIRIK	193	17fe4e3035286a950e382be16751dd289e349c40d957692d12c45c451308a5cb
a3485	GERCEK	201	a023d37362061984e2936a0d83a639d90a064494b2f0d72be4ba0377a9de69f7
a3746	GERCEK	200	b04c2dbece20774d70f43de3655f9bcd74a915c936763b15e6f7ab86cf09c646
a0528	GERCEK	199	c946356c9c9b51868e9d08a924dbd18d2788a8691f41736cb81b6164ab4ce85a
a3000	GERCEK	200	54d2e8072650af42ee055a6d5c3b2c1b91af2520748e01705cf080e05d085697
a0657	GERCEK	197	e628fd1be1e69221c1b45879226beacf6a273cba897bae37172972d70cb3b20c
a0869	GERCEK	199	f91eeb5efa6233218a34c53fa6dd7682453832fd43391d537dbf83e9c2ec5f2c
s0233	SATIRIK	194	66b5890d0fd078b35d1fb295594827061148aa9cf023d231b80e454eddf652a2
s1815	SATIRIK	197	9ee79787751b29a68f6a19f4d032996185d54c612195d1ec9d07a9de5edbc479
s1088	SATIRIK	196	d4c3200fa182797e76a908089a6c5774308668a96490d8815fc4b5f044107206
a3725	GERCEK	201	8265a6b799053e212e1d0a17545c8f06d6cea5f35579e61cf9c94f3dddcaea26
a2995	GERCEK	201	6adfe3957c8f1a8ee6a2d63268e9fb1f3bb7abdba413f4b7894804d2803ec535
a0045	GERCEK	197	4f2b79b50880299ee106e463ad82adf837cbbc387d523c00d7e624bce3c40dcd
s2201	SATIRIK	190	92910016085a5be9eb37816045649c5d752e31cfb80f76f98e174c90e27b6bf4
s1406	SATIRIK	200	819981b804eb2642781485ecb7f7078bb7c479290915127affdb7452be3f96fb
a3013	GERCEK	201	bfdee20e5339c73693d541f0b8d70768877ce3aeca7401d8878bade693b4552b
s0750	SATIRIK	198	5b14c838d1c9a26bfdc2f5f6e1c50940e1a979626ac3254e42459281e172f50e
a1183	GERCEK	189	fa8008e159f6a7e6f0a71130f504b85e43914848ce90912fdfd1a9e1af5ea930
a0773	GERCEK	195	f48d15774425bee851d75d8619e11ea32dcb50ae2c1cc259eea10339f7e32316
s0084	SATIRIK	191	e124f3c2b4d050f34f1bf6f211a017ee33038d670270d4198c9b200679f302b8
a4130	GERCEK	199	100d44ed9cf93bcb502854a097e9bf6f355fa83125cb6a295e8884550065096e
s2030	SATIRIK	199	dd393854546770cf610bf5c79299edd90eebfe748c13899b45c5d1114eba4ce6
a2941	GERCEK	199	261ce73432b4d7ac0cfae848a6d6e61f580b3c7f167f1e3f444537fa4e600f42
s1027	SATIRIK	191	2355ff93e8f328d61b795fa68c804b304fe78d5ed194429f97676da10faf7f52
a4364	GERCEK	192	4197416b3091d4f3b9c7044c6b394e0b0bf1f561010fdef8bd05a8e98a27df07
a0304	GERCEK	193	5c922f94692ba67456724bc003d5188b488285c064e3f9f4f4ca6d153b5452cf
a2397	GERCEK	194	dae9fed4843f5411dfa8c2177559a703c38b40df12a301f7cf9f630cd8418197
s0584	SATIRIK	196	91c54b5217ee275ae898c211cc64bd23504654090cb39d6d589bb5b841630513
s0929	SATIRIK	194	eb7bce5ae558e25e52f26bfc00801d23b47fefc39aee3e188d35c9e2454a0c5e
a4085	GERCEK	197	9a0d2073baa1c08669aa2a5d827399dd1a5a41271c13692e55b899e59b0a2a96
s1656	SATIRIK	194	f18fa93a649043a1a2ce259281cd4328d8a9611822ae093af85281c11591759c
a3512	GERCEK	199	9fd6663ad2162256365e4e34564dc4bda5207000caae5f413ebeb416b9f26505
a3012	GERCEK	200	bf7e7419fb60f1b460271c640ee09cc973c2dc5c2f9e073e09703b133d1b3fe2
a0207	GERCEK	197	da0207c062baed06f0e2aca1bf8222e8e6dbaa403046aa7d6d16171e332638f1
s0677	SATIRIK	200	251da676e422827a653b08d8daadb43db473874f4aaaf88a6808322d98b285b5
s1072	SATIRIK	192	99b6c691655a18df09458ff942fde61c5a6d4abb36eb8531f8ce3fa3265d8075
s2188	SATIRIK	201	b5d3f1837d1b0a099b90d84e99b688ce04edeee229380405f7fef9e5cce089a8
s0351	SATIRIK	192	088197c7805f5af7ec099039e1d3f3a3054f81a895e55c8bfffbf85e2e38f943
a0386	GERCEK	199	458a44dfc835483eed01fb05553060f2cf7a5a891e27d932cbf1f6954260234c
s1109	SATIRIK	200	89ea417f74e7d24688580f56ae550089e2f2df025f8489cfe66ab4fb49ab81d0
s0087	SATIRIK	196	00be5898dab73f767f9ff6f0abd56ffce73198541e58a3a10327d1009141cff8
a0019	GERCEK	196	1743e06db16c62618a90d2ac66df57bb9c995e2bf249c3996ac3690dee980749
s2066	SATIRIK	199	50cadcb8e1c730eef09da7043a3c76cb94d3d6fc9592f487e92c07c069e761bc
s1488	SATIRIK	196	e2720e1e94a742d872ee171552bd70e4dc17b5b744c5df3c90e84caa703b176d
a3601	GERCEK	201	1f10771fa2149c05dc2ea03f57d5ca8a109d1156ea5c5ef42b72a6a001816511
s0504	SATIRIK	195	26968b34d5aba30af33a794f884627c9fda41a8a0fe28593c83e64ccdd98a617
s0919	SATIRIK	196	847cc79d37eff503b71cd819cd8788bf0df953aa04eafa2e5f67fbcdbcb01ecc
s0197	SATIRIK	196	f9d58835316f90a9639faca0c9b3ae8ac6561842838d97dbac12c587e97f1ef5
a3071	GERCEK	198	00f17f82cd417599dcdface7e24c25ce7888a565a0e3bfec5cbb3f824d39314a
s1619	SATIRIK	200	0fe473e96633c9c4f69817a2dd345b5d774946f0424fcb157c4351db0f38c23a
s0913	SATIRIK	200	2e715c0e538fd25d42e173a51cc1ddcd5fd496035899fdea5a638188ac718682
a4035	GERCEK	198	973967e69652db9f209e995fd5a439f639997d9200cb1b3e9551db09b224187d
s0007	SATIRIK	194	f8f3997bfa462a35f88fa6d52e04a2171250994090f2acab21f7e3204ca3bb3d
a3700	GERCEK	201	73d4635593f3a258610faca83d57a15670f23c9b1b5c3a5bf91a5be80073e8ef
s1005	SATIRIK	192	0fd1e726d6c0d7f4c85eaaa232b1acb8c621886d11f370b0a3dbefffd0bf18b8
a0171	GERCEK	192	5a5fdeac80d6470fe9c59fa9761669fd4343b02fb51a0285597e4c2dc0c88d9e
s1386	SATIRIK	200	41d98506e06654d1b954f4ef1440fd86507fce2318e0afd5c6501d46add6007f
s0480	SATIRIK	201	3f9d061554c4128fccbb6cb09ee6dcb2efc2fc493f125918e631d08fc39168c6
s0100	SATIRIK	193	ce3f0ba1110fcb09e086b2da2ba1899ad976453b043b5ccb240e5b911e29b9f8
s1194	SATIRIK	196	6459fbe9c0511a0da4649e4b3ace16d0107bded8472abb2414ce90f462e9b6d4
a4215	GERCEK	198	730bee5223e9387e1f94f20130ce3732bc4698bac14f41cdcbe5e51b8fc82759
a0051	GERCEK	197	18b2e6e0733b5471f5f992746a2dc1fb155ca3f173782d59078ce98b729fe7d1
s1451	SATIRIK	197	b235f8c103738098413c9e44461c40baab5b72a562c66592a6682de4ffd69ba0
a0591	GERCEK	195	d8f6eb9179a1b3fda873d76fe63045c2e0dc37acc10f0bef7ee8bfda4a465b05
a4210	GERCEK	199	49adb2c639b624977766c9b8c060aed3af8654deca7850be54128249cbcd1b59
s1461	SATIRIK	195	d7eea83d5eaf8dc74d3daebb5f16e387052fae5dc988bed555652c8d221c456b
s1620	SATIRIK	197	d0816ffea1b08c87e51228451fc39c1e8c5ae8a8ec0e3ca2370e190060405228
a0170	GERCEK	200	05d348eda0712ac64d6e49504e2ddcc2a846a56f3dee5fd5314103d27fe7638a
a1986	GERCEK	196	b329f49e3d874ee6ad45644dccc2e2727a4d6c0aed37c644b35764c774ffe13b
a0880	GERCEK	195	46377ddf483d3190e6fab9ae8b24aa83c0f95d1678fb14737ba13f920ee5f5ce
s2131	SATIRIK	201	f2c538aac43f32c0627c2706f46d64f9b53a2057d916769f01852b5aafb4ea7d
a3507	GERCEK	189	8a15ab3a12e5cfa4229a0131c7b9286e67e7d8f68aaf7d5d37ecb8fbec27e188
a0646	GERCEK	198	d236a81660aad97d4a8cd237a7d4f0630d8070263ba806fcbbbcaaf4d06017b9
s2077	SATIRIK	196	2bd61d72ea44ccdf28b1ef587301195b77a65594cfb87457572edea6be3d056c
s1650	SATIRIK	197	b29cdf6c5b1e43f660f65b1b48e982fa21d990e3bdd12cccb269e8dd9a057967
s0344	SATIRIK	195	6803fd57fdaf5bc361f3903199696060e29b407daeeed81fca61b44bebeee238
s1762	SATIRIK	197	10e4558eef788e2a9b9df328747497f58ef65682678df53b27778af9f3b7ac28
s0163	SATIRIK	192	3ac8e94ed3329fd04a1e5e03ba73cc16e58568a2e80104e23e5dc7e2da34ca91
a1039	GERCEK	194	03147b2a023350f5ce531814dcf92d3bd4bb532af343854bd11e7b5906d95201
s1097	SATIRIK	198	0ac9788af592d77bed7d75632f311192bfe1f2f60342ef47ad37ccf2bdb8d6e4
s0323	SATIRIK	198	052255ba357a7b6a82eee770c5a59e422eb894c882b181d44938fa19bcb8b18d
a2972	GERCEK	195	be5ad8816188a32145813369a7e4ab2d8fbee6ed6289e5f54b9d2731e5252b79
a3244	GERCEK	201	f324bb5945b88364ff3bc636b696f7ea630975803d67301aa11587a84764b768
s1389	SATIRIK	195	3b92b27d058927200b989cf8e61558e4b9cb530a7f324fe1cab524bc6c27cef3
s0762	SATIRIK	198	a461848c221b4bd772a7f5d73a86e8c703c5c4c256476d875ca5fa0d9da65671
a1473	GERCEK	200	df0243663fbd4769b47e1965e14bc9caa2f65c93b95a047e14d3cb5eaa4e8dee
s0614	SATIRIK	201	7f0086c0a0ddf09c96d78b2b2e234e3903c51707bffc1da202c3537dc6f2dc41
s0810	SATIRIK	196	397d9a7bb24f3b58ed5dba585fdb4f5f39928c98c21b34ea68bb70ffa99f0d44
s1803	SATIRIK	200	96f93e0698b8b3b6b32932e6aa27b0628aed5c5463e4c3a03fe7eeb1ebbbd89b
a0454	GERCEK	195	b05ed5d68c3efcd1f466a04503984d5029934bd87cc08b1f3a25353672d00353
a1653	GERCEK	201	674193464513ecad32358496721f98bc1a6f06169714b6203fec6525b2dc6e10
s0599	SATIRIK	198	395bee08e0f5493e01331cb0460bb2a8b3f6a00c3e3841fb0d3bc1088bab97af
s1739	SATIRIK	199	e9a4ab83f04e1954b7847686df544a5541ec616d50d186d84476bd141e5098ee
s0700	SATIRIK	198	b264b38eaf07dc2f322a49fa80b28f3bb8d9f4c8129407d93dae7faa3368cd2d
s0346	SATIRIK	194	ce24a33ba79eb86c77670f6c5b3e50d90a38306ee5f22c0626f5ed805da92503
a1012	GERCEK	200	ac7f36462eb359d977106193b4ff0c9b27afb637c18ae8b8b97c448c7d4f3765
s0268	SATIRIK	198	a8123648b919a13227a650a39ce364e063448104109d0358d00bf29a6f5b0d40
s0437	SATIRIK	201	24d452f83d1b67cc5bbf9350e4d62686634e67750f05486128538b55548f8d28
s0307	SATIRIK	195	18bc4847292b9af369ad8fbdc1b174d44e42a72a459a438e5434a24f688b8a39
s0546	SATIRIK	193	a41effb0778cc58bc0b2eb569bf26545e5c51b316c9da3ba87e969132add29c7
a0276	GERCEK	198	e8ba650bdd1268f6312d3a124705575c0d662d9750e4baf632bc3ace0c9de397
a0162	GERCEK	199	5c084417d826d003d9f439c95284dd6ebf967e3c5588904a77b6b9ed0674c539
s1582	SATIRIK	200	57c1230b98d16b1f12bb03069278df919b3ec8030a85bc796958ab036613161a
a3937	GERCEK	198	ec394201006b6258db34bdfcea87c950a4cef37fa0221fd9295323282e50532b
a0416	GERCEK	193	e168eb057495f4c0b76959598e872215246ce55c805bd061348ee12f7e0e60e9
a2412	GERCEK	193	61a2d339923d0b621e9fb432a05b3472ed332ed16c9dd967114648e0dbed8d16
s0082	SATIRIK	198	02bdcb643fcff349e6182a3632497942d928433acb711203b60715a9c557e553
a2255	GERCEK	200	280f1ffaf9368b97b7ed0b0ea239653978e209df56a867a9660d6774c7d369d3
s1236	SATIRIK	197	e919116b6e3cb35a8150274fdecd26af1eb2ce6c45f5bbef833c2cd76a7c6ae4
s1748	SATIRIK	193	14fa9835210832aedd31dd979b02de25c8912882f31a56aeadb004254a2773fd
a3383	GERCEK	194	3f364fd51851c08b1f704e788bb691996925d5d39fa3d9178f268f42f953a89f
s1300	SATIRIK	198	de2baedd4954747c5296a787c4f03670310bf58fcb69ab53d7f1fe8684d44145
a1444	GERCEK	193	4edd705f8a8d7c5a89ea0e5d378a089e545f26248517d0b761b63d47b0cc7774
a4016	GERCEK	198	edeb99c893aa3990867fec5719ac5e3929faf38df6abe6ba049bcf7722e84ccb
s0596	SATIRIK	199	de17fea8fc875d725550cb727d3651cf8b06f2f0fa092f38a854031f1c614f47
s1504	SATIRIK	198	72d18ec57bf82ec89ececbd15c0862a7f1d96d06daf2ac9a489f002e7f8acc17
a1555	GERCEK	195	7114a4c58e931f0ada4d61435a374d9e84ec1ec6c28d731f0a85a604e8c66f46
a3051	GERCEK	195	59055582c22b182ad5482894e80ec0d944b910f8374198272221eda98a2c2095
s1880	SATIRIK	200	d71a231909a73672015761134dea289e978b4b297289609117558a36427897a8
s1108	SATIRIK	197	30e6a3b8b742afd49ff2d8fbd2bb94228b34971bb45aea5062a7cc8f29b6dbe1
a1086	GERCEK	200	44958170da83ad1cde71819fad1d948f67f2366357fdfa24e702845df3c46d17
s0858	SATIRIK	197	81bb1bf2563fbecef6367c250e7d110bb17df507f3826654a0543c7762e5c434
a0974	GERCEK	200	524c3092c59a429e86f0a3e7858142c280658d46ef500e9f4c5d47a46b652a4c
s1071	SATIRIK	189	1ab078b1f4a1decc318de9d81093cca6b05e0d1287e3d0f542d0c04a6d6fe35c
a0915	GERCEK	197	12344be11561ba9009198ef3d49e8a5d96eae71b5ff983123b5f3e05b65047b9
a0555	GERCEK	193	2b3f9fcf06cc45af778da515044179fa7188dfe064aa299961f2508103605ade
s0461	SATIRIK	197	614103443705d022851a95e1fa230792100988a9ad5427a9a6ce6c2ef92a86ad
a4149	GERCEK	199	fd5158ca88da77d015a05721b4eb51ae7a359b5b2c1dbe37efbc37cbb8af9e28
s1101	SATIRIK	191	e21226c65d6cf0a2202cdee24707b8326a5e7cbdd19d7150caaa485ad9ed5973
a0322	GERCEK	200	3d1ed7c565fb0827e540f59be79cd0822e9f5338808528a851b1996290b7e2f7
a3950	GERCEK	192	f57849c366a0e34f2bc8b882cc70f8e31ea8aba381f467b2dbc55782e9586680
a2235	GERCEK	201	f74ad70b4d87ce851e380b4b3de843636e537cecfb2b40aac33fe664dd0f7fc6
s1317	SATIRIK	197	33c1d20f55ea5f838859b635fc502a11a9dde1b2728a31a7b45759f818124c67
s0378	SATIRIK	199	afa981aef896eab0afc1a79fc21d62bdbc5b34cbb5da8bc1d924d4bce1092dd0
s1843	SATIRIK	197	9bbf3b31f8e5ed20b1cfbb2d7c6f3e5750588d72717673d94b688a689ce3636c
a4281	GERCEK	195	bc531402b8696b5d93f5df3e1785132398bbdd289de55b247432634b1dfd450a
a2897	GERCEK	190	e340424dba2d890d2ad58452a11dd698ec869e3fc7e94b7d8469f0bf7ca99879
s0538	SATIRIK	196	d34a8553593267ca663d0b84936fb4ef1f6ab39d873f6709ac61d2f7c412234e
s0083	SATIRIK	200	9fda6b4fbddb8cce6811822ee46674d8bee53533a0aff073a6c2404e600f062f
s1401	SATIRIK	197	35f3bca67aa01b9e9579c457889ae24330184ee1479f9238b7a769d1b91c7614
s1766	SATIRIK	198	5e6784c3a4d70a56c1b6d1ea9125602554e9325f056aaac8bc0eae05ca16e428
a1793	GERCEK	199	c4a3e63d2e4ee2c713057123b07832f656f193fa72ec727490e65f45ee6acc94
s1917	SATIRIK	193	f6a97d020884e9336078c0fc104fde87069be071fc16255d447c42c4b34e48dc
s0396	SATIRIK	198	c135f9b56ec5a167778550575d6a1f5c2c7e3fe2262409874419913acbeabd5e
a3827	GERCEK	192	44d23c088c986603ee3a642522afd1363a58ea4977715e48c66dc04cb824239a
a0922	GERCEK	194	14f05014a257a4624169b157ae9e4bf68bd490159de07117920ac2607f4c2bd3
s1021	SATIRIK	201	07311505e2085038a25f5da0fb780175a1253b5d3e7ae070fa5f0fcf115aef9b
s1905	SATIRIK	201	3bc0ccdebfe813ea0a5a3c36fefc6c485a801f30700b1dffca35e3fbed2a30a2
s1784	SATIRIK	199	1878df58395c14d59f4287b9d03da20c0541918e7ee42dfa1c750c0471f31e31
a3141	GERCEK	197	dc2cf4aef8f6297d611faeb5bc4552ce3d9393e4800052e244e0f1e3cb2beb62
s0073	SATIRIK	201	aef015489bc4e77b3ccbc6085eccbcc4fc2fbdcc1a5a98df9a83d3ea46f1eab9
a0500	GERCEK	195	b868e045abe101c3dae5d4eb62c7fc15b9f45fe690df29b7248e6421822fcf0f
a3853	GERCEK	193	bf18e45a6d4e6e858f19e47f61e8d49e8fbb3fa1c1542963a10802545dd3eaf5
s0483	SATIRIK	197	9f688a4044c1ee722b13d382b230fa1eceabca2214913ba78da4ccfb013c4fa9
a2501	GERCEK	195	4622789a8fab1ec4c768ad41f3a2c6dc157011b54453ed9adafe40b6923880a1
a2035	GERCEK	200	f446501ec0cc3460f1511f56da84bf916d8e402a80a6912400c420f387f7ea11
s1438	SATIRIK	194	cb5d980548274b7e7644fb975c904cea227851cb7fe160c76f91ecfbc691c66f
s1410	SATIRIK	198	4b9bff4c30b2d08fa6d6539cfdbd61e2584bc7be34bd5fc911471c157239613a
a4388	GERCEK	197	8239e10c05ca12c147179e2bf7de6af9cc412024099c3be83d3b3c933806c7ca
a2735	GERCEK	191	c0406207e1f1589944b9434c9cc07e8d6087a379e44d9f88933b60a5bc5553ac
s0936	SATIRIK	191	1a82365a1c4862a69e8f7cce96c3657cf3f0daa971db73303b63fa5e86c0f3ca
a2887	GERCEK	191	6a529cf8a74229cfeb6be175aa3fe763721f760a7381dad9d5a8f60af725a54c
a4620	GERCEK	198	6d8006c09f6d92731b38725b84083ab2f222adfb22fc213d9c625189a0eff293
s1797	SATIRIK	198	f1e0d392083be9be31334272ea960fdb39c699618fc31818d7ae3eb0a366ec6a
s1859	SATIRIK	199	12bc8633f2068288f164daa6e3bbb1deaa79cd25bf7f223bd84cccf4e4b98459
s1111	SATIRIK	197	4f2c1e6e016fc68f60c7203bde00c24cf60376ac821e17703c113f3b1e0eb649
a0014	GERCEK	200	9d9b7510f70bcdcfc597a386d05738223fc7f3b460b6a2dcdeacac061837bfbe
s1487	SATIRIK	199	9f8557e4c1b1a8bd774074944288ec9352b6b7ae0b6825b311ca440d132cf30d
s1437	SATIRIK	194	a5e2b357e4000d85738c3ed6eff1e08d4c89d17351b28974f88f7f8de513d411
s2045	SATIRIK	193	8ff23ffb8a4b734c86f1dec1173fcd478efdf2106868d3d5aabb42fba5693a48
s0383	SATIRIK	198	30e3ccb16ec49cd0d7a0432892ad44f5e805fdb75bf9fd376cabcf1bbdd097cb
s0982	SATIRIK	197	3b67a61f44b03789177933b55c616b2e2f12c55afc3628ab5f5ffbae2b187404
a2383	GERCEK	197	ab0ecb26d80dda99b9372810b31d1d73bfdcb996521ff453a6fec2983d4ce947
a1297	GERCEK	197	b03ead2d964585fc2efb6f5972f71eb3c0c7fe6235256d104aaf8045eea4a844
a2163	GERCEK	200	6a0ac18c6223558453f068042d840f2483c7b6bee368c9e9837496e776b2a314
s1525	SATIRIK	199	f2c36e32cb945c42c16ede6b973ae8a1453ddeac24dde0041a63d561e674d590
a4205	GERCEK	201	405acbcff28182a962206b802bcb43e4dd673d15f28cf4ccb7add8680435ed22
a4569	GERCEK	197	8bb7831fd81adeb29dbbf959a8b755912554047a5f6ba822df21e0405a2699f7
a3384	GERCEK	197	9062aa51f974a18b147cf993612278e3d67924c8ffe97ed6f45be38eac8f0c7a
a3867	GERCEK	201	7d936096fcc4e3ab99a1cec90aed5542158f1532cc36a96169bd7c85712d3e42
a4795	GERCEK	200	a908c46e9f29d122e87256b8558517dbf3e86e6a5e10de762605d23f194c3f8f
a2869	GERCEK	198	94c656fd937c51555c900b8faccdc068cdc2aa102bffcdc721dc175143f35e21
s0476	SATIRIK	198	38c66934a4d4d8a05229055e6ee448a0835aab85ede77e76a53e0984eaf3ebfe
s1080	SATIRIK	200	e9df8a6d92067d98d964b893416662d2cc17cc0f4787a90e77f7483a3858da5d
s2021	SATIRIK	195	2ab94896506b4fbf4ac0a075a2fbb1e986ebb26198e73f26cc385a17824be684
s1694	SATIRIK	196	d6063adff937df00c2ba753c960154b9818379794e930cc8955dcde2faf9181c
a1133	GERCEK	195	1feb24ccecae09dde75b876c6a6830038cacb9f3dd47f11e639f7613ef58ba57
a1131	GERCEK	200	bb87fa0c4e0a1fe48033e3da3ae43af03889dc02da040354eb735f7d66352554
s1712	SATIRIK	196	bb9ad503ef2cf026fe1c4b27fb77e2345f189472d382f2adac3961695d97845d
s0219	SATIRIK	196	9f455691529c813a54b8404046f16d21c719113e713ba6ed69d60e11215418e6
a1043	GERCEK	201	ab62578a189bde809ab48143ad5fab1d14576395becfa68d34d821b378d0d778
s1714	SATIRIK	197	3509eb0c057e494168e0d755a7139bfc9b06fe353fb99a0a7e9d7536c6bccaf8
a1726	GERCEK	201	2972901b84cdd154bd3c46c061d932c2e25dd10fbf3ba84aa1475b3fc35e3dc1
s0821	SATIRIK	199	318199e126b05ba2f1ba638db7f48692c0909b19c8499deffb4f8c56d7a3847f
s0358	SATIRIK	201	22448777e946d9af1c74c6024cbb20c85d4c65f22b8f2522339cc41996fea261
s2070	SATIRIK	195	3e9e0992260f2d39a6eef80dd417a8b52e33ca9ac8180157cc928f04e5531529
a2293	GERCEK	197	113f89dd382ee159e6f58d46701e60128aa80b6582104de4797ac1d1e898a8ed
s0735	SATIRIK	193	a4b5757d6ade03bd9a5bb70e630552f270e1d6306643971a711931f8a41eb12d
s0280	SATIRIK	195	f803c691226a9d3895f65939026b711c409e96a70353de7ba228a8d1b92b65df
s1941	SATIRIK	194	9d075091d1c7679d969f27450f72b858266df145ca4af4b1d4577140283aba1f
a1929	GERCEK	200	f4d8554ef6d65bff0b4f83817fed0130fe68857dec7b9a5e4c1c55638df50f31
s0845	SATIRIK	197	12afbbf0690b67bae75f6ae7146af3213be1ef064b9fce1c557e3287138c8fea
s1040	SATIRIK	191	9ddb80bafab4df50527838d93a93f0c3c8babe6a388d28b840a7f37f0b48e082
a4840	GERCEK	199	cc8f485488690a3677f4b4b37a5ec660bdb50584ac1db26037da6ae179a4a5e5
a0345	GERCEK	189	a4ec2aacfeff5587fa5ce9da63000044024043b9968bde2f758382083ae8089c
s1615	SATIRIK	199	720d927a6be28fe6ced6dc5fe7c08f0b3ea2ff8f3c3a01ca3aecab3a0515419f
a2736	GERCEK	199	68d3085f8dbc34008e4482ce38662e92800e270774d536dc19a58ce7b2ee788e
s0813	SATIRIK	198	6b263cc34d12a43cc6895b850b7e4df904fbc0e3b5a27c56d383c9b417ab2c55
a1158	GERCEK	193	86120c38a5d45ce9beb03bf0752ac5de82a66a5f9f5ccd41c1b02c593ffdacd8
a3153	GERCEK	197	67088ea4956f9308452d5e4897740f39cf23fbaca31cedf57c0fa62c7aed213c
a2627	GERCEK	199	ee76450c0da59811fac85d08e27b74b2e984d249267091ae1be344e4cc1878b8
s1309	SATIRIK	201	ec7e0dbf1150c88312accc5a8282cfd0c9356d9d5af014574b2550249c0a7c54
s1388	SATIRIK	197	cff6791aea8825d88738f699e11fa8fc35d02d63a586e25a1570296c1ee69319
s1981	SATIRIK	191	9902729fd07c106654c717680d28aefc8994a86fda5f1113e5ecff68f3b5f9ee
a3075	GERCEK	194	ff23c9bd7dfeea3ef680d32dc0626dc5d4886aac04d68e1128aabd73e2388687
s0155	SATIRIK	194	fa86293d9b7790262102cb94784878b5ac935f65fb4e5a9e8c567af39ba60dbc
a3363	GERCEK	197	4ef5a4d1df7936cbb7192a9514b1237aebd3de91413f78afaa0261c0e2c78595
s1648	SATIRIK	199	126f2d9b15e20b150e1c3f3bcbaa3b8faa3454dbeabb621884f78585aa66773f
a0513	GERCEK	199	87053bdd9a6538a6320fab112d351482f4a82a1667761b77781d7e75dac19468
s1770	SATIRIK	197	e35df18894e018458bde6ca76976983475bab2d69438ab1029554f2a77377fff
s1083	SATIRIK	199	488fe9df8b4e086b28e127391bfbc619562c37e91a2f2b4909a31d61f6ffae31
a3894	GERCEK	193	04f0fe6c3db3cbe9422486352f989acf7fd9b6f95e5ed1b8237f1c1a6f8fec28
a2749	GERCEK	200	df5c585b8dca03bf7f49e525fb49d2549e6b2cec6d9ef61a361df67056bab718
s2084	SATIRIK	191	3b184ffacf324ce8d24764f518d5e7b8c56dd9a8d39f25d90c6fcca62edc6227
a0633	GERCEK	197	1f4291ac86e64180c9f159c34848e9841fdd0c45fdfaf5b0472164382f058107
a4518	GERCEK	198	de1b5a576e53485632c6b4325bfc0d801b5615bfecdb24daa51a11038c0d90c9
s0118	SATIRIK	201	d988efdb129b6b5e40f806e97e8495534c1d13c40609587f10f034166790d553
a0020	GERCEK	201	a95891c1538565da1929d33471d7d21cf02e37dcb3f8b9072b71c883e010b4c9
s0650	SATIRIK	201	72891613d7380e5e884684a38386848f3a11d993de3f1f09c9081cfaf9bb6ff2
s1853	SATIRIK	195	26171e49f7cd16c297723cf030bed4ade5311fe32b9cff5c7056851da678babd
a4406	GERCEK	200	52f34851f04e5de9dd9ae3f539047717ec304ded8c4e514aad2e1b9acca61b71
a1485	GERCEK	191	b61c78008418a335383d4a8982ff9c05b2c44ec6db335437f28e4388231817e5
s2065	SATIRIK	201	a22b625cb35864f63fb54b805f37a5b0d9aae4aa03a41dbb724ec3ab0f5c4a4a
a3985	GERCEK	192	8e718c371f2d436f40135cf39eeec2ea6eae46e00385b8dc2fcea7e3aba2bb69
a1479	GERCEK	201	57f28a67005957465c855da1b69ef399cb4b2453168e452b162ddcce1550fa49
s1891	SATIRIK	198	17f321d8fc78c9964e2b046bf61e6dbe2a4e2185da96c941e85fbcbfa8456f17
a2709	GERCEK	201	88b8ff41c52b4fed07abc991d270b2674af9f5322b997b85d2a661debd2e8df6
s0199	SATIRIK	193	ae5b83413801d786fa2bce558665abb0bf56fa6ca863194c8393006de49a423d
a1200	GERCEK	199	cb02d36f9fafc8483ae680e5d0df7d9107fa0f49ca702a05a09916f40097d2be
s0032	SATIRIK	197	dc9ece0a99a8ab4b3b97d1ff0d5e6ea2e1af2f0ffe45772dc5db0d25e8c52dcb
a3082	GERCEK	197	2bafde5c22b33aa387ca9e220838c14293ff1c93501253e020b00901daed5ce1
s1641	SATIRIK	194	04f0d30cf42761dc79ae4aa95ca755ac1da225c02a6a9efbb7add5c63a7c3870
a3116	GERCEK	194	5128f4f23dc0874abe112bc10b98f2cfeb6bd9f15952bb3e6299593a6ce7ea11
s1271	SATIRIK	199	fef3e13a9fc9a74cc129176dc541a3964af4aab2d0845fae78a26db58c1ff090
a0558	GERCEK	198	dbf9a21d8cfa6b55a521d71fbd0fbce9c41753a1ebcf4f08c1f5e9eeaabdff2d
a3003	GERCEK	200	00c752211c4bacf1b70d4e198a0c1d89387f1f6190b38aad8b3e813bdfc87eb0
s0043	SATIRIK	195	f3cedff3f33c85e5edd283ad428360a7bad4d1cd8a75b6a87dae3f5cc1f1e898
s0228	SATIRIK	196	a4564a2c33067cf18ebc7e81a997dc01a281b734cac1eeec2e3852e280ceb47f
a4455	GERCEK	200	35adcee179c4bf232d0f4fc1ead716690f830622a26476cd16d9710c237491b4
a0997	GERCEK	196	ecc4538798636cf0e14e0b185e02c329f2c08bfde09e4b0df8d6545007e98e7d
s0218	SATIRIK	196	795533a672e3dacd40e62df12d1feae36b048a1d9e6c96bdf70925ebe29f3c4e
s1476	SATIRIK	201	3965d4b3985fb87c6fbaa31f471fca34f33da2b02d1d938a6b1a20c2bdbcabb0
a1940	GERCEK	197	a878ebf91522d718dff6ed033a1c692a46b28e51b27ff515a2391b50348d81e4
a2076	GERCEK	198	f9211fc7ea224faafeca8ba57867ab140c1f42df1c8178478dbcde5dd74453e3
a4347	GERCEK	198	187226dc3baa7dfd609d62c5f5ae5146bcb7e269b579186ec1bee0493a93afd4
a3913	GERCEK	201	23678af3ee36414393a7197f6eb97756876a200e2b012d030c423354ea0eb75f
a3428	GERCEK	191	1438a88c5e87777179604de225f0440904b240cc12156ffba4cfd392d71dafbf
s0704	SATIRIK	196	7fa58e4475323487203fc9975acc757d0eb807d35c380d7e445612fe429e957e
a1025	GERCEK	199	ed8057e30591196ce9dff60d089cb66cd7593ab751b3bd3781f9c7ba9f86f0b6
s2001	SATIRIK	198	5fefac2f69cd92d85d4f6ef6dfd33947a889498e4449a57ae61b7d4fe6a63cde
a0007	GERCEK	199	f54a8ee02a9953e0da969b6366a095c1df49455d99487cd2567fe3aa3e6c42ff
s2123	SATIRIK	199	bf4e4e2154b94579736afdaf84d4ff6faff33bb979ae7a66c6abec376b782e7d
a0709	GERCEK	197	d8205006ddd252f6c548cbfbcac08075fd757ca4bde3698893ddd28079c3ced2
a0965	GERCEK	196	eaebc035e28d65d877d31b3dee7662f953aaec2baf6137fb280de20442f3d781
a1224	GERCEK	197	473d0b99c5642b16db546cde783e0231bdec0f30e26806fd997420e35fca94e4
s1343	SATIRIK	196	122aaabec3cea0dd53960bff581f1ae8d0cba87bcf2e687afff4a41f7bb3c519
a4567	GERCEK	196	76ecc70f1cda61a1ff4d6ca736a541c8b58c84007cfc97ef799bf9979a903782
s0269	SATIRIK	199	64642120762a4469eea8d78d08b6f9d22e5965b19f3e89db6fe73f7cb9de556d
s0585	SATIRIK	198	72ae17248b7688ac5721ed14d90e1e000bde288a623514fbb28ab03a0380c4d5
s0123	SATIRIK	201	fef69b1eef21cc0c6a29c47302cb81edc3349d748c4b232b9c0bbf8243127634
a0114	GERCEK	198	f7d57b364b34d96296757e52f4a5aa067e2099c0aff4a049a43072aa8fd55744
s1499	SATIRIK	200	7f621b12d4d2536dcad9a239c8c75cd48cafd9641faf6e65dacc5214a83e6cf6
s0069	SATIRIK	201	262a15e4fbeb0a53fd20d2e697999cde1d4d85e05c6c9e3471c36e68675e09d0
s1212	SATIRIK	200	60800f62da16b6b2710bf0868ca8f4eb75e61f533f1c237c98bf38ffd47ad8c4
s0080	SATIRIK	198	ff6ffb180952daf75f6c57e5943c0916c48912608efbcf2eaee0141ba7e7b4a2
s2049	SATIRIK	196	729c336174c13c9c394236d384e3d796b1103bca7f7c7f76edf9ac207b0a5fbd
a1568	GERCEK	195	a2799b3c3774094cd2da48ea23b2b44cba42c76282b6c7c3e929562a2b014a36
a0934	GERCEK	197	410e3b58bd7061825fd9b9a61981ed0076f38b70eb9ac5ff596325e9f18778d4
s0672	SATIRIK	198	bf1f05a2d2b01579efda03b63bff3adb6a565cb40f2fec554939b8ce71faede1
s1707	SATIRIK	199	95bcef73356b797d37ecc1d29c09cb47701b1411160599b926989754a787c166
a0466	GERCEK	192	325af065a3eb08ef3f1e8e21dd4a348605036b79813133a57b87bc712eab4ce4
a2603	GERCEK	201	36b851cdc1b85a53136934f7ed38c1ede5b9a1e5fafd2949dc86afe3bdaedb51
a0423	GERCEK	194	d6d92ba33b934cd1d15a358b976e1a366aca2ea9ab6585caa46631682bcc2c0e
a4143	GERCEK	196	f222dac847ab4a3d1899588fa7eb40ee8271f71e26e6887aa561396092a4706b
a3152	GERCEK	199	96b4f4bce8d941b636108294ed2a9302db22544ed755c65563bdde16ab62ba8a
a4742	GERCEK	199	593efdbb1e8248703369601b27a4fa188e861cabe909fddf95a22de656c43f04
a1529	GERCEK	195	b512046ca018d37e47529d053f6ce02463c016098ab6a37786e4542c31bce9cc
a0253	GERCEK	201	2bbbb6abaea9221ecb64051018d4a56c53e8890e3a45388ad14a3abe41315e35
s0973	SATIRIK	198	5acb2ebd29a5f29e23cb7cb9b5c4ec6c1041274caeeda47aded4cc32d3f137c0
a2218	GERCEK	197	7284a5677bc97e7cde30dc0c1765f3b50d817d2b2b2b8d88a36197f73aa72a30
a0188	GERCEK	193	1596ef3730988bba36bceb7b5f0ee361f6a54d717f255ee569c6eb08cd8ff4d8
s0469	SATIRIK	201	9ef4bf934591f8414edffeb6246925b66e45aad290fd78ae50e805cdb33c91e5
a1421	GERCEK	200	6d08da1aee53acdac62175ad98283a94338717bbcf629f39f038aaeb0b6ed634
s1405	SATIRIK	200	2730e8c7b5c5e5e4e167d32a3006e0c9300f696592b85c7ddc0bad7c06ec01d7
s1624	SATIRIK	194	a047e759f6b8b10a75da805ffb8f3f7b03bd64fd4958d30f394dbd3a0aabc0f5
a1287	GERCEK	201	e77fb4c75148fdfbcb30291f04b1c68cd6e487e6c79561d20de9d2469f6b6cbc
a0505	GERCEK	196	e6aa60b7f120f7880f30e95b7045f653f1af85b77e2281ec3114346362a82d3c
s0030	SATIRIK	200	fa177e7f606bbb93c1d7fcfe25cde815353d14aee50ac280f6e4ab446a981a6a
a4557	GERCEK	201	8a2ede9f277f626705058399693ce1ec575ef00d504c59fa8c6695542bb40ec1
s0033	SATIRIK	199	c700b54b17cb85e527e6ab5713adfa4058fe52bb7c0f433fdf05cf17cafa6ba8
s1833	SATIRIK	193	8456ab50025cf4ece88c784944014fa4b082b262857c9633ece21a35362c3971
s0022	SATIRIK	197	ade3e752eb9e4b76e37cf0712fda0c24ab6d759a14059a4699b588eac2b16381
s0283	SATIRIK	195	61d1fc660d028aa5b2ef33cabe997f0af0ff985336db7ffe79f2482750e1824d
a1549	GERCEK	195	f328bb828f5dd622276ac242a5e89abb79226dcf260f5fe8fecdea5411abdada
a4121	GERCEK	200	7b1e79741133cd6d74e77341d543fc524146b076429251f770346043453d61db
s0763	SATIRIK	197	028350058e822f0b41e4a2e1a782a7cfd058cad9950ec557ca6a04d7fb35d364
s1633	SATIRIK	199	bba855e05971dc0e3ad87379b290d844b3433c502fdf563cbb3a44d96ca64ba3
a3509	GERCEK	201	add37d4b2670f0fa407576aad56db04d2c8edde526c3a3c4b4ff3cfdbd94644f
a3631	GERCEK	201	9c5c9c03ee5e8cf54ea0f14005a144d1913bbd28f59f774fc6222330c51381c3
s0172	SATIRIK	198	bac837cf848cd92ee14130c6b2d18361f2ddeeac8cb3636b412e68f4f3317908
s1313	SATIRIK	193	2d4313e45e9a16a8d40b077c18d7d4f6e0c5d5527079096e336f12be15e1a70d
a3443	GERCEK	197	4962615f4a6e1375da7b71cfdb7d718b9c7d8533417543566a21e753fa084716
s2047	SATIRIK	192	0629af2ad5689caeb9924a189c447800301e4d0ec71b47ec6eb28988a02a602f
s1126	SATIRIK	198	d3d7322a51d1ccadf9c77d4cfea713d044ba79df2e477517a01933bb94fc0379
s0179	SATIRIK	196	9d1eb2e5a9b40e3d98f4bb299b79f6baed81bd2b0338ff34048a3612db2b3d8e
s0109	SATIRIK	196	9830a753c5ea6e2316963ddac7b5bf5d581976f19f718cfa4dfeff788e8c34f7
a1373	GERCEK	194	fb3a256d5c61a5d110a182f819cebfe21095a58e1b3c1662da622220578dff6c
s2051	SATIRIK	194	6d66167c988aae0cd243724d4453747187dbac47d6d0546919748824a3e4db1e
s1288	SATIRIK	190	6b3417ad935406813c9ddebc6bf6501f78c5bb4ce4422997b71cc4f55cd40cea
s1785	SATIRIK	196	2edb12053dc60e6bdb9a8bc7581447cb8579b9e9dac8bf118d7a9b5a3fc5e597
a1970	GERCEK	191	426299b59aa855005cf0f9cc047b6f8308865bdeebc2a10f9019e01dde77f03f
a4672	GERCEK	191	3d68b1db4c6ccd9751e31bfb9770bffa438bd4df7c9abb539cae293476846e72
a0087	GERCEK	201	79106747146064996a4eea71572f26c497b5742704186c36a9ad25848a314fea
s1607	SATIRIK	192	0861dfa9ba8429e1ba52803fd592503697e5ea672509f410805572458298b9ff
s2183	SATIRIK	196	bbe2ebf7055327ef3fa3160009dd1519531e387f29c53a5790daec8772f76e3e
s1684	SATIRIK	189	a6d15829f66585dc95b26c68ce0df4bed9aed53fd6f509943626b2eb7bdf873c
a4151	GERCEK	197	2ae3726981675a6e29448992b20050b9d6f01cc851872a1f67ccddea22ff9491
a3423	GERCEK	199	ef4e51cfd757dca9c13fad9013d079bb57da9d846f4f00ad9a9d6049b4634101
a3938	GERCEK	200	8805b85ebc227fc63b56bc911ec8b7f1805a09c173970d98da7fadc70d46b0b8
a4573	GERCEK	196	e7c582ec9273ec83f9742ee3abfc8b8ccb1a2cf6d765d20ee0b7e5b696fc0859
a2266	GERCEK	195	ca39755e810125ec27e8d44f910f31ecd09be1210ca471558a3fa4bcb8d6b7d6
s1520	SATIRIK	200	bce2ae4a1486ea0ebe14d8c4f28269fb3e60b1c18eb4d8c994ba4ff3fc5d442b
s0338	SATIRIK	197	c6c536591e7a7c6edfccc43962f5735a04e7fac1957bb8c826c34d6e5a97214a
a2961	GERCEK	194	4e726ddbca03c4765208a11ffdea8b3fdb12980deaf47cbb90eba40bed8b8b96
s1200	SATIRIK	195	e6aee7efb92d5fd71cc71ee9032dbb622070bc836026ea1fdde60b4e1d40a9f5
a0660	GERCEK	193	cfc87d79f31eec4cde06813b327e619fc4c47022cee7e4d10b57e45ff85e85b4
s0670	SATIRIK	200	7d365c1557c7e731d5a4e077186ea8a64fbff85728a5431a413d4c0714c05f55
a2927	GERCEK	197	8e619c95dd3b84eea8178e39481d7241b48e34740f8957759250db1fdb1e0ae0
s1639	SATIRIK	196	abf72283a05e371ca0443bd9dc66cdc2e8d142c7579e329e64dbbaed2acb45f2
s2000	SATIRIK	200	74077aca8749c4c44f8597751a7b37a416a40276fdb7789b0c9294d3c4150801
a1219	GERCEK	195	c2d074b091e983378d78687ddc02238c0a6fe0ef6832b57c8aa21a56dc5c8a43
s2171	SATIRIK	198	39d6da0cac5f2e2972563a8a4238934dbb316ffb6e93353ffdbe4b0a375c51ae
a0489	GERCEK	199	eec35d7bffa4af3f31e25d302b45bab55394a228ece7c975ede8aa112af3b967
s1954	SATIRIK	198	0fba8799c033d085d910ee1871dbc1cb2a8f29b403f4fba1e6e0b7f5883bee5d
a3226	GERCEK	201	f1c3b75ffaa2aecbb94a10957ce1c89f4eb3e32ad14793499151efa903c7aec0
a0642	GERCEK	198	0c06c465fa8d6e24feae02603f9a47205bcd650e481bd13322c9652c0821dd2f
s0872	SATIRIK	196	7151d05493f16cc8d8e9c7ec8d6282cf917e7d9efd2eb3c168a5feee0ec69eb9
s1140	SATIRIK	201	da781580d3fbcca8a381221be6a5621db436114cf607681e31533428ad07dd19
a4106	GERCEK	196	4eeaded1109d11444fbb6fe5d92dd09dbfe84a805abc707c1cec0dee4ef10c1b
a4004	GERCEK	192	a35942f2b8f81d5e85d194696ff07cc977fd7bbecf859541c80020cfb0c71127
a4333	GERCEK	195	7285b2410e5eb380223f1de7ef420cdfe1e2e02281d54eeb5965a9afaaa08eae
a1796	GERCEK	197	5e38356731322ad0e0b763375a90076f793cf639db98932ad7003d5e48bbcca2
s2062	SATIRIK	198	c94399e0dcc9e0d1ed1ad8284da4b3a3f86b10418a01acd7d6e3e9dca43eaad8
a1866	GERCEK	199	5b8ccdfe3fc78aca0df216c15bf0ea0e409a8a2c2ca1755f520e43a765d0972b
a2702	GERCEK	200	ba7cf72ee52d3d46fbd23ccb00f7544844765056bb411105a758a3f7847c6146
a3991	GERCEK	199	bcb4ed369dd8e0c9741e52ef68527614409b406b537d766471cb068b3e0d6e4a
s0544	SATIRIK	199	41b5510e786e3c1473483d2eb9fbff15e0edb8dfe8397c1363bad2cbef000086
s0506	SATIRIK	197	b021709d800eb684ac95679957ea101272e240c37f9e719099d2827a6151a98a
s0103	SATIRIK	198	90312d43c36a42307381f96fd6103e6a0ffc74d1137c5c0e2c9dc964016dd2b9
s1133	SATIRIK	191	f8d9b0e9b81bc4a7bdc88fd50514ca8c87fa8d5b2aa02ef04ea585b801ec992b
a1266	GERCEK	194	30806613bae4dbdaa75d9c3ddc84f523a0be70081cfec0a35ffbcc866aee937b
a2103	GERCEK	199	2f2e29603d672caeb7f5f346453931e5d0290a6fb8fa94a2826c8edc0a0a48ad
s1818	SATIRIK	200	3b5428c2323510bf7bd706f3be353b0e0e940b97828c5a95eb8f0fa0c93e1510
s0227	SATIRIK	201	da9b0a81c9a89ef7779b31b8272df6745e9ed91afcd5fcadaac86efac63f4087
s0414	SATIRIK	194	9ba278aa02652f6a3fbe256de145db74c0044dcbb93ed4f4dae8ced839f7d4a2
a1935	GERCEK	196	84e11d0ab038ab9ce52ecc2ff1ed7ea8d5ee331fdd53ef9c077306b4afe49cdf
s0129	SATIRIK	190	21c1d647d9a508b444938d2dfe824added10439eb54e4ed5bca930231abe9c87
s0989	SATIRIK	200	fff1e3f0bb299abc6fd56ecf1108d6868f79bca98fb69d46650f4e0918e1f80a
s1003	SATIRIK	196	97114e4934688a05d634ce370d4f2af580098e7a481b7317655936b3b55437da
a4649	GERCEK	200	5193c077210a284eadcd4dd36b5c6f984e401a693f54ba497e342b273c3b7b2e
s1411	SATIRIK	194	09301150b22d7ac7704c811e2e9b2caf527e9d35a082a6fa57440bb40e2169eb
s2178	SATIRIK	192	15f95bf83dd05c888d875c5648ea590531dee615b93479bd3474027a13dc6ba0
s0456	SATIRIK	194	cd5bd02bd0d5e162499d4a065299952cc214b9fd1419153a1bd84aeb9a7282b6
s0984	SATIRIK	201	666af7153f6b202da43fc7da1c2eac567bdb80d83d87761dbca53715fff8644d
a2938	GERCEK	193	606f49fda52ebd04ad307465199787867b91cb5e42411162f602dd4bc745cd59
a3749	GERCEK	194	dada999d826d61fc48750285f0491f7147c705c90cdfdbb009880e23a78d4108
a4118	GERCEK	196	88a6d5a9ce79048c49ed1824df70898ed98286496ac5ba837e46bc1ca191e1c8
a2263	GERCEK	192	e1f8cd9ecf79032eeb1d28b68d9e40b1e8bf960733fa2745bce4486612d55544
s0403	SATIRIK	192	e7079dade398f87cb625b7e5cd74406a0b9216a2220d2f04091e8ff00f225d20
a2244	GERCEK	197	f4ec5cbfaf7f7f41b11d5b1ecdf99ab686fcb0445a37ac6b7a1e292d0f1b99c5
s0666	SATIRIK	196	6751b0e177149456aa95ac5b7c40a2b01b2e131dd8bf5e4d123a852180e4c104
a2404	GERCEK	198	9402db0b283803d9490fb2b21799c297eaf2c11147fedf26c5765d762c128ce9
s0874	SATIRIK	195	527301444c499c9e2ed34a33276c8e01cfcd691536c6535438e7e71f5de183b3
s1987	SATIRIK	195	2d2d57fdd9bf6e10685757192002bb7095dae06d89a236b2b8d173439b60a847
a4663	GERCEK	200	737d178e07a8eab19d58992e7c93afde9301be8c5b3e54398b7a97e35c117c1a
a1073	GERCEK	191	e4b07a9c3242d496a17046b19e7df98820791a3b7246c6fa75e036f59ad56daa
s1711	SATIRIK	200	5d1731168592f81ba405878dd8d9c898db63ce0206caded86ee8c48f07af586c
a2718	GERCEK	201	6df651b7956e4113ba03d4249e4bc29ed741d66ffae23b0c8eb257a8a6ca8a3c
a3917	GERCEK	191	e9649482d19f420a8a9835655de2ebc09747c3a5482dc4f181e65bd754c63a7b
s0488	SATIRIK	195	71fc9ca2bdec49a053f280888ceddd9ca87ea74c111d49edc64bd01f52214913
a3714	GERCEK	197	6fd898152d6f2f098f4d59caea19a9df0ac9a250eae32ebc58bc1e18e26f6a1a
s1921	SATIRIK	194	478a504b7049dd3d3931254d8bc3907762585cad13519760d573db00c223e3a3
a1944	GERCEK	198	a8953e4476ebd23c69a30032bfad551c0cc61c987b5b0f64ce1c7041e2dfc45a
s1992	SATIRIK	198	1240713881c5d4daba9cc127a79d96cd96a081efcca2354d0e936812b6724279
s0006	SATIRIK	200	d01744845021654afe0f871d50a4c50c500eef5048581f438b80408657e957ea
a4581	GERCEK	201	c000265dce29162feff4457975adaa38df5c00b19d5e00256b79451207143bdc
s0818	SATIRIK	199	abcf1aaeb1c4c232bfb75109d375e00100b9dc8d30b21d3bc24864faff15ad55
s2160	SATIRIK	193	61197b7a045a71a9575f12196215b7614adc8225a7f57a61ffb9eb51480ff703
a0217	GERCEK	193	049b366c91ca7316e19089b0050a2569acbcf95edfaf9d92b8baf3e632d558b5
a1087	GERCEK	198	75460ad6a45e404cadcb8493be1c28bd1f21b26b6a7362eddd03500fa1af755d
a1365	GERCEK	198	09ce904f0cb1e6b701cf0338cb7dfed15ef271ba30fa9b8373f4deb08be2e34d
s1311	SATIRIK	197	3a18cdd75f071d9b02db3d5dc8cd9b5047d8f8337b4b209615903704a284f0a3
a3021	GERCEK	199	1cb022b2f913bbf909598bc4f3836947ec53711b5c439f8a599e7a94ca060e6e
a4585	GERCEK	201	fc0b741907ef5e9f9ade50afc99ba19f9dcaac430ce3a5950e36b6a941c002a6
a2611	GERCEK	191	8705c283dc78d18c93a810bc1c74ecae13027db85ebd3292a5d2c6d65771953c
a1089	GERCEK	198	75eac84b9637ff394955b5a939be7b62c2ae662a44414afb29163eb9c0d6fd3c
s1942	SATIRIK	197	b479604dcbd09aeff0275b2961339520b72a3878cb7f9aba2c55df0f05f41ec8
a1999	GERCEK	199	9c5ac788d9c164139ee4f5080a67b6c5480c33a508934a7ff6d50b9f9a3ab000
a4739	GERCEK	199	5f90e3c0194dfb504dde1634b584dd422bac77000a6a4b9fa0019c3cd1d8e65f
a4342	GERCEK	200	f2de850484ed148a74a2033b3a4fde39e159ef2a62a72fdd3009ba1c4a8a1795
a1405	GERCEK	194	d2984d294d140cc59c10432a59bd7b68bfd5841a2bc2443b958edded05cd66d7
s0495	SATIRIK	200	1c7bde8e8cb8ab689bda875a7b4f02f914bbeed64a15efbc4b7f83be59c77402
a0039	GERCEK	199	4298c8695d64bc56c753b247d6399c31aa4abef9caf62082e54a28be33427a87
s2014	SATIRIK	200	1680bf88150c82a8c94eb910e31288a523cfc6394edaa022f4c0918f1e71cebc
a2615	GERCEK	201	eb2ed391fcb47d59f880647cb1ed96c4f27a14697134508647e400f35d87c3d8
a2841	GERCEK	191	f40464af6839cc0df8345478e06755b820e7624241ac93faf2190aaaeeefbf52
a2044	GERCEK	199	439c7c3213b37b7e7e518c5e5fb58da4ad8031ba3c3b19fb8d336eb89cc55e63
a3281	GERCEK	200	3a0f09f20f191c2625c5bd75146759d2e92bf9d5752579df9470494a26897426
s2180	SATIRIK	196	ae484fd741c9f2969fe80ec6dc31dbe13eb27f4a471550534081856410235733
s2056	SATIRIK	189	a2a72ac6749997dd470be5b142ee1897f4471ea2fe8bc8e671207ff143e7e517
a1757	GERCEK	198	d5114dc57aa99af95dbad227cb6e22e32f19c9b4e7da1962d60e4e0383bb8416
a2733	GERCEK	198	927a392da875902087a5a061468507b7b08823bfea52167cf5dc13b8af42b5c4
s0502	SATIRIK	197	4b888dd421a10c4d2f0f56fe3215793eefc5786bdeabe619cc141eef04eec227
s1511	SATIRIK	199	685b2be3ff29ac69488278b89dc3c76688b0518903ec523a2081f221e42a6a83
a0447	GERCEK	196	f9feaa3ed55c0d8b3e4b0aa3033f823fca23b19744dd7f895021724906d9cf38
a0753	GERCEK	200	f6660f0acd0a4a65fefb280ab3253f78e86dabd46c4486473298e0ad48fa8fe3
a3245	GERCEK	197	cc061fa5103a46940b7b9bbfaa2273563d61067cdcb48011f0360471208bd0c6
a0257	GERCEK	198	1a18a30acc6206ec045a643cabf1770bd366a4487473a9cc9fb5541e5797cf31
a3277	GERCEK	199	8a01b59d6698671fd6c6dc5b6800cdef49a3126a5627426eb00034c64b38290e
s1059	SATIRIK	200	8bb874322a0577c9a1d2ffd3c876bc7542fca376cc7ce5b6e6ef357c4bac5f7c
s1627	SATIRIK	191	6283db44b5e022b2a14f1a9d11e48a33a0fee0067d77eac8a6f7e04c85204152
a0066	GERCEK	201	692aaec87d0e717c99188b3fad18d25a425a17a501bf63f7928a22335ad9d75c
a1398	GERCEK	195	61f96b58094572d3630e59bf4ea6e6d0627c426d6f9cdbf612f9fc42fb47d3db
s0363	SATIRIK	200	869c8f71a517cfd57d86b157547b6deece7c10d2598a5a3bb3f3e501f1f5044d
a3804	GERCEK	193	145aab45105ea21e865a8d213ad04146c66bf1f77cd27a9924a295effd28433d
a1557	GERCEK	200	99824d2b2377d6ef5ee8c7699a4b1d2b006434660f8fa87b3767120c5b5fecc0
a3685	GERCEK	198	3f96c6f0127e6433cddcdfbdc02804e6b0037f94a6f34a70f7bddb2ce885db1f
s0390	SATIRIK	201	27f6c990b570d415e1bf2b98393b38062c2bb2c4e1101130c8d6d1f6a3c686b7
s1806	SATIRIK	198	a43765008f02866f6a58768b5d3261abf777db1c9b4ad4c46ac95d3fd10708b1
s0884	SATIRIK	196	61f1d255e65f1452aa7c5c75c824b225f5af5da9ce089f3b82d9476b46f27c97
a1968	GERCEK	199	fa77bf0e675c0df68b439e2458b2ce09308de980a332921c9a801f6770017597
a1583	GERCEK	201	894853c39ad81625871b99a6be40d5ba48a6607da54e9619465d129a0c85a0e6
s0500	SATIRIK	196	bb26f46a25f5718b56ba45c7fb267f3e6ea062a44403f46d513a18f939de562c
s1048	SATIRIK	201	0df8ec1c3d088c6a7a3f63fadaba985769f98bfa81cecdbe839a7c542e41773b
a2600	GERCEK	200	3505837b961048992b3543476fd000b4e4994291338603c6b21927bb097ad686
a4345	GERCEK	196	15db40857fd97e12c0c0ec70ccaa61560acfd91e8be3ccab95e19d0cb3d37bef
s1256	SATIRIK	195	dd808f74c6c136ad95c672e2dff2f348fd1e7a9da8316f233eca4aca306655af
s1110	SATIRIK	195	15ff7fdab739f801e9d43b1d8ca0674dd013c31c0a9397a63ea6a0758819a0fe
a0557	GERCEK	199	5b53ccdb163d342c8592359e33c1fca543730f9d859bee60719265a1a16a5816
s0684	SATIRIK	197	e191498c5c5ebfcfb161c8fc4c4b962371cec36e3590b6799c512193dfa67786
a0035	GERCEK	195	cf454ad9229e9c83bdc98531bd7c0684258937b3f986a9a2697df3a1ed536e07
s0164	SATIRIK	200	ba58f80b6cce4d35543b73310e2b839b9fe06bcea7c13aedda02d19b5088492d
s1949	SATIRIK	200	a801fe7a2e57f4d4857dddfd838034355b7efdc361cab1358522405c097d9185
s1270	SATIRIK	198	03b199aef258e80b96f6158a7202daeb2af8d2e29ce956e1b5618e9f2722e855
s1773	SATIRIK	199	6eb3a51e0041dc35c33f456d18c50827fa13f5a35310f1c48dd5b71477318bdb
a4036	GERCEK	193	579516163c5d0feb4d423a0eb04a0c9020631b166b378993bcc474b2f9f25416
a4240	GERCEK	193	a34946a53c2955ce084580c017ecdfdab526dbd04ef8f69dac11bc18dcd4611f
a3957	GERCEK	200	f7e75b8d153bd9b910dc93ec6a38a373da4a9b32efd9ca21bc68d2742d5043af
s1776	SATIRIK	190	bf2a04b23895a18fadc7ebb5b4a3b3ad3c7439d8dac9adf5f48cb6433e0e549e
s1969	SATIRIK	200	7e4f5f839871af26bf28edae548d7f943886ee196089fd34fecda29b9adf3fae
a2516	GERCEK	198	e906e001038084306f2cf597f4d957a5b7ccf7b2342078a002fa1a1646226057
a1382	GERCEK	192	97f32cecafc3e72c822c99d88a9b38bfa8fa8f50e97b0f3aad66bf56104c34c1
a1204	GERCEK	200	edb57609caf970cb18e35f049fa1803143d95bc5f5d60bb6204c18eab48f5547
s0294	SATIRIK	201	f30ff8a9c4a522807fe8bbe205ea409961fc325e8cc3f5b971a3e59581ca353f
a2184	GERCEK	191	cb51ccdf3a41ee793f995fd82c3b46970ab615c2a59f892652e00216cbb2ab32
a4120	GERCEK	198	254f3ce05dd2edbd5f95e596bb35599acf32cd97f958c82a490aaf7cfa3853e6
s1092	SATIRIK	194	2af481a0bb22f3be7ad9bae2143bd22d55848b2ce54e8a3d9c64862dd4e3e414
a1006	GERCEK	197	cdba79e6e119a611cbad447dc043fe799aa0c7222cd822d502bc3e609b5ee5ed
a1496	GERCEK	197	3a6c42dc96f8255e0487ae466e6cadb8520f2e16fa31ac8622d90632cec73fd9
a0870	GERCEK	193	aceb059da385f52385469491c904631334b9d4254513848bda8a06099c60196e
a0815	GERCEK	196	55e64efda12ecd5950afa5a4116fe1cf0dfacf9ffa7234917bf56b3cb7c6d697
s0020	SATIRIK	197	a6ff762ebe4cced2376e813bbf30dd2dff8111b6acb227270bcb2199b2e3e87b
a2131	GERCEK	192	5d578316f4ec4d4627cb549735e216833e896fc234ccafce6edf408794965b76
a2493	GERCEK	197	e2fc861b9b02476365917d4ac932c87d513687d1fdb3093e69361e416830ee3c
a4485	GERCEK	198	de966751cc09c209efdd79755875f29a55f343312d8e095592800767b7e7f09f
s1174	SATIRIK	198	c752d554a07555775304e51a508ea77ebbb67520782d346c3ee007d44b124f1c
a0246	GERCEK	200	3585786e22d1e5bad6c9c7d2d96926662b2d33026ec7260025fcca774ba4d1d4
s0353	SATIRIK	198	c7e6ac6895cce04b418c8a4bc5c1a38bde7aa0b7bdb1c9a73e8cb16c7027e513
s0734	SATIRIK	194	cb4804853e4a672bb838bcecc353a805257e4356fa4a653dc058a9de587a8900
a0730	GERCEK	194	2bc3d35c88238d81b3d455414167e0bdc353dafe6f27a1a18cc6c10cb6387089
s0768	SATIRIK	195	94474ca08b109e19d78c6f6ebff76d7003b69a1e100fa15334fbe573887c74f5
s2007	SATIRIK	200	3bae9f5deb8f3e78c8cd8aa686b45185d9da54722c0469b24de8b3518de72adf
s0309	SATIRIK	199	da913a06f3c0f49c79bb2b1e47792c1142bf761f6355679c8ea9d64650374631
a4698	GERCEK	197	c0d1740b53f8d7eaaaa2673a2bd538394e9987c3d8dee9bec0d3a90cc54e9db8
s0647	SATIRIK	201	908897b0dc7fb11151532b54d14f0404c6f03bc701a7975e1e32f4cf2ac10e2d
a3418	GERCEK	195	11b9c3e04c11c421f589cc01dbdcd2c52441915f145053c7e1ffc553b6227037
a0467	GERCEK	199	e790c63922e0096ef47ebdaaefe27e7e5adb506e1ad6ea62a4e558d3f94fb813
s1564	SATIRIK	197	942b87a295ad93e81560facf3aae097ac93727fed045a7b64815b53147003152
s1122	SATIRIK	201	94181d9c7740dda9f79f99274f58ad3e3ea3b151de55e433a3eb281c227a234c
s0840	SATIRIK	201	2d3e37eae8c4242cea6f6eba5ac95f404ff8b12498a3f7cf357bc03351faac35
s1819	SATIRIK	198	6695c2cda293a4f2eb4225fc67343bbfa574e4de2479ef842bc079f607b45ef8
a3120	GERCEK	201	3f7be939060b9a0189c74b70249e670c5a4cdc2cd9dc7799dd6d42e5592b3030
s1446	SATIRIK	199	3f06435c5b1aff227276d2db2452cb820e26d933030042ea18c1a3efb9bfd0d3
s0308	SATIRIK	195	0fbc566cfb38937bf78229b18107af92ec8d44fd87e6b5a2d471807a33e1af3e
a1849	GERCEK	201	4fa0ee591c039e2c58270f6f8385f6343447da9d3bbe69dab93977bb80a5e3c6
a0770	GERCEK	201	29ff061c045be2158b567f45cf8324cb0183eac53803bd8b86c1f7eee86469b5
s1004	SATIRIK	200	eb1545cf24ac512d6e05303071f64dbc7ee238bfc4a194b10358273e03ded134
a3543	GERCEK	198	8c007962994302d0c2510078a68a0248a74dd80da65efa4499d54b2d9b5b2b2e
s0561	SATIRIK	196	30ed3ab7e81abf56b0e61ab4a4dfa875511dc127d867ce62d49b0299d8d38f9c
a4413	GERCEK	196	5ac51accdd29cf41b72f08a08ce1e3cbe1f5428e079f5c50a5602859f021819a
s0673	SATIRIK	197	e04e73d5e94ab80edbd1facdb7b60bce90b96e74844430017f8f6ea8c733a1d0
a3555	GERCEK	194	78053584c6e29c54bd772db75136fb5ec13ca5ef65f382813baa1a4b5bb50cb2
s0532	SATIRIK	196	6194fd1f68d55b9f4ab24de3d17e421da69d67f2561dd83418afe905c529ec29
a0341	GERCEK	197	b697a9206e9293bf4e7c768957fa3460d334eda79a4293e51ee22f8a784dcd1f
a1841	GERCEK	195	280f67600a485fd5790b43578c4ebc9bfea17fc43c02d43fa93e22c874bbcc1e
s0987	SATIRIK	198	c02110de6fa4ea5a6b34a6948a68dc6a976771b4b34c4bb873fc59472145a5ea
s1640	SATIRIK	195	73735807d87d43375e8ca329877f4bd9f50626272a9bae6b2ef30fb7fb269a94
s1749	SATIRIK	193	56ba6770fd7eb8202e3425891323305672e175b76ed4b3e05c606d334f68790b
s1534	SATIRIK	198	7629eb4e894fca55a439d73016a3dba8c773f1ddee492e606e2be96fdf76bda5
s0889	SATIRIK	195	66de15469b2136e4bea59ba6776c9982138a67f18e0d2dda527f9d6a58fdc6bc
s1580	SATIRIK	197	38b6e623627806a558b2acd9947aade3e819944efe96cf647b7b1bc583163d36
a0680	GERCEK	198	e9308f137a5cef36e4e32a513a5e04f01385f039231a4eeef8807f4031c731bd
a1665	GERCEK	198	f2796cb9893a478948ce34058abde9438ae3a1ec8360c8fe64c7d8bb2d137672
s0262	SATIRIK	195	23bae8cbadd58ea59929675eb892f731eb34cc6b32db30c7e5be790ec069e472
s1479	SATIRIK	201	42e6e6becbcb8e757189e0de03691e71618156113b08bdf585d2680fbb65e00f
s1422	SATIRIK	201	da2f1ec8a66c7d8b12ae1d94c85695186d66f4b4659f87875bcc26be1b512b5a
a0235	GERCEK	197	cf0194d2d16469f208ab1c9d4f60daa535c05aa343b2c29f6534c0b0086c8535
a1264	GERCEK	196	6e09083b67952de8c53ba5ef2d9beb33fa1b2d5c72f1cb85f624206c3a1b5eaf
a3325	GERCEK	187	3e96512d3259b8a6bbb4fa101d8fb6127f7e9012a11b50a20042cad4aa2dfa93
s1137	SATIRIK	198	f15503383935bc03a554b56b6e92be1de91698fab32c7290855a0aa0cdb81d24
a4075	GERCEK	193	0127cc827105949167df11d5a35b9e05b32c2e0a3373da2400b09f166d69a6da
s0286	SATIRIK	192	3f9a710a208fbab8ad2409b0ba6c874258f8508fdd1d41a53b9ca86389454810
a4069	GERCEK	200	e39bdb28b935a11e51c5842fd4fbfd5cbdadcd965db0d8dd7e09945319d3cad4
s2040	SATIRIK	197	979cfe64d2daa4bbd11efe9964b19934db6bb41ca41f3f4734409216ed2507b0
s1532	SATIRIK	200	972fd27c8336ad8af081053f2bb2c09147c724f93511831e9522725e95c8e85d
s1823	SATIRIK	198	3d2ff9ada1aa2bc0b5e872c8395d436ecbaf9b8adc33ebd355d3cca9e909f6ca
a0151	GERCEK	191	d3ec1d2fac0da9f5abcd6dc081271e0f60d0951add6142fab8f0db0a5ae7f54e
s1951	SATIRIK	191	d9e44430ed06eb662f2a26af7d9d0ebdcc7272796054d483716ddddefe396adf
s1392	SATIRIK	196	c230ae9519842d13de8470a7351df6c1cb3508544ff81a93bcc62cc3f053958f
a3881	GERCEK	198	ab970d9934334d88f2afc4b4e8bf4f5942293d7ac2cce2f8d34051c9f430efcd
a4482	GERCEK	196	b19b9b2a22e69de961d4d49ca7caf4e299e7aee3575980ed5392fc35d7ee027d
a1791	GERCEK	197	16d316ef3ec2659eb7b189e7d2a69542bb28a09bd91f3da871e07e7aa7b7a6f9
a4466	GERCEK	201	b87ecfb73f712de4d5b11aca7d749f51ab95aafa2eb67da407ebc88066cce495
a2470	GERCEK	198	9640ca9c0705475f6476f1f8911f90cca7da77f432555be6ae2bc1fa745ab18e
s1193	SATIRIK	197	6d735722f7f10f4b8dba5678eac6ce39df620e137abd12f087332ceb237d60d9
s2139	SATIRIK	195	7cf0f6a995215ab862396f289c3df7c1b14c45a0ef5025a125ef8a7d47f5cf6c
s1199	SATIRIK	194	3c46f0dbe6da425f65d8026ae1694de464ed4820f624a38a00da53d1c2876e35
s1838	SATIRIK	194	e75b522821acaa7426ec66f0991470243f868fdaf779ace4db26deeb5b138044
s0968	SATIRIK	195	27ea46050b8244c6f826b97bf1314c1593f1a3f515245b8a097e270c2564a1c2
a1241	GERCEK	195	e17bba4d4b590afe602d103c103db7f9958a3397e27ced93fa4dd500d2324d09
s0795	SATIRIK	195	c2e4b99b1ff69eea265d8bdbfb82a541f761ef66a5144f398df18b7068d9da91
a0436	GERCEK	197	9a20c0854e56a6746ca0b0c3b8bb19f61304732a50658d7b48d90b9a69f50187
s0507	SATIRIK	195	2c0bd8063cf2eeeb463d18aec505008b184c41c2c44430f735e78f037782136d
s1347	SATIRIK	198	388d852add743872f6361352dce5956017f2c20ca92f330e71023fcfaea7ad05
s1778	SATIRIK	197	6c376afd12dd600577142b21787439520bbec9e754ed9986cfbbe9bee8ff71c3
s1946	SATIRIK	201	88cd0db040a008b5660f4c527927a932b95883ee83532dfa97342258e70eb840
a2303	GERCEK	154	548b257898d45a1076c50d25f575c5f5d6acdbe889c7f988c81fe0efc0239eb6
a3948	GERCEK	191	ea22c719b86730c09076f2ee0909f069045b4a8fe34f0009017e17f4991cdf54
a4264	GERCEK	197	7e64485d67a79eee0d06d99942f3c889c0d45b7c96cd25c9e78394387ecd09b7
a0060	GERCEK	196	3566ac00b19a588b2918f8f78c8f27751512638b38b91aa2bfcef89fdda79f59
a4517	GERCEK	201	7d33952560275162c01b0c767e1d0134277f38b90dfb3901413695c493dc8e1f
a2650	GERCEK	198	bf42a51e0ff25ce36de0c89727d2bc7fe432af195005b5dc53d5fed416474431
s2165	SATIRIK	198	9b0f1e01635354e44217c42aec580fbc5289757c4f651023e74265750e0592f4
a1558	GERCEK	198	62260f6e76abf48fc7c7d6d15e079347a3babd7b66b4310b02d281126d1d3c0d
a0387	GERCEK	195	36b7d07dfa01543b9183bd592dbc4e8099e76372822dbfa7f3fa4fb13a353ffd
s1161	SATIRIK	196	65189e13b4f4f36af3c1acd0fe3bd1ad48d43ed58b105ab80380ab66a4c3d11e
s1546	SATIRIK	193	26b7c2f8e57fa706625bdfcf43971f0044e56b84811268d111b61135126b2d69
s1145	SATIRIK	190	6e3bc0e626c232f1031d7225adfbe31df7cf1fed958e9bcabefeb63a2eb79fb8
s1170	SATIRIK	195	fb37c8feb30ff57447cae78bb6752753914da4330ee42487aa318ed1f9393ca3
a1239	GERCEK	199	0728f1558e39040205a8d5038c1e74a20fbe262ebe55005a1e7bc7291039a5b2
s1331	SATIRIK	199	4449f8fddf2c28bff077fa1bc1bc30ade6aff6e0388b248cc142d3c234958db5
a3184	GERCEK	198	f547a861862ff996c23a823734abebf7ea1a2b596d952c7e462787cec7e71c94
a1078	GERCEK	197	885d2065e47b76c74395e3839c03d6fdc02b94a12f4a7e2f51172b4c9656e290
a1097	GERCEK	195	b99ffd97da3d79358a100ddd184479112d6eb1e8d04fc045e348cfb87ad222ae
s1415	SATIRIK	197	e27889e06934db107e63bb943de15de16231ef1cd4f338b4f776bae6335b7bbc
s2027	SATIRIK	194	493347658698170eb8a1bea721552fcd74759dc1ce8c6b1a2b437c84b421d885
s1382	SATIRIK	191	fb44dbfc115411975a1134682f577a1c82e00149942a0e2f1a1f9163381ae013
a0592	GERCEK	196	3758c6737737b22c4546ded8b931de96294d1ee14a4515f61f35d0fd7376095e
s0842	SATIRIK	199	d84ac2a597876d782ea48db572046d7acc093b2e9de4759e167a2859ab4ee45e
s1285	SATIRIK	197	62d3dba32dc3d8b35bad506eaa2c481996ce180a9e3db99227575df4ac096a1c
s0890	SATIRIK	195	287e122804479eb7bc9d436a4d23f1de1cea5908577395cd52f00a6dc0989286
s0823	SATIRIK	193	a189036f00541f8a19ff68f92dbe12f7a7db72fe8094af28e18d6bc0ba86b547
s2078	SATIRIK	199	2096cfb52fc2fbc8df48be6c856acf88e89990723c61a89b0d0271d93890c93c
a3433	GERCEK	190	fbba129c26cec6021dea30a8f172d898632fd127d27d318167e723cab260563b
a3216	GERCEK	200	9e3c4770ca42a2217641a456bdbd642669e933669d429cf524e120a43500f22b
a4052	GERCEK	194	31a0e634fb3cea78015342bac9c76c8e2b7c1149e8fb35e08f81e8c3b40e06da
s0788	SATIRIK	201	fb0df703542dcde56c36f3a2547555ecc470c47a5466bb3e636082150b67f372
a1534	GERCEK	199	856963782229d661c18bd0ff3d742ec2d5cd19699eb985723c1808ba3b7806b5
a4555	GERCEK	200	ff4265ec6803826a01353cf974c31ca46af045f705ae72d9dd97b19da2ecd4f9
s0388	SATIRIK	199	d372cce9cfcef9688d616b629ed205ade57306b78c6a75202c00dee3e51dc953
s0249	SATIRIK	192	915579e45796b1aabf2da086885d047157d1b3d50df0c300905a2f6b1212fdff
a0289	GERCEK	201	aa8667f7f2966e7b6e57998419e8f3a1fc0d686f58e306b014afcd70d246c9a3
s1185	SATIRIK	195	0eca1db2b740950185ee78106fb3f5f04c632d310c4c5c49f9833194d36607ae
s0138	SATIRIK	195	6fe20910448c7ce4e0be766b1c7b52e1fb966d6674a6ae643c766049738699ee
s0906	SATIRIK	201	f698373008d5d631ad0a430bd0a9cb58cc6c984ccfd347089c5c345ed818ef2f
s1830	SATIRIK	192	bf7124f28a0d357d1df40288a4b2d073184fa100112964bfd994cbca56fa4a11
a0493	GERCEK	195	d1c8ecbb14d8aa8fc88bfd42e5e435e5498c2c56d415fb76a2671203e47a838b
s0723	SATIRIK	199	11d00911ceaf7e5b0a4a1b3d4fe8300efcbf5317e27302be20ca0a9dda12033b
s1290	SATIRIK	197	b6a5d6a842db569f77c3629d02843e285fa0a2f0a274f7d6c693fc10a7cdeae8
a3136	GERCEK	194	05d793059715f649486c60d419b33d25cbf28e54ed8b740b4088b35c367a5f6c
a1436	GERCEK	194	f62ae962f7632171d3539968a188435970b03a4f7912a54cbf825a5b4691c270
a2343	GERCEK	199	835ca948930ead5fb2e5d6c05d2107746b29fabe3c9bc7a7d06e00caf04bd578
a4221	GERCEK	201	17ef3d365cef5905d519524e3ce5d3b2bf75e3b800b80fd824102d814abf0d9d
a2848	GERCEK	190	a7c137de0d398b6e5a1b21977401c02068c3761e0076409fe07b3d371481d877
a4420	GERCEK	193	0ee1d28535398d09b73012d1a5e5fb550aa307b6b2a99ef1f835304dc46dd625
a0556	GERCEK	200	6eacfe03084100965c12e4c6390cec34aa3861b00d01f8356908022e99a494c1
s1978	SATIRIK	196	2bc7900fe02afeaa858369e696d52d0fff0c419aa487a3f467f5cbdea5c428f1
a2678	GERCEK	201	8dac05bb6e007274e29f905f4df0f72d627b9d9301969ecfbda925e1faf0e991
a0302	GERCEK	201	7bc50273e92584dd51966d2112a16ae790aa9b047f2f2b777305a5d270be53c5
a3088	GERCEK	200	afd161244aadfc44aaa57f8ad4317f78426011ba7fa351c1cb40883d16025755
a3427	GERCEK	199	4f8e7d7b0208bd4467fd06ab6d4cc65c4e4af22d346b6ea30137b983bf37e92a
s0764	SATIRIK	201	59771344687c0d6ad13452b4108aa61e0b2d2d6f1b43c90c2cb68f7a04ee1719
s1225	SATIRIK	194	8ae929018a59423107231070b8ace973dd49fd85a840068828153b35d83c0f35
s1330	SATIRIK	196	c438fba8f19474f6c2237ccd77e14dc07b9ad43eb9176e825096213e06c0ebee
a1132	GERCEK	191	81557db450036fb8a3bb5182a1a983b7a55eb67af32ac5272efd47f62423f000
a3449	GERCEK	196	87355d414d1c1875e7c60d1841dbe71c6dc215524b2287beae51aec2c8718768
s0120	SATIRIK	200	b04099eee45c454067e1c753c3f7b581463293208e64b348c8ee64369c8b4b0f
a1438	GERCEK	195	19f038ef01b67717ded819dc173daec8774bef04db393709a866b2616afa338b
s0060	SATIRIK	201	1a4a18ea9daf1092daa37f1c144e21bf0c0501c6da3ff3ade4c535784c45c4ae
s2140	SATIRIK	189	6efff5087dbff4136ec529ab70c7bbe2dc3c02d11c41ea17f33fdb8ab267fd2e
s0106	SATIRIK	198	290c7b9fd7c968e1ec2adc25612e42914f7e167895e989e53470c3f96d85150d
a0981	GERCEK	197	3b3a2694131732565519f100026cabc0d9f3998243af2fd1ab1fc1e7f9c30ada
s0710	SATIRIK	199	96f1e7b380c50e15f37c4de347c025685a5f3a110513ba0abeb89ca082586cf6
a2746	GERCEK	200	fc60d50a3a02b24379861ef9f03721b7213e64dcf4c6ce7c5b48c82df5f01317
a3887	GERCEK	186	fd31669b6a19e107f445967308c44e76c89f90f041f88a56a3007dd17bfc22dc
s2042	SATIRIK	198	2de06273c560ae5351d1faf1265db426c9fbe9b41ee60d4847af53886d2bc52f
s1235	SATIRIK	200	8e81025f8501ff7a4f5f386e94f36ed8f70f4469073c0ce4b85f8b29db495bf8
a2052	GERCEK	194	cac5c46ce9cb519d9dc835c680b5b3143a5197c35c0e8dd01dd99ce5a36eeb20
a4418	GERCEK	195	db83277eb80c7c9f3350c831940cdb5728595688e16add4a16c73c412566c68c
s0727	SATIRIK	201	79a895f74ccf39e02d72fcd06c3a653cfcb4474561017904a9731a16059396e5
a3502	GERCEK	200	f679181d5f38bb0de0a1cc8aefc8bb5ca33a0b32ddc664b7ee95af79d1955d2b
a0509	GERCEK	201	f5b7d2234595761891e72970097921e6249cc0fa1afdc664656e4ecd30296567
a0352	GERCEK	187	4a75a86affa8537c802bc636facd28ace3600b66072be296093448b35be62231
a1477	GERCEK	201	00ae655ef569c9783ed924be19d055c9b5206a0e3a3a8d8e3c27fb02f3a9d36e
s0293	SATIRIK	194	2a430ec20bbe0128d8c1114964109865c725497954c5eba5cc1d3ea40ec5de24
a2062	GERCEK	197	35fcc4303abac92f2697b9588e6713b137ff5e8949f5ea96dbcd42ff9039f664
s0441	SATIRIK	198	1f426e2b7e55cdb43b82b2acda387bdbdce90900ae962185cf6ed4bb7760ee7a
s1029	SATIRIK	191	ad24600e9f02b682ab60789e797e0bef9260bfd95baa860e063af83e37dccccf
s0132	SATIRIK	196	0d61b2677e79e38a7d21be4b9ffebeaddede66335608306376e7bd6a8174bf41
a1385	GERCEK	197	8c0635f1db25a43d4407378495e4382ec1357b1f1654a0d44de5eb98b8d60297
s0239	SATIRIK	198	05169c75894095e392c0a2c942ac9c4390560e64fa4d060b1f3a44ff96891f7c
s0619	SATIRIK	196	9ea43aff5da2ba3917d0bd183509d5d20b403e35d5b550148bc6cf9b36a97281
s1856	SATIRIK	201	0a637e2b874ec8a63ca3f0bad9d996fbd1f9c3a40f91030f7f9f36a0ab1020a0
s1312	SATIRIK	195	b1352d467840e9f2ad0f6d89d3b87e2fb553a01db2bbd40e3732d06b9e282920
a4785	GERCEK	201	8580ba1140014b92481d94a71779c0c0b06284e59884ae9828fb168d9d0fc416
s1901	SATIRIK	193	213b672150ccf264da992fb7fa2eeb88e6117712e0a3c6423cbd07a1e3059815
s0136	SATIRIK	198	32abb81d1f8e9f1c0c2b52cad82bb6225c95e1dcb68878168f351d6d8530e743
s2079	SATIRIK	201	0717171496b597879e7faa6f2fbfda17457752eccf770b63bdc22601b9c9a03a
a0488	GERCEK	197	f107e138cc09e23d3b33e59fb165c232d656925dc516fec747c67ab36220878e
a2475	GERCEK	198	e638b1bf59a85f9e43469e22fffc8ba499c915bb9b73b87a64c408878ae9b705
a4020	GERCEK	194	284c53de6bdc4634b66f46ee59af9571abecccba96c585deeba176220cd6baba
a0479	GERCEK	190	200c7ed023d86c2c1ee3dcc1563da66fb9fcc12b8e9091e55d54bd989df5e267
a0797	GERCEK	198	882a4fee3f9baa2f71f224df8f5e1cc3f227e323122bc0029f700c3c3c24ac26
s1536	SATIRIK	190	11d24922573f39b54576410483e67b0d812c8e52793f8cc539ae4e8f208712bd
s1314	SATIRIK	197	c18e527558b1e9f169c3575e3836052a9cc7b890247ba1b739a7cc8e11b1820b
a3387	GERCEK	197	7e454700e9ac5de96883543af3824709e5e1da410e4ff3fb056b2ed295b7c92c
s2028	SATIRIK	201	a179c0f6f161ed561ce1b1bdb4e6e9dd649ba0f7d8f5e2a2fae2540f6f09ccba
a2816	GERCEK	199	d5a4e907093ce9c0d6f533dfccc067a285a5499b660a2e8523b1daec0fc3a99f
s0397	SATIRIK	200	ae50de11335e36e8383f1c39099b582d25602f4e6060df65c5abab1d57bebac9
a4270	GERCEK	188	f4b474a1115880404f71dc6241e4d4f199d1446bf952b6d4850acd01f33fd76d
s0841	SATIRIK	201	26f162183ec241c00dc0a1201a69a214131623a1dd8bde204e166e6d00d7b0d4
s0811	SATIRIK	198	942d5f346a3128a951a6d109d375dd1e075bdc8ca33745650cfae84fbea4fce5
s0652	SATIRIK	192	dee7184c91b7943dc212c2df074f6c3cd41ca202ab6197319774ecca2d107fe1
s2002	SATIRIK	198	9b923ee728a2987a8e9d79379de591a4026d27eab0fe21c4c5d286e28cb434c5
a1335	GERCEK	199	1563218bf8700321f7fedaf494ca0d036c538cc622674a56437270833c8c6437
a4015	GERCEK	201	06b1a8468ddcda1f14706db58239a58e3e8039ffa023981ceae2099eeb9b5751
a4710	GERCEK	194	e0dfc709edc37428c7ad30d0190bb929b0fef5d7ae1ad48c9ef7fe1b51b37e9d
a2353	GERCEK	200	b7cd819c5b89e876fbda2fabf8fa64011c87c4c0b933a18493629a77454ff5dd
s0573	SATIRIK	201	ac5e4d10c5f412aee48518bfea60ee2f3fc5ad69af15b857263ea37813d59617
s0664	SATIRIK	200	dbb1275d283e34f9c8f401e47c5bb0aeac33f92123601309b08d0a41a5b2a050
a3409	GERCEK	196	21cb944efce78cf43f7561e7dc4688c1dcb7c84f2af03013db9db2919c65828e
a1371	GERCEK	193	2f8d2903d9156bbe59c8ce3fb1aea5fdfe7b84c134077c922013dbe5e33c6e30
s1606	SATIRIK	201	eba6058c3b320fbdf528a553573fb8892ea3795e4790721eeab43259fa048638
a4241	GERCEK	198	3a92be83930a1e025b98a6951a16a05f78923ff0f5c3be989b3f6717300bc8a1
s1163	SATIRIK	195	950eb0074c0ab36d68fa0ea0deaf76080239728b52c39ae3b3378964f8279df5
a3150	GERCEK	197	7f87698ab472b97897251c965852172e67e892b5cd9c4ef9fcc455849c58f9fe
a4771	GERCEK	201	bf8a6b45cb5f655995d1f7801598ae26f662517fb335412c8d65fc9d0be9a026
a1402	GERCEK	198	bb99b8313945f0741fc5f86e221739875247cb4bc0429ea298df77080c72f5f7
s1625	SATIRIK	201	f8cf62979fb28b7607a326a097695704192407d83335c9940f9d5e275c57a35d
s0942	SATIRIK	200	2e89a06869d3ff6e92f2a77c6e600da3883fd67a11d1df6208f41e87c3f99e9f
s1127	SATIRIK	201	68ad812fa713b95e74c9717654c1ae3ab54f3a0c47f127e02bd7eff298540e2b
s1195	SATIRIK	198	ea104652c38af61763c1b0d5f63f45e676f2969d976c78a17a13f6252cad3b48
a3228	GERCEK	199	db1cbaef0019db12a0784d6e06374f3dfdf176131eed0f96f8a8c6016273190f
s0210	SATIRIK	198	bd22c17924f83e679ba6dcea63d2928ecf13dbe4fbad4280f763af812488ad71
s1342	SATIRIK	201	ba5e8b6af954b8a764d3bcad8e487696d8ce849ef98ef3d6a33a9bf3ad9bfb54
s1120	SATIRIK	192	eb00d8aeed236cef4f1afe28ff0b8f9505148a50fb6d0e9449c04fe789e5774c
s1898	SATIRIK	197	10fc1d9c8917f569f95bb034c3f0d27b8de2cd10bc1fc06a11c4aeeea23b372c
s0298	SATIRIK	199	2c4c327b55dd3b67a4b11bbf73a2c22ab2f7c42a1f2e4d2b39dfb2320a41bb61
s1758	SATIRIK	194	20597cf805aa3ad011ff46c9ca78f23c3aca9eb996aba0b09dc0b4b809a482c3
a1225	GERCEK	200	7100da9a94339a7a8bcfda4a870dfbcc538fdd558862f3021c82c788e86b4648
a4630	GERCEK	200	9ccf27fa5374f094043c1544537d7c72ced3d42f491ef03481372c6eb800618e
s1788	SATIRIK	198	e3f4ccdf09cd5543cec448362f1b264ab4e1e90527648b69a2356b34c9e4a1a2
a0841	GERCEK	199	c32c7223b3c98316da7d149e53e042247c56f8647ad28314c5c8741806c93d73
s1879	SATIRIK	198	201db6142324426cf174e72e21722be13f4fb02b283b012cadaf113af2841aec
a2849	GERCEK	199	c24dae2e3e3cc3c5edea7f9eb06a8ebad0058926e65c793460499bf249e62701
a4381	GERCEK	194	13f8c9dd78ee338d6dd25551ad0104e1a1ff2b67a8c4f9c1d4793cb857d40912
a1859	GERCEK	201	58a8bb335063a3f4d7949ad42135dafb2d065f1a38e14082f6c7b9747badd581
s2005	SATIRIK	197	75d0f7c341bd9af5a567c1038de38083f58cac45e129f50c7316008b93e05ea7
a2120	GERCEK	199	de46212883e8312aa5c54c5d91fc88ccd1cb7eae1fabfd12b3076f9ae6d6825f
s1655	SATIRIK	194	7440c8ca8c653261439e1670e41272816f11f2026ca26a91ea2ea41d5460c8ef
a2705	GERCEK	195	baeab61a03b79fe19120d072f344a4c25a62f900407d60257d1c40ea6d103184
s1809	SATIRIK	198	2aac80a55c158b08bc0f9219942431bf66c9b7828656f8303626aa4e420ac6ea
s1033	SATIRIK	196	d065a903fac105e802caafaa27b4d5f16513695a3e7aaf8df42ea6005d7c3169
s0015	SATIRIK	200	27a3f4cade6a3c0763fce4a649c5b46a22bdae290fcd3bd338b75346a5671a97
a3708	GERCEK	201	efbd51435e4eedfa56da4b50c22563b926dda7b56f1729e91c29ef8c1b7bd79e
s0484	SATIRIK	201	9b3bb4667cdb022fd00e4a5319029d9bbe11977e1c35f4f720fb62ac25ec87c9
s0551	SATIRIK	197	1804f70a6f62acec57b49bf60c9b1b0f2b524ad46a50cc24705e99d3b397a6c5
a3279	GERCEK	199	c335e27fa0feecbc153e92621a470e20a2d0f0f9e8faf426ea031210a66b7cc0
s2072	SATIRIK	196	d95e97762998934ec49b39c17cdc6fb08fe6b5b6584a6205b228105a1c481ce6
s1283	SATIRIK	198	2286262599eb9db1d7bf427d66552e1c4cda8f31ec8c7a5da5bd01c2b8859614
s0468	SATIRIK	193	92ff6cac021baf700733b8d3b3d6e80fb56b9d0ceb157f0a7c4afd0ad17c100e
a1988	GERCEK	197	705bdf5f17e6f3d822526777de1c19eaaf38f3a6c52c11affa479d00cbb02db1
s1310	SATIRIK	191	dc4272c9c55802599c377b60411d97afe13f60be086b47cbaef1f628feb70909
a3588	GERCEK	195	a83ad4d6a37bcf33cdec75e9a31c9f21a581ad6a293b7d70f2090f5153861c98
a2329	GERCEK	198	cf0a90401c832a488f7c09636310381af2d6c53ab3abbb1ebebcd06a2010fd88
s0291	SATIRIK	198	6a0bcd3c37eb7a8b7380161125d6bb55ec0c01d0a82a20ee294154121e7b6bbd
a3926	GERCEK	192	1ce8fde1aaaf1037e91b2e94bdd6730bdff133830d0bcadaa6f3d7fe0bba4678
s0110	SATIRIK	194	84152e8dc3affa2d4213e6fb874ca13d10f0334970dac46272a7d93e16e64e0a
a3189	GERCEK	198	723cc860538e68fdf78e75e4ddb570147d91ddbe442f7fa8ac90f81dcdbd11c5
s1595	SATIRIK	193	c2e93dff57cd329eada9f810ec257b73204ee932913b40bf5afc462a1cad4de1
a4533	GERCEK	193	3039d5cf36643b12d70edf7d8c2e9723fb207e619ca266c7927d915acfffe777
a2527	GERCEK	200	0e1d9bae15d9a1cae2c3ec92293e6c4894a35391c7ec1037213e387a14bdd628
s2032	SATIRIK	201	e0f7556a2dfb5451bec21b009c06d70e55966dac297c5bab0a5ea8408fe33380
a1443	GERCEK	198	39b2347d92ec7b7735f9a1a5f47354bfcfec39906bd9862c365c2be16ba42916
s0204	SATIRIK	195	a103555c52b6220ce590e99dbb410422f2fae1061e36026bcad449ef86ed891a
a3376	GERCEK	194	728bd852b2dbc913d53f3af46fff26ceb260faacf4f9a950d207d910d7ec5d44
s0640	SATIRIK	201	2007b66336961b69575725ef7ec69395e0fd029eaa63f78b5940f82fa8fe8f5c
a1251	GERCEK	193	aabd41f6b72b45e2802850ffae13aaa5001649f3684118362e935b71cf7b9f83
a2837	GERCEK	200	540c559e33f91fb24357f7ed67e2846a90f3ed45cb520e45595d7dcb980b288f
s1660	SATIRIK	196	8bea8d75e002405211c0a451b9654ea88ab12051627ab9618ed79a0738cf54cf
a4302	GERCEK	193	59e1433768b506afddd01d510e6f5af95ff462b6f975ba425883cb23f4c22eaa
a1361	GERCEK	197	c8da23bdbe9ff6a044478a24218e2b428d2c82eca1f570ab4852ee531054e1dd
a4169	GERCEK	197	cf0b66be4ff159cc6780e5b93830743e3b5d9f4e874e3933775f92b4a9efe943
s1348	SATIRIK	197	e4ef223860616969d7ed63c3197ce1e54c35a36f9517116d3d1b8b9d2cc3f5a7
a0177	GERCEK	196	292ba3a61a129823180b491e2c8e86e5d5aa799116e6394c9768e01bd1d237a9
s0368	SATIRIK	196	b0df7055ce088910d1bca9b337a8c59c165551fa4986f6269b91653d485d7a81
s2061	SATIRIK	199	5e4a71ab18a2d6a6f136049235601c158b966a23f4ea990948b16d8bce62ffb9
s1973	SATIRIK	196	d8e69ecc282c718eb7b0d04a7d212aa73953fb9d791d84a4c9a8b6fce92b5013
s0314	SATIRIK	201	c0198e794f55ac327ecdab16536bf570839f87a6b3009c8cb7a77e0a77ceb49a
a3904	GERCEK	201	e14553e86b28fdc77eb1dbc197f785b220009d952850b2b4acceb4a05affface
a1214	GERCEK	195	782cdabea768a91670babc10cbc6aaa552d664e9d7f5424faf18f0c36bb716ce
a4248	GERCEK	201	0020142989a4d1922b502070b9c93f681b7c95748a81db394e9b0a6e7cf4b8bb
a2771	GERCEK	191	ce3d7b898be1a75963641dec372e913eab5ffa73e328480932b227460c78bfe9
a3912	GERCEK	196	e5c52030fd3d62a947a451f6a7c117bf67a597ea1f3864c3800202c766ab0c58
s1795	SATIRIK	199	f7f9f3ec681a19ea781bdf52c09a19804393086e1a896768b415b7a330ffe261
s0270	SATIRIK	198	0314f1d26821cd57a294ffa9446d1d0c6084d1fce493170effb044e714010bc6
a0032	GERCEK	193	ff8323191da16307703b94bf2a6f90c90bbdb3ab6181f83e1cff817a7e8386f8
s1822	SATIRIK	200	b5da3bd2915aeac24fbc07cec25377449ae081fe85907fbc197342949c5563cb
a3684	GERCEK	199	fdc9e65ec8cc48263d496f41989bd7a05279d64cc3bafa9bb5145219883561ab
a3134	GERCEK	201	53bbeeac5fbccb777685657e83d67e08b69d0b41972e2a49307ba7a46c14756b
a2787	GERCEK	195	aa426d0af521d1018c262fb576b1f0014e9b50c61b2d22000d8cb143033e8106
a4595	GERCEK	199	9fce5e4ea31572e23b7097a61a432e7f65377bb2904d495799ee4b72f9c537f4
a3575	GERCEK	201	5ad9dc6e210a0b630f26abf095200db8bdda0dab8a97ba4113c2cbb558e2d42a
a4354	GERCEK	189	f4d90309a98d657f9e70fc1683c12015d8e8aba1378989cde54b1553aea158df
a0643	GERCEK	193	e08eab33e1b6317dc59ca3efc51706a8423951f79853cc01bd0e09e3dff72321
s0105	SATIRIK	200	069453a535748498ffa7aca3584f3815d7a2c6aee322501e44ac3fa001dd747e
a3633	GERCEK	191	5b4ff539b71c9925a20961411ef169b6f973a5bb18144f70bef3257fda69954f
s0196	SATIRIK	195	e06dcc8f65ae6e4f09e18d4185d630f37adf2728380f9ecd0aa5f9a7a4d5c356
a4184	GERCEK	197	7cb63256c612729dbe5661c7b4ec9625c7f03c36cf2faa51f2d7769f093a84fb
a1626	GERCEK	197	2f39381933b6e15f0798c25eb9dbb649d8d59c9580423a4cde0e9b9690c7271c
s0424	SATIRIK	198	c44a592c70c20fb7b2c93d2d8e90fd681e300a3ed11066986f0f48e446ccfb20
s1716	SATIRIK	197	56fa029790a5519beb86d280536ca917c691405ce12461b1fbdd6204e0f89f75
s1984	SATIRIK	194	96d43d2a2b1290c316f28fe8bb6b4bfcc91bd294afa3b402aad3abc814fb63be
a3400	GERCEK	201	c4bddce7dd0d747ff4b241669cb0ad382b949bd70f5cbdc313a0e02e4242963e
a2695	GERCEK	201	536e46500d424f0b40a3e952aa3e08ea834a591819a6e2c4c43477dba9405f87
s1362	SATIRIK	198	c7dc0cd6b88a36731f344d347179770f33384a3c4cb7e39ee5ad75e93a721ba7
a0647	GERCEK	198	9f5dd7ce0a3978f5913d78e138c778fa6a9f4a0465a0d461ba0149648dcf07b3
s0927	SATIRIK	197	164ef08480d38a61329aa970a49cf356f592ca75bf93ab7a8f93cb3faa9f32da
a3586	GERCEK	193	a83b12e1dd049a70d228f37fce28b92a26feffb96966e65ad7381d5db43a93cf
s0515	SATIRIK	199	3133a5bea58e3275e23b0bdbe0662ca7f3f1102d98ae01bc345b27e74e16dc3c
s1561	SATIRIK	197	6aa944ae01c98f89daf63b6cb08de9b1e9e059df653ada61454d105958e0b25e
a4127	GERCEK	198	cec2c96c14ad1472ccb10f049e26953b1a23af4bcb25c0765513e0a62e9250ee
